[01:01:07] Ingest BTC: Last=65354.0 Bid=65399.0 Ask=65433.0
[01:01:07] Ingest BTC.PERP: Last=65394.5 Bid=65394.5 Ask=65395.0
[01:01:07] Ingest BTC.PERP: Last=65394.5 Bid=65394.5 Ask=65395.0
[01:01:07] Ingest BTC: Last=65354.0 Bid=65399.0 Ask=65434.0
[01:01:07] Ingest BTC.PERP: Last=65395.0 Bid=65394.5 Ask=65395.0
[01:01:07] Ingest BTC: Last=65354.0 Bid=65401.0 Ask=65434.0
[01:01:07] Ingest BTC.PERP: Last=65395.0 Bid=65394.5 Ask=65395.0
[01:01:07] Ingest BTC: Last=65354.0 Bid=65401.0 Ask=65433.0
[01:01:08] Ingest BTC.PERP: Last=65395.0 Bid=65394.5 Ask=65395.0
[01:01:08] Ingest BTC: Last=65354.0 Bid=65401.0 Ask=65433.0
[01:01:08] Ingest BTC.PERP: Last=65395.0 Bid=65394.5 Ask=65395.0
[01:01:08] Ingest BTC: Last=65354.0 Bid=65401.0 Ask=65433.0
[01:01:08] Ingest BTC-6MAR26-66000-C: Last=0.032 Bid=0.032 Ask=0.033
[01:01:08] Ingest BTC-6MAR26-65000-P: Last=0.0355 Bid=0.035 Ask=0.0355
[01:01:08] Ingest BTC.PERP: Last=65395.0 Bid=65394.5 Ask=65395.0
[01:01:09] Ingest BTC.PERP: Last=65395.0 Bid=65394.5 Ask=65395.0
[01:01:09] Ingest BTC: Last=65354.0 Bid=65401.0 Ask=65433.0
[01:01:09] Ingest BTC.PERP: Last=65395.0 Bid=65394.5 Ask=65395.0
[01:01:09] Ingest BTC.PERP: Last=65395.0 Bid=65394.5 Ask=65395.0
[01:01:09] Ingest BTC: Last=65354.0 Bid=65401.0 Ask=65434.0
[01:01:10] Ingest BTC-6MAR26-66000-C: Last=0.032 Bid=0.032 Ask=0.033
[01:01:10] Ingest BTC.PERP: Last=65395.0 Bid=65394.5 Ask=65395.0
[01:01:10] Ingest BTC: Last=65354.0 Bid=65401.0 Ask=65434.0
[01:01:10] Ingest BTC.PERP: Last=65395.0 Bid=65394.5 Ask=65395.0
[01:01:10] Ingest BTC.PERP: Last=65395.0 Bid=65394.5 Ask=65395.0
[01:01:11] Ingest BTC.PERP: Last=65395.0 Bid=65394.5 Ask=65395.0
[01:01:11] Ingest BTC: Last=65354.0 Bid=65401.0 Ask=65434.0
[01:01:11] Ingest BTC.PERP: Last=65395.0 Bid=65394.5 Ask=65395.0
[01:01:11] Ingest BTC.PERP: Last=65394.5 Bid=65394.5 Ask=65395.0
[01:01:11] Ingest BTC: Last=65354.0 Bid=65403.0 Ask=65434.0
[01:01:12] Ingest BTC-6MAR26-66000-C: Last=0.032 Bid=0.032 Ask=0.033
[01:01:12] Ingest BTC.PERP: Last=65394.5 Bid=65394.5 Ask=65395.0
[01:01:12] Ingest BTC: Last=65354.0 Bid=65404.0 Ask=65446.0
[01:01:12] Ingest BTC-6MAR26-65000-P: Last=0.0355 Bid=0.035 Ask=0.0355
[01:01:12] Ingest BTC.PERP: Last=65395.0 Bid=65394.5 Ask=65395.0
[01:01:12] Ingest BTC: Last=65354.0 Bid=65404.0 Ask=65446.0
[01:01:12] Ingest BTC-6MAR26-66000-C: Last=0.032 Bid=0.032 Ask=0.033
[01:01:12] Ingest BTC.PERP: Last=65395.0 Bid=65406.0 Ask=65406.5
[01:01:12] Ingest BTC: Last=65354.0 Bid=65404.0 Ask=65446.0
[01:01:13] Ingest BTC-6MAR26-65000-P: Last=0.0355 Bid=0.0345 Ask=0.0355
[01:01:13] Ingest BTC.PERP: Last=65395.0 Bid=65406.0 Ask=65406.5
[01:01:13] Ingest BTC: Last=65354.0 Bid=65405.0 Ask=65444.0
[01:01:13] Ingest BTC.PERP: Last=65395.0 Bid=65406.0 Ask=65406.5
[01:01:13] Ingest BTC-6MAR26-65000-P: Last=0.0355 Bid=0.0345 Ask=0.0355
[01:01:13] Ingest BTC.PERP: Last=65395.0 Bid=65406.0 Ask=65406.5
[01:01:14] Ingest BTC.PERP: Last=65395.0 Bid=65406.0 Ask=65406.5
[01:01:14] Ingest BTC: Last=65354.0 Bid=65405.0 Ask=65444.0
[01:01:14] Ingest BTC-6MAR26-65000-P: Last=0.0355 Bid=0.0345 Ask=0.0355
[01:01:14] Ingest BTC.PERP: Last=65395.0 Bid=65406.0 Ask=65406.5
[01:01:14] Ingest BTC: Last=65354.0 Bid=65405.0 Ask=65445.0
[01:01:14] Ingest BTC.PERP: Last=65395.0 Bid=65406.0 Ask=65406.5
[01:01:15] Ingest BTC.PERP: Last=65395.0 Bid=65406.0 Ask=65406.5
[01:01:15] Ingest BTC: Last=65354.0 Bid=65405.0 Ask=65445.0
[01:01:15] Ingest BTC.PERP: Last=65395.0 Bid=65406.0 Ask=65406.5
[01:01:15] Ingest BTC-6MAR26-66000-C: Last=0.032 Bid=0.032 Ask=0.033
[01:01:15] Ingest BTC.PERP: Last=65406.0 Bid=65406.0 Ask=65406.5
[01:01:15] Ingest BTC-6MAR26-65000-P: Last=0.0355 Bid=0.0345 Ask=0.0355
[01:01:15] Ingest BTC: Last=65354.0 Bid=65405.0 Ask=65440.0
[01:01:16] Ingest BTC.PERP: Last=65406.0 Bid=65406.0 Ask=65406.5
[01:01:16] Ingest BTC-6MAR26-66000-C: Last=0.032 Bid=0.032 Ask=0.033
[01:01:16] Ingest BTC: Last=65354.0 Bid=65405.0 Ask=65445.0
[01:01:16] Ingest BTC.PERP: Last=65406.0 Bid=65406.0 Ask=65406.5
[01:01:16] Ingest BTC-6MAR26-65000-P: Last=0.0355 Bid=0.035 Ask=0.0355
[01:01:16] Ingest BTC: Last=65354.0 Bid=65406.0 Ask=65441.0
[01:01:16] Ingest BTC.PERP: Last=65406.0 Bid=65406.0 Ask=65406.5
[01:01:16] Ingest BTC-6MAR26-65000-P: Last=0.0355 Bid=0.035 Ask=0.0355
[01:01:16] Ingest BTC: Last=65354.0 Bid=65384.0 Ask=65433.0
[01:01:17] Ingest BTC.PERP: Last=65406.0 Bid=65406.0 Ask=65406.5
[01:01:17] Ingest BTC-6MAR26-66000-C: Last=0.032 Bid=0.032 Ask=0.033
[01:01:17] Ingest BTC-6MAR26-65000-P: Last=0.0355 Bid=0.035 Ask=0.0355
[01:01:17] Ingest BTC: Last=65354.0 Bid=65384.0 Ask=65433.0
[01:01:17] Ingest BTC.PERP: Last=65406.0 Bid=65406.0 Ask=65406.5
[01:01:17] Ingest BTC: Last=65354.0 Bid=65385.0 Ask=65429.0
[01:01:17] Ingest BTC.PERP: Last=65406.0 Bid=65406.0 Ask=65406.5
[01:01:17] Ingest BTC: Last=65354.0 Bid=65393.0 Ask=65438.0
[01:01:18] Ingest BTC.PERP: Last=65406.0 Bid=65406.0 Ask=65406.5
[01:01:18] Ingest BTC: Last=65354.0 Bid=65393.0 Ask=65438.0
[01:01:18] Ingest BTC.PERP: Last=65406.0 Bid=65406.0 Ask=65406.5
[01:01:18] Ingest BTC: Last=65354.0 Bid=65394.0 Ask=65437.0
[01:01:18] Ingest BTC.PERP: Last=65406.0 Bid=65406.0 Ask=65406.5
[01:01:18] Ingest BTC-6MAR26-66000-C: Last=0.032 Bid=0.032 Ask=0.033
[01:01:18] Ingest BTC: Last=65354.0 Bid=65394.0 Ask=65437.0
[01:01:19] Ingest BTC.PERP: Last=65406.0 Bid=65406.0 Ask=65406.5
[01:01:19] Ingest BTC-6MAR26-66000-C: Last=0.032 Bid=0.032 Ask=0.033
[01:01:19] Ingest BTC: Last=65354.0 Bid=65395.0 Ask=65437.0
[01:01:19] Ingest BTC.PERP: Last=65406.0 Bid=65406.0 Ask=65406.5
[01:01:19] Ingest BTC.PERP: Last=65406.0 Bid=65406.0 Ask=65406.5
[01:01:19] Ingest BTC-6MAR26-65000-P: Last=0.0355 Bid=0.035 Ask=0.0355
[01:01:19] Ingest BTC: Last=65354.0 Bid=65394.0 Ask=65437.0
[01:01:20] Ingest BTC.PERP: Last=65406.0 Bid=65406.0 Ask=65406.5
[01:01:20] Ingest BTC: Last=65354.0 Bid=65394.0 Ask=65437.0
[01:01:20] Ingest BTC.PERP: Last=65406.0 Bid=65406.0 Ask=65406.5
[01:01:20] Ingest BTC: Last=65354.0 Bid=65394.0 Ask=65437.0
[01:01:20] Ingest BTC.PERP: Last=65406.0 Bid=65406.0 Ask=65406.5
[01:01:21] Ingest BTC.PERP: Last=65406.0 Bid=65406.0 Ask=65406.5
[01:01:21] Ingest BTC: Last=65354.0 Bid=65394.0 Ask=65438.0
[01:01:21] Ingest BTC.PERP: Last=65406.0 Bid=65406.0 Ask=65406.5
[01:01:21] Ingest BTC: Last=65354.0 Bid=65396.0 Ask=65437.0
[01:01:21] Ingest BTC.PERP: Last=65406.0 Bid=65406.0 Ask=65406.5
[01:01:22] Ingest BTC.PERP: Last=65406.0 Bid=65406.0 Ask=65406.5
[01:01:22] Ingest BTC: Last=65354.0 Bid=65396.0 Ask=65437.0
[01:01:22] Ingest BTC-6MAR26-66000-C: Last=0.032 Bid=0.032 Ask=0.033
[01:01:22] Ingest BTC.PERP: Last=65406.0 Bid=65406.0 Ask=65406.5
[01:01:22] Ingest BTC.PERP: Last=65406.0 Bid=65406.0 Ask=65406.5
[01:01:22] Ingest BTC: Last=65354.0 Bid=65396.0 Ask=65434.0
[01:01:23] Ingest BTC.PERP: Last=65406.0 Bid=65406.0 Ask=65406.5
[01:01:23] Ingest BTC: Last=65354.0 Bid=65395.0 Ask=65434.0
[01:01:23] Ingest BTC.PERP: Last=65406.0 Bid=65406.0 Ask=65406.5
[01:01:23] Ingest BTC: Last=65354.0 Bid=65396.0 Ask=65430.0
[01:01:23] Ingest BTC.PERP: Last=65406.0 Bid=65406.0 Ask=65406.5
[01:01:23] Ingest BTC: Last=65354.0 Bid=65396.0 Ask=65432.0
[01:01:24] Ingest BTC.PERP: Last=65406.0 Bid=65406.0 Ask=65406.5
[01:01:24] Ingest BTC: Last=65354.0 Bid=65396.0 Ask=65432.0
[01:01:24] Ingest BTC-6MAR26-65000-P: Last=0.0355 Bid=0.035 Ask=0.0355
[01:01:24] Ingest BTC.PERP: Last=65406.0 Bid=65406.0 Ask=65406.5
[01:01:24] Ingest BTC: Last=65354.0 Bid=65396.0 Ask=65430.0
[01:01:24] Ingest BTC.PERP: Last=65406.0 Bid=65406.0 Ask=65406.5
[01:01:24] Ingest BTC: Last=65354.0 Bid=65396.0 Ask=65428.0
[01:01:25] Ingest BTC.PERP: Last=65406.0 Bid=65406.0 Ask=65406.5
[01:01:25] Ingest BTC: Last=65354.0 Bid=65396.0 Ask=65433.0
[01:01:25] Ingest BTC.PERP: Last=65406.0 Bid=65406.0 Ask=65406.5
[01:01:25] Ingest BTC.PERP: Last=65406.0 Bid=65406.0 Ask=65406.5
[01:01:26] Ingest BTC.PERP: Last=65406.0 Bid=65406.0 Ask=65406.5
[01:01:26] [Bloomberg] Subscription Status: CID: {[ valueType=INT classId=0 internalClassId=0 value=1 ]}
RequestId: 2aa84b10-35a0-44b8-0000-804ba8c00600
SubscriptionStarted = {
    exceptions[] = {
    }
    streamIds[] = {
        "1"
    }
    receivedFrom = {
        address = "localhost:8194"
    }
    reason = "Subscriber made a subscription"
}

[01:01:26] [Bloomberg] Subscription Status: CID: {[ valueType=INT classId=0 internalClassId=0 value=1 ]}
RequestId: bda8d510-35a6-44b8-0000-804ba8c00600
SubscriptionStreamsActivated = {
    streams[] = {
        streams = {
            id = "1"
            endpoint = {
                address = "localhost:8194"
                serverId = "bbcomm-Galaxy-Clive-5324899"
            }
        }
    }
    reason = "Subscriber made a subscription"
}

[01:01:26] Ingest BTC: Last=65354.0 Bid=65396.0 Ask=65433.0
[01:01:26] Ingest BTC.PERP: Last=65405.5 Bid=65395.5 Ask=65396.0
[01:01:26] Ingest SPY: Last=682.18 Bid=682.18 Ask=682.19
[01:01:26] Ingest SPY: Last=682.18 Bid=682.18 Ask=682.19
[01:01:26] Ingest SPY: Last=682.18 Bid=682.18 Ask=682.19
[01:01:26] Ingest BTC: Last=65354.0 Bid=65396.0 Ask=65429.0
[01:01:26] Ingest BTC-6MAR26-66000-C: Last=0.032 Bid=0.032 Ask=0.033
[01:01:26] Ingest BTC-6MAR26-65000-P: Last=0.0355 Bid=0.035 Ask=0.0355
[01:01:26] Ingest BTC.PERP: Last=65405.5 Bid=65395.5 Ask=65396.0
[01:01:26] Ingest BTC: Last=65354.0 Bid=65396.0 Ask=65424.0
[01:01:26] Ingest SPY: Last=682.19 Bid=None Ask=None
[01:01:26] Ingest SPY: Last=682.19 Bid=None Ask=None
[01:01:26] Ingest SPY: Last=682.185 Bid=None Ask=None
[01:01:26] Ingest SPY: Last=682.19 Bid=None Ask=None
[01:01:26] Ingest SPY: Last=682.19 Bid=None Ask=None
[01:01:26] Ingest SPY: Last=682.19 Bid=None Ask=None
[01:01:26] Ingest SPY: Last=682.19 Bid=None Ask=None
[01:01:26] Ingest SPY: Last=682.19 Bid=None Ask=None
[01:01:26] Ingest SPY: Last=682.18 Bid=None Ask=None
[01:01:26] Ingest SPY: Last=682.18 Bid=None Ask=None
[01:01:26] Ingest SPY: Last=682.18 Bid=None Ask=None
[01:01:26] Ingest SPY: Last=682.175 Bid=None Ask=None
[01:01:26] Ingest SPY: Last=682.17 Bid=None Ask=None
[01:01:26] Ingest SPY: Last=682.165 Bid=None Ask=None
[01:01:26] Ingest SPY: Last=682.17 Bid=None Ask=None
[01:01:26] Ingest SPY: Last=682.17 Bid=None Ask=None
[01:01:26] Ingest SPY: Last=682.16 Bid=None Ask=None
[01:01:26] Ingest SPY: Last=682.16 Bid=None Ask=None
[01:01:26] Ingest SPY: Last=682.16 Bid=None Ask=None
[01:01:26] Ingest SPY: Last=682.16 Bid=None Ask=None
[01:01:27] Ingest BTC.PERP: Last=65405.5 Bid=65395.5 Ask=65396.0
[01:01:27] Ingest SPY: Last=682.14 Bid=None Ask=None
[01:01:27] Ingest SPY: Last=682.14 Bid=None Ask=None
[01:01:27] Ingest SPY: Last=682.14 Bid=None Ask=None
[01:01:27] Ingest SPY: Last=682.145 Bid=None Ask=None
[01:01:27] Ingest SPY: Last=682.14 Bid=None Ask=None
[01:01:27] Ingest SPY: Last=682.145 Bid=None Ask=None
[01:01:27] Ingest SPY: Last=682.15 Bid=None Ask=None
[01:01:27] Ingest SPY: Last=682.15 Bid=None Ask=None
[01:01:27] Ingest SPY: Last=682.15 Bid=None Ask=None
[01:01:27] Ingest SPY: Last=682.15 Bid=None Ask=None
[01:01:27] Ingest SPY: Last=682.15 Bid=None Ask=None
[01:01:27] Ingest SPY: Last=682.15 Bid=None Ask=None
[01:01:27] Ingest SPY: Last=682.15 Bid=None Ask=None
[01:01:27] Ingest SPY: Last=682.15 Bid=None Ask=None
[01:01:27] Ingest SPY: Last=682.15 Bid=None Ask=None
[01:01:27] Ingest SPY: Last=682.155 Bid=None Ask=None
[01:01:27] Ingest BTC: Last=65354.0 Bid=65396.0 Ask=65425.0
[01:01:27] Ingest SPY: Last=None Bid=682.15 Ask=None
[01:01:27] Ingest SPY: Last=None Bid=None Ask=682.16
[01:01:27] Ingest BTC-6MAR26-66000-C: Last=0.032 Bid=0.032 Ask=0.033
[01:01:27] Ingest BTC.PERP: Last=65405.5 Bid=65395.5 Ask=65396.0
[01:01:27] Ingest BTC: Last=65354.0 Bid=65396.0 Ask=65429.0
[01:01:27] Ingest BTC.PERP: Last=65395.5 Bid=65395.5 Ask=65396.0
[01:01:27] Ingest BTC: Last=65354.0 Bid=65396.0 Ask=65431.0
[01:01:28] Ingest BTC.PERP: Last=65395.5 Bid=65395.5 Ask=65396.0
[01:01:28] Ingest SPY: Last=682.15 Bid=None Ask=None
[01:01:28] Ingest SPY: Last=682.15 Bid=None Ask=None
[01:01:28] Ingest SPY: Last=682.15 Bid=None Ask=None
[01:01:28] Ingest SPY: Last=682.16 Bid=None Ask=None
[01:01:28] Ingest SPY: Last=682.17 Bid=None Ask=None
[01:01:28] Ingest SPY: Last=682.165 Bid=None Ask=None
[01:01:28] Ingest SPY: Last=682.17 Bid=None Ask=None
[01:01:28] Ingest SPY: Last=682.165 Bid=None Ask=None
[01:01:28] Ingest SPY: Last=682.17 Bid=None Ask=None
[01:01:28] Ingest SPY: Last=682.165 Bid=None Ask=None
[01:01:28] Ingest SPY: Last=682.17 Bid=None Ask=None
[01:01:28] Ingest SPY: Last=682.17 Bid=None Ask=None
[01:01:28] Ingest SPY: Last=682.17 Bid=None Ask=None
[01:01:28] Ingest SPY: Last=682.165 Bid=None Ask=None
[01:01:28] Ingest SPY: Last=682.17 Bid=None Ask=None
[01:01:28] Ingest SPY: Last=682.175 Bid=None Ask=None
[01:01:28] Ingest SPY: Last=682.165 Bid=None Ask=None
[01:01:28] Ingest SPY: Last=682.17 Bid=None Ask=None
[01:01:28] Ingest BTC: Last=65354.0 Bid=65396.0 Ask=65427.0
[01:01:28] Ingest SPY: Last=682.165 Bid=None Ask=None
[01:01:28] Ingest SPY: Last=682.165 Bid=None Ask=None
[01:01:28] Ingest SPY: Last=682.165 Bid=None Ask=None
[01:01:28] Ingest SPY: Last=682.17 Bid=None Ask=None
[01:01:28] Ingest SPY: Last=682.165 Bid=None Ask=None
[01:01:28] Ingest SPY: Last=682.165 Bid=None Ask=None
[01:01:28] Ingest SPY: Last=682.165 Bid=None Ask=None
[01:01:28] Ingest SPY: Last=682.16 Bid=None Ask=None
[01:01:28] Ingest SPY: Last=682.16 Bid=None Ask=None
[01:01:28] Ingest SPY: Last=682.16 Bid=None Ask=None
[01:01:28] Ingest SPY: Last=682.16 Bid=None Ask=None
[01:01:28] Ingest SPY: Last=682.16 Bid=None Ask=None
[01:01:28] Ingest SPY: Last=682.16 Bid=None Ask=None
[01:01:28] Ingest SPY: Last=682.15 Bid=None Ask=None
[01:01:28] Ingest SPY: Last=682.15 Bid=None Ask=None
[01:01:28] Ingest SPY: Last=682.16 Bid=None Ask=None
[01:01:28] Ingest SPY: Last=682.16 Bid=None Ask=None
[01:01:28] Ingest SPY: Last=682.15 Bid=None Ask=None
[01:01:28] Ingest SPY: Last=682.15 Bid=None Ask=None
[01:01:28] Ingest SPY: Last=682.15 Bid=None Ask=None
[01:01:28] Ingest SPY: Last=682.15 Bid=None Ask=None
[01:01:28] Ingest SPY: Last=682.15 Bid=None Ask=None
[01:01:28] Ingest SPY: Last=682.15 Bid=None Ask=None
[01:01:28] Ingest SPY: Last=682.15 Bid=None Ask=None
[01:01:28] Ingest SPY: Last=682.15 Bid=None Ask=None
[01:01:28] [Bloomberg] Subscription Status: CID: {[ valueType=INT classId=0 internalClassId=0 value=2 ]}
RequestId: e2a8f010-35be-44b8-0000-804ba8c00600
SubscriptionStarted = {
    exceptions[] = {
    }
    streamIds[] = {
        "2"
    }
    receivedFrom = {
        address = "localhost:8194"
    }
    reason = "Subscriber made a subscription"
}

[01:01:28] [Bloomberg] Subscription Status: CID: {[ valueType=INT classId=0 internalClassId=0 value=3 ]}
RequestId: e2a8f010-35be-44b8-0000-804ba8c00600
SubscriptionStarted = {
    exceptions[] = {
    }
    streamIds[] = {
        "3"
    }
    receivedFrom = {
        address = "localhost:8194"
    }
    reason = "Subscriber made a subscription"
}

[01:01:28] [Bloomberg] Subscription Status: CID: {[ valueType=INT classId=0 internalClassId=0 value=3 ]}
RequestId: e3a80410-35c6-44b8-0000-804ba8c00600
SubscriptionStreamsActivated = {
    streams[] = {
        streams = {
            id = "3"
            endpoint = {
                address = "localhost:8194"
                serverId = "bbcomm-Galaxy-Clive-5324899"
            }
        }
    }
    reason = "Subscriber made a subscription"
}

[01:01:28] [Bloomberg] Subscription Status: CID: {[ valueType=INT classId=0 internalClassId=0 value=2 ]}
RequestId: e3a80410-35c6-44b8-0000-804ba8c00600
SubscriptionStreamsActivated = {
    streams[] = {
        streams = {
            id = "2"
            endpoint = {
                address = "localhost:8194"
                serverId = "bbcomm-Galaxy-Clive-5324899"
            }
        }
    }
    reason = "Subscriber made a subscription"
}

[01:01:28] Ingest SPY: Last=682.14 Bid=None Ask=None
[01:01:28] Ingest SPY: Last=682.14 Bid=None Ask=None
[01:01:28] Ingest SPY: Last=682.14 Bid=None Ask=None
[01:01:28] Ingest SPY: Last=682.14 Bid=None Ask=None
[01:01:28] Ingest SPY: Last=682.17 Bid=None Ask=None
[01:01:28] Ingest SPY: Last=682.15 Bid=None Ask=None
[01:01:28] Ingest SPY: Last=682.155 Bid=None Ask=None
[01:01:28] Ingest SPY: Last=682.16 Bid=None Ask=None
[01:01:28] Ingest BTC-6MAR26-66000-C: Last=0.032 Bid=0.032 Ask=0.033
[01:01:28] Ingest SPY: Last=682.16 Bid=None Ask=None
[01:01:28] Ingest SPY: Last=682.17 Bid=None Ask=None
[01:01:28] Ingest SPY: Last=682.17 Bid=None Ask=None
[01:01:28] Ingest SPY: Last=682.165 Bid=None Ask=None
[01:01:28] Ingest SPY: Last=682.17 Bid=None Ask=None
[01:01:28] Ingest BTC.PERP: Last=65395.5 Bid=65395.5 Ask=65396.0
[01:01:28] Ingest SPY: Last=None Bid=None Ask=682.19
[01:01:28] Ingest SPY: Last=None Bid=682.18 Ask=None
[01:01:28] Ingest BTC: Last=65354.0 Bid=65396.0 Ask=65427.0
[01:01:28] Ingest BTC-6MAR26-66000-C: Last=0.032 Bid=0.032 Ask=0.033
[01:01:28] Ingest BTC.PERP: Last=65395.5 Bid=65395.5 Ask=65396.0
[01:01:28] Ingest SPY-20MAR26-682-P: Last=12.46 Bid=12.53 Ask=12.55
[01:01:28] Ingest SPY-20MAR26-683-C: Last=13.05 Bid=12.98 Ask=13.02
[01:01:28] Ingest BTC: Last=65354.0 Bid=65396.0 Ask=65423.0
[01:01:28] Ingest BTC-6MAR26-66000-C: Last=0.032 Bid=0.032 Ask=0.033
[01:01:28] Ingest BTC.PERP: Last=65395.5 Bid=65395.5 Ask=65396.0
[01:01:29] Ingest BTC: Last=65354.0 Bid=65396.0 Ask=65426.0
[01:01:29] Ingest BTC.PERP: Last=65395.5 Bid=65395.5 Ask=65396.0
[01:01:29] Ingest SPY: Last=682.18 Bid=None Ask=None
[01:01:29] Ingest SPY: Last=682.18 Bid=None Ask=None
[01:01:29] Ingest SPY: Last=682.18 Bid=None Ask=None
[01:01:29] Ingest SPY: Last=682.18 Bid=None Ask=None
[01:01:29] Ingest SPY: Last=682.17 Bid=None Ask=None
[01:01:29] Ingest SPY: Last=682.17 Bid=None Ask=None
[01:01:29] Ingest SPY: Last=682.18 Bid=None Ask=None
[01:01:29] Ingest SPY: Last=682.175 Bid=None Ask=None
[01:01:29] Ingest SPY: Last=682.175 Bid=None Ask=None
[01:01:29] Ingest SPY: Last=682.17 Bid=None Ask=None
[01:01:29] Ingest SPY: Last=682.175 Bid=None Ask=None
[01:01:29] Ingest SPY: Last=682.17 Bid=None Ask=None
[01:01:29] Ingest SPY: Last=682.17 Bid=None Ask=None
[01:01:29] Ingest SPY: Last=682.17 Bid=None Ask=None
[01:01:29] Ingest SPY: Last=682.17 Bid=None Ask=None
[01:01:29] Ingest SPY: Last=682.17 Bid=None Ask=None
[01:01:29] Ingest SPY: Last=682.17 Bid=None Ask=None
[01:01:29] Ingest SPY: Last=682.175 Bid=None Ask=None
[01:01:29] Ingest SPY: Last=682.17 Bid=None Ask=None
[01:01:29] Ingest SPY: Last=682.17 Bid=None Ask=None
[01:01:29] Ingest SPY: Last=682.17 Bid=None Ask=None
[01:01:29] Ingest SPY: Last=682.17 Bid=None Ask=None
[01:01:29] Ingest SPY: Last=682.175 Bid=None Ask=None
[01:01:29] Ingest SPY: Last=682.17 Bid=None Ask=None
[01:01:29] Ingest SPY: Last=682.17 Bid=None Ask=None
[01:01:29] Ingest SPY: Last=682.17 Bid=None Ask=None
[01:01:29] Ingest BTC: Last=65354.0 Bid=65396.0 Ask=65430.0
[01:01:29] Ingest SPY: Last=682.18 Bid=None Ask=None
[01:01:29] Ingest SPY: Last=682.18 Bid=None Ask=None
[01:01:29] Ingest SPY-20MAR26-683-C: Last=None Bid=None Ask=13.02
[01:01:29] Ingest SPY-20MAR26-683-C: Last=None Bid=12.98 Ask=None
[01:01:29] Ingest BTC.PERP: Last=65395.5 Bid=65395.5 Ask=65396.0
[01:01:29] Ingest SPY: Last=None Bid=682.17 Ask=None
[01:01:29] Ingest SPY: Last=None Bid=None Ask=682.18
[01:01:29] [Bloomberg] Subscription Status: CID: {[ valueType=INT classId=0 internalClassId=0 value=4 ]}
RequestId: b8a8af10-35da-44b8-0000-804ba8c00600
SubscriptionStarted = {
    exceptions[] = {
    }
    streamIds[] = {
        "4"
    }
    receivedFrom = {
        address = "localhost:8194"
    }
    reason = "Subscriber made a subscription"
}

[01:01:29] Ingest BTC.PERP: Last=65395.5 Bid=65395.5 Ask=65396.0
[01:01:29] Ingest SPY-20MAR26-682-P: Last=None Bid=None Ask=12.55
[01:01:29] Ingest SPY-20MAR26-682-P: Last=None Bid=12.53 Ask=None
[01:01:29] [Bloomberg] Subscription Status: CID: {[ valueType=INT classId=0 internalClassId=0 value=4 ]}
RequestId: a8a80210-35e1-44b8-0000-804ba8c00600
SubscriptionStreamsActivated = {
    streams[] = {
        streams = {
            id = "4"
            endpoint = {
                address = "localhost:8194"
                serverId = "bbcomm-Galaxy-Clive-5324899"
            }
        }
    }
    reason = "Subscriber made a subscription"
}

[01:01:30] Ingest BTC: Last=65354.0 Bid=65396.0 Ask=65423.0
[01:01:30] Ingest QQQ: Last=601.145 Bid=None Ask=None
[01:01:30] Ingest QQQ: Last=601.145 Bid=None Ask=None
[01:01:30] Ingest QQQ: Last=601.145 Bid=601.14 Ask=601.15
[01:01:30] Ingest BTC-6MAR26-66000-C: Last=0.032 Bid=0.032 Ask=0.033
[01:01:30] Ingest BTC.PERP: Last=65395.5 Bid=65395.5 Ask=65396.0
[01:01:30] Ingest QQQ: Last=601.145 Bid=None Ask=None
[01:01:30] Ingest QQQ: Last=601.145 Bid=None Ask=None
[01:01:30] Ingest BTC: Last=65354.0 Bid=65396.0 Ask=65422.0
[01:01:30] Ingest QQQ: Last=601.17 Bid=None Ask=None
[01:01:30] Ingest QQQ: Last=601.17 Bid=None Ask=None
[01:01:30] Ingest QQQ: Last=601.17 Bid=None Ask=None
[01:01:30] Ingest QQQ: Last=601.17 Bid=None Ask=None
[01:01:30] Ingest QQQ: Last=601.17 Bid=None Ask=None
[01:01:30] Ingest QQQ: Last=601.17 Bid=None Ask=None
[01:01:30] Ingest QQQ: Last=601.18 Bid=None Ask=None
[01:01:30] Ingest QQQ: Last=601.18 Bid=None Ask=None
[01:01:30] Ingest QQQ: Last=601.18 Bid=None Ask=None
[01:01:30] Ingest SPY: Last=682.175 Bid=None Ask=None
[01:01:30] Ingest SPY: Last=682.18 Bid=None Ask=None
[01:01:30] Ingest SPY: Last=682.18 Bid=None Ask=None
[01:01:30] Ingest SPY: Last=682.18 Bid=None Ask=None
[01:01:30] Ingest SPY: Last=682.18 Bid=None Ask=None
[01:01:30] Ingest SPY: Last=682.18 Bid=None Ask=None
[01:01:30] Ingest SPY: Last=682.18 Bid=None Ask=None
[01:01:30] Ingest SPY: Last=682.18 Bid=None Ask=None
[01:01:30] Ingest QQQ: Last=601.18 Bid=None Ask=None
[01:01:30] Ingest QQQ: Last=601.2 Bid=None Ask=None
[01:01:30] Ingest QQQ: Last=601.21 Bid=None Ask=None
[01:01:30] Ingest QQQ: Last=601.21 Bid=None Ask=None
[01:01:30] Ingest QQQ: Last=601.21 Bid=None Ask=None
[01:01:30] Ingest QQQ: Last=601.21 Bid=None Ask=None
[01:01:30] Ingest QQQ: Last=601.21 Bid=None Ask=None
[01:01:30] Ingest QQQ: Last=601.205 Bid=None Ask=None
[01:01:30] Ingest QQQ: Last=601.21 Bid=None Ask=None
[01:01:30] Ingest QQQ: Last=601.21 Bid=None Ask=None
[01:01:30] Ingest QQQ: Last=601.21 Bid=None Ask=None
[01:01:30] Ingest QQQ: Last=601.21 Bid=None Ask=None
[01:01:30] Ingest QQQ: Last=601.21 Bid=None Ask=None
[01:01:30] Ingest QQQ: Last=601.21 Bid=None Ask=None
[01:01:30] Ingest QQQ: Last=601.21 Bid=None Ask=None
[01:01:30] Ingest QQQ: Last=601.21 Bid=None Ask=None
[01:01:30] Ingest QQQ: Last=601.215 Bid=None Ask=None
[01:01:30] Ingest QQQ: Last=601.215 Bid=None Ask=None
[01:01:30] Ingest QQQ: Last=601.215 Bid=None Ask=None
[01:01:30] Ingest QQQ: Last=601.22 Bid=None Ask=None
[01:01:30] Ingest QQQ: Last=601.22 Bid=None Ask=None
[01:01:30] Ingest QQQ: Last=601.22 Bid=None Ask=None
[01:01:30] Ingest QQQ: Last=601.22 Bid=None Ask=None
[01:01:30] Ingest QQQ: Last=601.22 Bid=None Ask=None
[01:01:30] Ingest SPY: Last=682.17 Bid=None Ask=None
[01:01:30] Ingest SPY: Last=682.17 Bid=None Ask=None
[01:01:30] Ingest SPY: Last=682.17 Bid=None Ask=None
[01:01:30] Ingest SPY: Last=682.18 Bid=None Ask=None
[01:01:30] Ingest SPY: Last=682.18 Bid=None Ask=None
[01:01:30] Ingest SPY: Last=682.18 Bid=None Ask=None
[01:01:30] Ingest SPY: Last=682.19 Bid=None Ask=None
[01:01:30] Ingest QQQ: Last=None Bid=None Ask=601.24
[01:01:30] Ingest QQQ: Last=None Bid=601.23 Ask=None
[01:01:30] Ingest SPY: Last=682.19 Bid=None Ask=None
[01:01:30] Ingest SPY: Last=682.19 Bid=None Ask=None
[01:01:30] Ingest BTC-6MAR26-66000-C: Last=0.032 Bid=0.032 Ask=0.033
[01:01:30] Ingest SPY-20MAR26-683-C: Last=None Bid=13.01 Ask=None
[01:01:30] Ingest SPY-20MAR26-683-C: Last=None Bid=None Ask=13.05
[01:01:30] Ingest SPY: Last=682.2 Bid=None Ask=None
[01:01:30] Ingest SPY: Last=682.2 Bid=None Ask=None
[01:01:30] Ingest SPY: Last=682.19 Bid=None Ask=None
[01:01:30] Ingest SPY: Last=682.21 Bid=None Ask=None
[01:01:30] Ingest BTC.PERP: Last=65395.5 Bid=65395.5 Ask=65396.0
[01:01:30] Ingest SPY: Last=682.21 Bid=None Ask=None
[01:01:30] Ingest SPY: Last=682.21 Bid=None Ask=None
[01:01:30] Ingest SPY: Last=682.21 Bid=None Ask=None
[01:01:30] Ingest SPY: Last=682.21 Bid=None Ask=None
[01:01:30] Ingest SPY: Last=682.21 Bid=None Ask=None
[01:01:30] Ingest SPY: Last=682.21 Bid=None Ask=None
[01:01:30] Ingest SPY: Last=682.21 Bid=None Ask=None
[01:01:30] Ingest SPY: Last=682.21 Bid=None Ask=None
[01:01:30] Ingest SPY: Last=682.21 Bid=None Ask=None
[01:01:30] Ingest SPY: Last=682.21 Bid=None Ask=None
[01:01:30] Ingest SPY: Last=682.22 Bid=None Ask=None
[01:01:30] Ingest SPY: Last=682.23 Bid=None Ask=None
[01:01:30] Ingest SPY: Last=682.23 Bid=None Ask=None
[01:01:30] Ingest SPY: Last=682.23 Bid=None Ask=None
[01:01:30] Ingest SPY: Last=682.23 Bid=None Ask=None
[01:01:30] Ingest SPY: Last=682.23 Bid=None Ask=None
[01:01:30] Ingest SPY: Last=682.23 Bid=None Ask=None
[01:01:30] Ingest SPY: Last=682.24 Bid=None Ask=None
[01:01:30] Ingest SPY: Last=682.24 Bid=None Ask=None
[01:01:30] Ingest SPY: Last=682.24 Bid=None Ask=None
[01:01:30] Ingest SPY: Last=682.24 Bid=None Ask=None
[01:01:30] Ingest SPY: Last=682.24 Bid=None Ask=None
[01:01:30] Ingest SPY: Last=682.24 Bid=None Ask=None
[01:01:30] Ingest SPY: Last=682.24 Bid=None Ask=None
[01:01:30] Ingest SPY: Last=682.24 Bid=None Ask=None
[01:01:30] Ingest SPY: Last=682.25 Bid=None Ask=None
[01:01:30] Ingest SPY: Last=682.25 Bid=None Ask=None
[01:01:30] Ingest SPY: Last=682.255 Bid=None Ask=None
[01:01:30] Ingest SPY: Last=682.255 Bid=None Ask=None
[01:01:30] Ingest BTC: Last=65354.0 Bid=65396.0 Ask=65423.0
[01:01:30] Ingest SPY: Last=None Bid=None Ask=682.26
[01:01:30] Ingest SPY: Last=None Bid=682.25 Ask=None
[01:01:31] Ingest BTC.PERP: Last=65395.5 Bid=65395.5 Ask=65396.0
[01:01:31] Ingest SPY-20MAR26-682-P: Last=None Bid=12.53 Ask=None
[01:01:31] Ingest SPY-20MAR26-682-P: Last=None Bid=None Ask=12.55
[01:01:31] Ingest SPY-20MAR26-682-P: Last=None Bid=None Ask=12.51
[01:01:31] Ingest SPY-20MAR26-682-P: Last=None Bid=12.49 Ask=None
[01:01:31] Ingest BTC: Last=65354.0 Bid=65396.0 Ask=65422.0
[01:01:31] Ingest BTC.PERP: Last=65395.5 Bid=65395.5 Ask=65396.0
[01:01:31] Ingest BTC: Last=65354.0 Bid=65396.0 Ask=65423.0
[01:01:31] Ingest QQQ: Last=601.24 Bid=None Ask=None
[01:01:31] Ingest QQQ: Last=601.23 Bid=None Ask=None
[01:01:31] Ingest BTC.PERP: Last=65395.5 Bid=65395.5 Ask=65396.0
[01:01:31] Ingest QQQ: Last=601.225 Bid=None Ask=None
[01:01:31] Ingest QQQ: Last=601.225 Bid=None Ask=None
[01:01:31] Ingest QQQ: Last=601.22 Bid=None Ask=None
[01:01:31] Ingest QQQ: Last=601.2 Bid=None Ask=None
[01:01:31] Ingest QQQ: Last=601.2 Bid=None Ask=None
[01:01:31] Ingest SPY-20MAR26-683-C: Last=None Bid=None Ask=13.03
[01:01:31] Ingest SPY-20MAR26-683-C: Last=None Bid=12.98 Ask=None
[01:01:31] Ingest QQQ: Last=601.18 Bid=None Ask=None
[01:01:31] Ingest QQQ: Last=601.18 Bid=None Ask=None
[01:01:31] Ingest QQQ: Last=601.18 Bid=None Ask=None
[01:01:31] Ingest QQQ: Last=601.18 Bid=None Ask=None
[01:01:31] Ingest QQQ: Last=601.18 Bid=None Ask=None
[01:01:31] Ingest QQQ: Last=601.18 Bid=None Ask=None
[01:01:31] Ingest QQQ: Last=601.16 Bid=None Ask=None
[01:01:31] Ingest QQQ: Last=601.16 Bid=None Ask=None
[01:01:31] Ingest QQQ: Last=601.165 Bid=None Ask=None
[01:01:31] Ingest SPY: Last=682.255 Bid=None Ask=None
[01:01:31] Ingest SPY: Last=682.25 Bid=None Ask=None
[01:01:31] Ingest SPY: Last=682.25 Bid=None Ask=None
[01:01:31] Ingest SPY: Last=682.24 Bid=None Ask=None
[01:01:31] Ingest SPY: Last=682.24 Bid=None Ask=None
[01:01:31] Ingest SPY: Last=682.24 Bid=None Ask=None
[01:01:31] Ingest SPY: Last=682.24 Bid=None Ask=None
[01:01:31] Ingest SPY: Last=682.24 Bid=None Ask=None
[01:01:31] Ingest SPY: Last=682.23 Bid=None Ask=None
[01:01:31] Ingest SPY: Last=682.23 Bid=None Ask=None
[01:01:31] Ingest SPY: Last=682.225 Bid=None Ask=None
[01:01:31] Ingest SPY: Last=682.22 Bid=None Ask=None
[01:01:31] Ingest SPY: Last=682.22 Bid=None Ask=None
[01:01:31] Ingest SPY: Last=682.21 Bid=None Ask=None
[01:01:31] Ingest SPY: Last=682.2 Bid=None Ask=None
[01:01:31] Ingest SPY: Last=682.195 Bid=None Ask=None
[01:01:31] Ingest SPY: Last=682.197 Bid=None Ask=None
[01:01:31] Ingest SPY: Last=682.2 Bid=None Ask=None
[01:01:31] Ingest SPY: Last=682.2 Bid=None Ask=None
[01:01:31] Ingest QQQ: Last=None Bid=None Ask=601.17
[01:01:31] Ingest QQQ: Last=None Bid=601.16 Ask=None
[01:01:31] Ingest BTC.PERP: Last=65395.5 Bid=65395.5 Ask=65396.0
[01:01:32] [Bloomberg] Subscription Status: CID: {[ valueType=INT classId=0 internalClassId=0 value=5 ]}
RequestId: 5fa8c610-35f9-44b8-0000-804ba8c00600
SubscriptionStarted = {
    exceptions[] = {
    }
    streamIds[] = {
        "5"
    }
    receivedFrom = {
        address = "localhost:8194"
    }
    reason = "Subscriber made a subscription"
}

[01:01:32] [Bloomberg] Subscription Status: CID: {[ valueType=INT classId=0 internalClassId=0 value=6 ]}
RequestId: 5fa8c610-35f9-44b8-0000-804ba8c00600
SubscriptionStarted = {
    exceptions[] = {
    }
    streamIds[] = {
        "6"
    }
    receivedFrom = {
        address = "localhost:8194"
    }
    reason = "Subscriber made a subscription"
}

[01:01:32] [Bloomberg] Subscription Status: CID: {[ valueType=INT classId=0 internalClassId=0 value=5 ]}
RequestId: 53a88110-3501-44b9-0000-804ba8c00600
SubscriptionStreamsActivated = {
    streams[] = {
        streams = {
            id = "5"
            endpoint = {
                address = "localhost:8194"
                serverId = "bbcomm-Galaxy-Clive-5324899"
            }
        }
    }
    reason = "Subscriber made a subscription"
}

[01:01:32] [Bloomberg] Subscription Status: CID: {[ valueType=INT classId=0 internalClassId=0 value=6 ]}
RequestId: 53a88110-3501-44b9-0000-804ba8c00600
SubscriptionStreamsActivated = {
    streams[] = {
        streams = {
            id = "6"
            endpoint = {
                address = "localhost:8194"
                serverId = "bbcomm-Galaxy-Clive-5324899"
            }
        }
    }
    reason = "Subscriber made a subscription"
}

[01:01:32] Ingest BTC: Last=65354.0 Bid=65396.0 Ask=65423.0
[01:01:32] Ingest SPY: Last=None Bid=682.19 Ask=None
[01:01:32] Ingest SPY: Last=None Bid=None Ask=682.2
[01:01:32] Ingest SPY-20MAR26-682-P: Last=None Bid=12.49 Ask=None
[01:01:32] Ingest SPY-20MAR26-682-P: Last=None Bid=None Ask=12.53
[01:01:32] Ingest SPY-20MAR26-682-P: Last=None Bid=12.5 Ask=None
[01:01:32] Ingest SPY-20MAR26-682-P: Last=None Bid=None Ask=12.54
[01:01:32] Ingest BTC.PERP: Last=65395.5 Bid=65395.5 Ask=65396.0
[01:01:32] Ingest BTC: Last=65354.0 Bid=65396.0 Ask=65422.0
[01:01:32] Ingest QQQ-20MAR26-601-P: Last=14.44 Bid=14.39 Ask=14.45
[01:01:32] Ingest QQQ-20MAR26-602-C: Last=15.58 Bid=15.49 Ask=15.55
[01:01:32] Ingest BTC.PERP: Last=65395.5 Bid=65395.5 Ask=65396.0
[01:01:32] Ingest BTC-6MAR26-65000-P: Last=0.0355 Bid=0.035 Ask=0.0355
[01:01:32] Ingest QQQ: Last=601.155 Bid=None Ask=None
[01:01:32] Ingest SPY-20MAR26-683-C: Last=None Bid=None Ask=13.01
[01:01:32] Ingest SPY-20MAR26-683-C: Last=None Bid=12.97 Ask=None
[01:01:32] Ingest QQQ: Last=601.15 Bid=None Ask=None
[01:01:32] Ingest QQQ: Last=601.14 Bid=None Ask=None
[01:01:32] Ingest QQQ: Last=601.145 Bid=None Ask=None
[01:01:32] Ingest QQQ: Last=601.15 Bid=None Ask=None
[01:01:32] Ingest QQQ: Last=601.15 Bid=None Ask=None
[01:01:32] Ingest QQQ: Last=601.15 Bid=None Ask=None
[01:01:32] Ingest QQQ: Last=601.15 Bid=None Ask=None
[01:01:32] Ingest BTC: Last=65354.0 Bid=65396.0 Ask=65422.0
[01:01:32] Ingest QQQ: Last=601.14 Bid=None Ask=None
[01:01:32] Ingest QQQ: Last=601.14 Bid=None Ask=None
[01:01:32] Ingest QQQ: Last=601.14 Bid=None Ask=None
[01:01:32] Ingest QQQ: Last=601.14 Bid=None Ask=None
[01:01:32] Ingest QQQ: Last=601.14 Bid=None Ask=None
[01:01:32] Ingest QQQ: Last=601.14 Bid=None Ask=None
[01:01:32] Ingest QQQ: Last=601.14 Bid=None Ask=None
[01:01:32] Ingest QQQ: Last=601.14 Bid=None Ask=None
[01:01:32] Ingest QQQ: Last=601.14 Bid=None Ask=None
[01:01:32] Ingest QQQ: Last=601.14 Bid=None Ask=None
[01:01:32] Ingest QQQ: Last=601.145 Bid=None Ask=None
[01:01:32] Ingest QQQ: Last=601.14 Bid=None Ask=None
[01:01:32] Ingest QQQ: Last=601.14 Bid=None Ask=None
[01:01:32] Ingest QQQ: Last=601.145 Bid=None Ask=None
[01:01:32] Ingest QQQ: Last=601.145 Bid=None Ask=None
[01:01:32] Ingest QQQ: Last=601.145 Bid=None Ask=None
[01:01:32] Ingest QQQ: Last=601.145 Bid=None Ask=None
[01:01:32] Ingest QQQ: Last=601.15 Bid=None Ask=None
[01:01:32] Ingest QQQ: Last=601.13 Bid=None Ask=None
[01:01:32] Ingest QQQ: Last=601.13 Bid=None Ask=None
[01:01:32] Ingest QQQ: Last=601.13 Bid=None Ask=None
[01:01:32] Ingest QQQ: Last=601.13 Bid=None Ask=None
[01:01:32] Ingest QQQ: Last=601.14 Bid=None Ask=None
[01:01:32] Ingest QQQ: Last=601.14 Bid=None Ask=None
[01:01:32] Ingest QQQ: Last=601.135 Bid=None Ask=None
[01:01:32] Ingest QQQ: Last=601.13 Bid=None Ask=None
[01:01:32] Ingest QQQ-20MAR26-602-C: Last=None Bid=15.47 Ask=None
[01:01:32] Ingest QQQ-20MAR26-602-C: Last=None Bid=None Ask=15.54
[01:01:32] Ingest QQQ-20MAR26-601-P: Last=None Bid=14.41 Ask=None
[01:01:32] Ingest QQQ-20MAR26-601-P: Last=None Bid=None Ask=14.48
[01:01:32] Ingest BTC.PERP: Last=65395.5 Bid=65395.5 Ask=65396.0
[01:01:32] Ingest SPY: Last=682.185 Bid=None Ask=None
[01:01:32] Ingest SPY: Last=682.18 Bid=None Ask=None
[01:01:32] Ingest SPY: Last=682.165 Bid=None Ask=None
[01:01:32] Ingest SPY: Last=682.165 Bid=None Ask=None
[01:01:32] Ingest SPY: Last=682.165 Bid=None Ask=None
[01:01:32] Ingest SPY: Last=682.165 Bid=None Ask=None
[01:01:32] Ingest SPY: Last=682.165 Bid=None Ask=None
[01:01:32] Ingest SPY: Last=682.165 Bid=None Ask=None
[01:01:32] Ingest SPY: Last=682.165 Bid=None Ask=None
[01:01:32] Ingest SPY: Last=682.17 Bid=None Ask=None
[01:01:32] Ingest SPY: Last=682.17 Bid=None Ask=None
[01:01:32] Ingest SPY: Last=682.17 Bid=None Ask=None
[01:01:32] Ingest SPY: Last=682.17 Bid=None Ask=None
[01:01:32] Ingest SPY: Last=682.165 Bid=None Ask=None
[01:01:32] Ingest SPY: Last=682.18 Bid=None Ask=None
[01:01:32] Ingest SPY: Last=682.18 Bid=None Ask=None
[01:01:32] Ingest SPY: Last=682.18 Bid=None Ask=None
[01:01:32] Ingest BTC-6MAR26-65000-P: Last=0.0355 Bid=0.035 Ask=0.0355
[01:01:33] Ingest SPY: Last=682.175 Bid=None Ask=None
[01:01:33] Ingest SPY: Last=682.18 Bid=None Ask=None
[01:01:33] Ingest SPY: Last=682.175 Bid=None Ask=None
[01:01:33] Ingest SPY: Last=682.175 Bid=None Ask=None
[01:01:33] Ingest SPY: Last=682.165 Bid=None Ask=None
[01:01:33] Ingest SPY: Last=682.165 Bid=None Ask=None
[01:01:33] Ingest QQQ: Last=None Bid=601.12 Ask=None
[01:01:33] Ingest QQQ: Last=None Bid=None Ask=601.14
[01:01:33] Ingest BTC: Last=65354.0 Bid=65396.0 Ask=65421.0
[01:01:33] Ingest SPY: Last=None Bid=None Ask=682.18
[01:01:33] Ingest SPY: Last=None Bid=682.17 Ask=None
[01:01:33] Ingest SPY-20MAR26-682-P: Last=None Bid=None Ask=12.55
[01:01:33] Ingest SPY-20MAR26-682-P: Last=None Bid=12.52 Ask=None
[01:01:33] Ingest BTC.PERP: Last=65395.5 Bid=65395.5 Ask=65396.0
[01:01:33] Ingest BTC: Last=65354.0 Bid=65396.0 Ask=65421.0
[01:01:33] Ingest BTC.PERP: Last=65395.5 Bid=65387.0 Ask=65387.5
[01:01:33] Ingest BTC-6MAR26-65000-P: Last=0.0355 Bid=0.035 Ask=0.036
[01:01:33] Ingest BTC: Last=65354.0 Bid=65396.0 Ask=65418.0
[01:01:33] Ingest SPY-20MAR26-683-C: Last=None Bid=12.97 Ask=None
[01:01:33] Ingest SPY-20MAR26-683-C: Last=None Bid=None Ask=13.02
[01:01:33] Ingest QQQ: Last=601.13 Bid=None Ask=None
[01:01:33] Ingest QQQ: Last=601.13 Bid=None Ask=None
[01:01:33] Ingest QQQ: Last=601.13 Bid=None Ask=None
[01:01:33] Ingest QQQ: Last=601.13 Bid=None Ask=None
[01:01:33] Ingest QQQ: Last=601.13 Bid=None Ask=None
[01:01:33] Ingest QQQ: Last=601.13 Bid=None Ask=None
[01:01:33] Ingest QQQ: Last=601.13 Bid=None Ask=None
[01:01:33] Ingest QQQ: Last=601.13 Bid=None Ask=None
[01:01:33] Ingest QQQ: Last=601.13 Bid=None Ask=None
[01:01:33] Ingest QQQ: Last=601.13 Bid=None Ask=None
[01:01:33] Ingest QQQ: Last=601.13 Bid=None Ask=None
[01:01:33] Ingest QQQ: Last=601.13 Bid=None Ask=None
[01:01:33] Ingest QQQ: Last=601.12 Bid=None Ask=None
[01:01:33] Ingest QQQ: Last=601.135 Bid=None Ask=None
[01:01:33] Ingest QQQ: Last=601.15 Bid=None Ask=None
[01:01:33] Ingest QQQ: Last=601.15 Bid=None Ask=None
[01:01:33] Ingest QQQ: Last=601.155 Bid=None Ask=None
[01:01:33] Ingest QQQ: Last=601.155 Bid=None Ask=None
[01:01:33] Ingest BTC.PERP: Last=65387.0 Bid=65387.0 Ask=65387.5
[01:01:33] Ingest QQQ: Last=601.16 Bid=None Ask=None
[01:01:33] Ingest QQQ: Last=601.16 Bid=None Ask=None
[01:01:33] Ingest QQQ-20MAR26-602-C: Last=None Bid=15.48 Ask=None
[01:01:33] Ingest QQQ-20MAR26-602-C: Last=None Bid=None Ask=15.54
[01:01:33] Ingest QQQ-20MAR26-602-C: Last=None Bid=15.48 Ask=None
[01:01:33] Ingest QQQ-20MAR26-601-P: Last=None Bid=14.4 Ask=None
[01:01:33] Ingest QQQ-20MAR26-601-P: Last=None Bid=None Ask=14.47
[01:01:33] Ingest QQQ-20MAR26-601-P: Last=None Bid=14.4 Ask=None
[01:01:33] Ingest QQQ-20MAR26-601-P: Last=None Bid=None Ask=14.47
[01:01:34] Ingest QQQ: Last=601.14 Bid=None Ask=None
[01:01:34] Ingest BTC-6MAR26-66000-C: Last=0.032 Bid=0.032 Ask=0.033
[01:01:34] Ingest SPY: Last=682.165 Bid=None Ask=None
[01:01:34] Ingest SPY: Last=682.165 Bid=None Ask=None
[01:01:34] Ingest SPY: Last=682.165 Bid=None Ask=None
[01:01:34] Ingest SPY: Last=682.165 Bid=None Ask=None
[01:01:34] Ingest SPY: Last=682.165 Bid=None Ask=None
[01:01:34] Ingest SPY: Last=682.165 Bid=None Ask=None
[01:01:34] Ingest SPY: Last=682.165 Bid=None Ask=None
[01:01:34] Ingest SPY: Last=682.165 Bid=None Ask=None
[01:01:34] Ingest SPY: Last=682.17 Bid=None Ask=None
[01:01:34] Ingest SPY: Last=682.17 Bid=None Ask=None
[01:01:34] Ingest SPY: Last=682.165 Bid=None Ask=None
[01:01:34] Ingest SPY: Last=682.17 Bid=None Ask=None
[01:01:34] Ingest SPY: Last=682.165 Bid=None Ask=None
[01:01:34] Ingest SPY: Last=682.17 Bid=None Ask=None
[01:01:34] Ingest SPY: Last=682.17 Bid=None Ask=None
[01:01:34] Ingest SPY: Last=682.18 Bid=None Ask=None
[01:01:34] Ingest SPY: Last=682.18 Bid=None Ask=None
[01:01:34] Ingest SPY: Last=682.18 Bid=None Ask=None
[01:01:34] Ingest SPY: Last=682.18 Bid=None Ask=None
[01:01:34] Ingest SPY: Last=682.19 Bid=None Ask=None
[01:01:34] Ingest SPY: Last=682.19 Bid=None Ask=None
[01:01:34] Ingest SPY: Last=682.19 Bid=None Ask=None
[01:01:34] Ingest SPY: Last=682.19 Bid=None Ask=None
[01:01:34] Ingest SPY: Last=682.175 Bid=None Ask=None
[01:01:34] Ingest SPY: Last=682.19 Bid=None Ask=None
[01:01:34] Ingest SPY: Last=682.2 Bid=None Ask=None
[01:01:34] Ingest BTC: Last=65354.0 Bid=65385.0 Ask=65425.0
[01:01:34] Ingest SPY: Last=682.19 Bid=None Ask=None
[01:01:34] Ingest SPY: Last=682.19 Bid=None Ask=None
[01:01:34] Ingest SPY: Last=682.17 Bid=None Ask=None
[01:01:34] Ingest SPY: Last=682.16 Bid=None Ask=None
[01:01:34] Ingest SPY: Last=682.16 Bid=None Ask=None
[01:01:34] Ingest QQQ: Last=None Bid=None Ask=601.14
[01:01:34] Ingest QQQ: Last=None Bid=601.13 Ask=None
[01:01:34] Ingest SPY: Last=682.16 Bid=None Ask=None
[01:01:34] Ingest SPY: Last=682.16 Bid=None Ask=None
[01:01:34] Ingest SPY: Last=682.16 Bid=None Ask=None
[01:01:34] Ingest SPY: Last=682.17 Bid=None Ask=None
[01:01:34] Ingest SPY: Last=682.17 Bid=None Ask=None
[01:01:34] Ingest SPY: Last=682.17 Bid=None Ask=None
[01:01:34] Ingest SPY: Last=682.16 Bid=None Ask=None
[01:01:34] Ingest SPY: Last=682.16 Bid=None Ask=None
[01:01:34] Ingest SPY: Last=682.16 Bid=None Ask=None
[01:01:34] Ingest SPY: Last=682.15 Bid=None Ask=None
[01:01:34] Ingest SPY: Last=682.15 Bid=None Ask=None
[01:01:34] Ingest SPY: Last=682.145 Bid=None Ask=None
[01:01:34] Ingest SPY: Last=682.14 Bid=None Ask=None
[01:01:34] Ingest SPY: Last=682.15 Bid=None Ask=None
[01:01:34] Ingest SPY: Last=682.15 Bid=None Ask=None
[01:01:34] Ingest SPY: Last=682.15 Bid=None Ask=None
[01:01:34] Ingest SPY: Last=682.15 Bid=None Ask=None
[01:01:34] Ingest SPY: Last=682.15 Bid=None Ask=None
[01:01:34] Ingest SPY: Last=682.15 Bid=None Ask=None
[01:01:34] Ingest SPY: Last=682.15 Bid=None Ask=None
[01:01:34] Ingest SPY: Last=682.15 Bid=None Ask=None
[01:01:34] Ingest SPY: Last=682.15 Bid=None Ask=None
[01:01:34] Ingest BTC.PERP: Last=65387.0 Bid=65387.0 Ask=65387.5
[01:01:34] Ingest SPY-20MAR26-682-P: Last=None Bid=None Ask=12.55
[01:01:34] Ingest SPY-20MAR26-682-P: Last=None Bid=12.52 Ask=None
[01:01:34] Ingest SPY: Last=None Bid=None Ask=682.15
[01:01:34] Ingest SPY: Last=None Bid=682.14 Ask=None
[01:01:34] Ingest BTC: Last=65354.0 Bid=65385.0 Ask=65423.0
[01:01:34] Ingest BTC.PERP: Last=65387.0 Bid=65387.0 Ask=65387.5
[01:01:34] Ingest BTC-6MAR26-65000-P: Last=0.0355 Bid=0.035 Ask=0.036
[01:01:34] Ingest BTC: Last=65354.0 Bid=65368.0 Ask=65411.0
[01:01:34] Ingest SPY-20MAR26-683-C: Last=None Bid=12.96 Ask=None
[01:01:34] Ingest SPY-20MAR26-683-C: Last=None Bid=None Ask=13.0
[01:01:34] Ingest BTC.PERP: Last=65384.0 Bid=65373.0 Ask=65373.5
[01:01:35] Ingest QQQ-20MAR26-602-C: Last=None Bid=15.46 Ask=None
[01:01:35] Ingest QQQ-20MAR26-602-C: Last=None Bid=None Ask=15.52
[01:01:35] Ingest QQQ-20MAR26-602-C: Last=None Bid=None Ask=15.52
[01:01:35] Ingest QQQ: Last=601.131 Bid=None Ask=None
[01:01:35] Ingest QQQ: Last=601.13 Bid=None Ask=None
[01:01:35] Ingest QQQ-20MAR26-601-P: Last=None Bid=None Ask=14.48
[01:01:35] Ingest QQQ-20MAR26-601-P: Last=None Bid=14.43 Ask=None
[01:01:35] Ingest QQQ: Last=601.13 Bid=None Ask=None
[01:01:35] Ingest QQQ: Last=601.13 Bid=None Ask=None
[01:01:35] Ingest QQQ: Last=601.13 Bid=None Ask=None
[01:01:35] Ingest QQQ: Last=601.13 Bid=None Ask=None
[01:01:35] Ingest QQQ: Last=601.13 Bid=None Ask=None
[01:01:35] Ingest QQQ: Last=601.13 Bid=None Ask=None
[01:01:35] Ingest QQQ: Last=601.13 Bid=None Ask=None
[01:01:35] Ingest QQQ: Last=601.13 Bid=None Ask=None
[01:01:35] Ingest QQQ: Last=601.13 Bid=None Ask=None
[01:01:35] Ingest QQQ: Last=601.13 Bid=None Ask=None
[01:01:35] Ingest QQQ: Last=601.13 Bid=None Ask=None
[01:01:35] Ingest QQQ: Last=601.13 Bid=None Ask=None
[01:01:35] Ingest QQQ: Last=601.13 Bid=None Ask=None
[01:01:35] Ingest QQQ: Last=601.13 Bid=None Ask=None
[01:01:35] Ingest QQQ: Last=601.13 Bid=None Ask=None
[01:01:35] Ingest QQQ: Last=601.13 Bid=None Ask=None
[01:01:35] Ingest QQQ: Last=601.13 Bid=None Ask=None
[01:01:35] Ingest QQQ: Last=601.13 Bid=None Ask=None
[01:01:35] Ingest QQQ: Last=601.13 Bid=None Ask=None
[01:01:35] Ingest QQQ: Last=601.13 Bid=None Ask=None
[01:01:35] Ingest QQQ: Last=601.12 Bid=None Ask=None
[01:01:35] Ingest QQQ: Last=601.12 Bid=None Ask=None
[01:01:35] Ingest BTC: Last=65354.0 Bid=65368.0 Ask=65411.0
[01:01:35] Ingest BTC-6MAR26-66000-C: Last=0.032 Bid=0.032 Ask=0.033
[01:01:35] Ingest QQQ: Last=601.1 Bid=None Ask=None
[01:01:35] Ingest BTC-6MAR26-65000-P: Last=0.0355 Bid=0.035 Ask=0.036
[01:01:35] Ingest QQQ: Last=601.14 Bid=None Ask=None
[01:01:35] Ingest QQQ: Last=601.1 Bid=None Ask=None
[01:01:35] Ingest QQQ: Last=601.1 Bid=None Ask=None
[01:01:35] Ingest QQQ: Last=601.1 Bid=None Ask=None
[01:01:35] Ingest QQQ: Last=601.1 Bid=None Ask=None
[01:01:35] Ingest QQQ: Last=601.1 Bid=None Ask=None
[01:01:35] Ingest QQQ: Last=601.1 Bid=None Ask=None
[01:01:35] Ingest QQQ: Last=601.1 Bid=None Ask=None
[01:01:35] Ingest QQQ: Last=601.1 Bid=None Ask=None
[01:01:35] Ingest QQQ: Last=601.1 Bid=None Ask=None
[01:01:35] Ingest QQQ: Last=601.1 Bid=None Ask=None
[01:01:35] Ingest QQQ: Last=601.1 Bid=None Ask=None
[01:01:35] Ingest QQQ: Last=601.1 Bid=None Ask=None
[01:01:35] Ingest QQQ: Last=601.09 Bid=None Ask=None
[01:01:35] Ingest QQQ: Last=601.09 Bid=None Ask=None
[01:01:35] Ingest QQQ: Last=601.09 Bid=None Ask=None
[01:01:35] Ingest QQQ: Last=601.09 Bid=None Ask=None
[01:01:35] Ingest QQQ: Last=601.1 Bid=None Ask=None
[01:01:35] Ingest QQQ: Last=601.1 Bid=None Ask=None
[01:01:35] Ingest QQQ: Last=601.1 Bid=None Ask=None
[01:01:35] Ingest QQQ: Last=601.1 Bid=None Ask=None
[01:01:35] Ingest QQQ: Last=601.1 Bid=None Ask=None
[01:01:35] Ingest QQQ: Last=601.1 Bid=None Ask=None
[01:01:35] Ingest QQQ: Last=601.1 Bid=None Ask=None
[01:01:35] Ingest QQQ: Last=601.1 Bid=None Ask=None
[01:01:35] Ingest QQQ: Last=601.11 Bid=None Ask=None
[01:01:35] Ingest QQQ: Last=601.11 Bid=None Ask=None
[01:01:35] Ingest QQQ: Last=601.11 Bid=None Ask=None
[01:01:35] Ingest QQQ: Last=601.11 Bid=None Ask=None
[01:01:35] Ingest BTC.PERP: Last=65384.0 Bid=65373.0 Ask=65373.5
[01:01:35] Ingest SPY: Last=682.145 Bid=None Ask=None
[01:01:35] Ingest QQQ: Last=601.08 Bid=None Ask=None
[01:01:35] Ingest QQQ: Last=601.08 Bid=None Ask=None
[01:01:35] Ingest QQQ: Last=601.08 Bid=None Ask=None
[01:01:35] Ingest SPY: Last=682.15 Bid=None Ask=None
[01:01:35] Ingest QQQ: Last=601.1 Bid=None Ask=None
[01:01:35] Ingest QQQ: Last=601.1 Bid=None Ask=None
[01:01:35] Ingest QQQ: Last=601.1 Bid=None Ask=None
[01:01:35] Ingest QQQ: Last=601.1 Bid=None Ask=None
[01:01:35] Ingest QQQ: Last=601.1 Bid=None Ask=None
[01:01:35] Ingest QQQ: Last=601.1 Bid=None Ask=None
[01:01:35] Ingest QQQ: Last=601.09 Bid=None Ask=None
[01:01:35] Ingest QQQ: Last=601.09 Bid=None Ask=None
[01:01:35] Ingest SPY: Last=682.14 Bid=None Ask=None
[01:01:35] Ingest SPY: Last=682.13 Bid=None Ask=None
[01:01:35] Ingest SPY: Last=682.13 Bid=None Ask=None
[01:01:35] Ingest SPY: Last=682.13 Bid=None Ask=None
[01:01:35] Ingest SPY: Last=682.13 Bid=None Ask=None
[01:01:35] Ingest SPY: Last=682.13 Bid=None Ask=None
[01:01:35] Ingest SPY: Last=682.13 Bid=None Ask=None
[01:01:35] Ingest SPY: Last=682.13 Bid=None Ask=None
[01:01:35] Ingest SPY: Last=682.13 Bid=None Ask=None
[01:01:35] Ingest SPY: Last=682.13 Bid=None Ask=None
[01:01:35] Ingest SPY: Last=682.13 Bid=None Ask=None
[01:01:35] Ingest SPY: Last=682.13 Bid=None Ask=None
[01:01:35] Ingest QQQ: Last=None Bid=601.08 Ask=None
[01:01:35] Ingest QQQ: Last=None Bid=None Ask=601.09
[01:01:35] Ingest SPY: Last=682.13 Bid=None Ask=None
[01:01:35] Ingest SPY: Last=682.13 Bid=None Ask=None
[01:01:35] Ingest SPY: Last=682.13 Bid=None Ask=None
[01:01:35] Ingest SPY: Last=682.115 Bid=None Ask=None
[01:01:35] Ingest SPY: Last=682.11 Bid=None Ask=None
[01:01:35] Ingest SPY: Last=682.11 Bid=None Ask=None
[01:01:35] Ingest SPY: Last=682.12 Bid=None Ask=None
[01:01:35] Ingest SPY: Last=682.12 Bid=None Ask=None
[01:01:35] Ingest BTC-6MAR26-65000-P: Last=0.0355 Bid=0.035 Ask=0.036
[01:01:35] Ingest SPY-20MAR26-682-P: Last=None Bid=12.52 Ask=None
[01:01:35] Ingest SPY-20MAR26-682-P: Last=None Bid=None Ask=12.56
[01:01:35] Ingest SPY-20MAR26-682-P: Last=None Bid=None Ask=12.58
[01:01:35] Ingest SPY-20MAR26-682-P: Last=None Bid=12.54 Ask=None
[01:01:35] Ingest BTC: Last=65354.0 Bid=65368.0 Ask=65411.0
[01:01:35] Ingest SPY: Last=None Bid=682.12 Ask=None
[01:01:35] Ingest SPY: Last=None Bid=None Ask=682.13
[01:01:35] Ingest BTC.PERP: Last=65384.0 Bid=65373.0 Ask=65373.5
[01:01:35] Ingest BTC-6MAR26-66000-C: Last=0.032 Bid=0.032 Ask=0.033
[01:01:35] Ingest BTC-6MAR26-65000-P: Last=0.0355 Bid=0.035 Ask=0.036
[01:01:35] Ingest BTC: Last=65354.0 Bid=65368.0 Ask=65404.0
[01:01:35] Ingest SPY-20MAR26-683-C: Last=None Bid=12.94 Ask=None
[01:01:35] Ingest SPY-20MAR26-683-C: Last=None Bid=None Ask=12.99
[01:01:35] Ingest SPY-20MAR26-683-C: Last=None Bid=12.95 Ask=None
[01:01:35] Ingest BTC.PERP: Last=65384.0 Bid=65373.0 Ask=65373.5
[01:01:35] Ingest SPY-20MAR26-683-C: Last=None Bid=None Ask=12.99
[01:01:36] Ingest QQQ-20MAR26-601-P: Last=None Bid=14.44 Ask=None
[01:01:36] Ingest QQQ-20MAR26-601-P: Last=None Bid=None Ask=14.5
[01:01:36] Ingest QQQ-20MAR26-601-P: Last=None Bid=14.44 Ask=None
[01:01:36] Ingest QQQ-20MAR26-601-P: Last=None Bid=None Ask=14.5
[01:01:36] Ingest BTC-6MAR26-66000-C: Last=0.032 Bid=0.032 Ask=0.033
[01:01:36] Ingest BTC: Last=65354.0 Bid=65368.0 Ask=65404.0
[01:01:36] Ingest QQQ-20MAR26-602-C: Last=None Bid=None Ask=15.52
[01:01:36] Ingest QQQ-20MAR26-602-C: Last=None Bid=15.46 Ask=None
[01:01:36] Ingest BTC.PERP: Last=65368.5 Bid=65368.5 Ask=65369.0
[01:01:36] Ingest QQQ: Last=601.1 Bid=None Ask=None
[01:01:36] Ingest QQQ: Last=601.1 Bid=None Ask=None
[01:01:36] Ingest QQQ: Last=601.1 Bid=None Ask=None
[01:01:36] Ingest QQQ: Last=601.08 Bid=None Ask=None
[01:01:36] Ingest QQQ: Last=601.08 Bid=None Ask=None
[01:01:36] Ingest QQQ: Last=601.08 Bid=None Ask=None
[01:01:36] Ingest SPY: Last=682.12 Bid=None Ask=None
[01:01:36] Ingest QQQ: Last=601.07 Bid=None Ask=None
[01:01:36] Ingest QQQ: Last=601.07 Bid=None Ask=None
[01:01:36] Ingest QQQ: Last=601.06 Bid=None Ask=None
[01:01:36] Ingest QQQ: Last=601.06 Bid=None Ask=None
[01:01:36] Ingest QQQ: Last=601.06 Bid=None Ask=None
[01:01:36] Ingest QQQ: Last=601.06 Bid=None Ask=None
[01:01:36] Ingest QQQ: Last=601.06 Bid=None Ask=None
[01:01:36] Ingest QQQ: Last=601.05 Bid=None Ask=None
[01:01:36] Ingest QQQ: Last=601.05 Bid=None Ask=None
[01:01:36] Ingest QQQ: Last=601.05 Bid=None Ask=None
[01:01:36] Ingest BTC: Last=65354.0 Bid=65368.0 Ask=65404.0
[01:01:36] Ingest SPY: Last=682.12 Bid=None Ask=None
[01:01:36] Ingest SPY: Last=682.12 Bid=None Ask=None
[01:01:36] Ingest QQQ: Last=601.05 Bid=None Ask=None
[01:01:36] Ingest QQQ: Last=601.05 Bid=None Ask=None
[01:01:36] Ingest QQQ: Last=601.05 Bid=None Ask=None
[01:01:36] Ingest QQQ: Last=601.05 Bid=None Ask=None
[01:01:36] Ingest QQQ: Last=601.05 Bid=None Ask=None
[01:01:36] Ingest QQQ: Last=601.05 Bid=None Ask=None
[01:01:36] Ingest QQQ: Last=601.05 Bid=None Ask=None
[01:01:36] Ingest SPY: Last=682.12 Bid=None Ask=None
[01:01:36] Ingest QQQ: Last=601.06 Bid=None Ask=None
[01:01:36] Ingest QQQ: Last=601.06 Bid=None Ask=None
[01:01:36] Ingest QQQ: Last=601.06 Bid=None Ask=None
[01:01:36] Ingest SPY: Last=682.12 Bid=None Ask=None
[01:01:36] Ingest QQQ: Last=601.052 Bid=None Ask=None
[01:01:36] Ingest BTC-6MAR26-65000-P: Last=0.0355 Bid=0.035 Ask=0.036
[01:01:36] Ingest SPY: Last=682.11 Bid=None Ask=None
[01:01:36] Ingest SPY: Last=682.11 Bid=None Ask=None
[01:01:36] Ingest SPY: Last=682.1 Bid=None Ask=None
[01:01:36] Ingest SPY: Last=682.1 Bid=None Ask=None
[01:01:36] Ingest SPY: Last=682.1 Bid=None Ask=None
[01:01:36] Ingest SPY: Last=682.1 Bid=None Ask=None
[01:01:36] Ingest SPY: Last=682.1 Bid=None Ask=None
[01:01:36] Ingest SPY: Last=682.095 Bid=None Ask=None
[01:01:36] Ingest SPY: Last=682.1 Bid=None Ask=None
[01:01:36] Ingest SPY: Last=682.09 Bid=None Ask=None
[01:01:36] Ingest SPY: Last=682.09 Bid=None Ask=None
[01:01:36] Ingest SPY: Last=682.08 Bid=None Ask=None
[01:01:36] Ingest SPY: Last=682.085 Bid=None Ask=None
[01:01:36] Ingest SPY: Last=682.09 Bid=None Ask=None
[01:01:36] Ingest SPY: Last=682.09 Bid=None Ask=None
[01:01:36] Ingest SPY: Last=682.09 Bid=None Ask=None
[01:01:36] Ingest SPY: Last=682.093 Bid=None Ask=None
[01:01:36] Ingest BTC.PERP: Last=65369.0 Bid=65373.0 Ask=65373.5
[01:01:36] Ingest SPY-20MAR26-682-P: Last=None Bid=None Ask=12.6
[01:01:36] Ingest SPY-20MAR26-682-P: Last=None Bid=12.56 Ask=None
[01:01:36] Ingest QQQ: Last=None Bid=None Ask=601.08
[01:01:36] Ingest QQQ: Last=None Bid=601.06 Ask=None
[01:01:36] Ingest SPY: Last=None Bid=None Ask=682.1
[01:01:36] Ingest SPY: Last=None Bid=682.09 Ask=None
[01:01:36] Ingest BTC: Last=65404.0 Bid=65379.0 Ask=65415.0
[01:01:36] Ingest BTC-6MAR26-66000-C: Last=0.032 Bid=0.032 Ask=0.033
[01:01:36] Ingest BTC-6MAR26-65000-P: Last=0.0355 Bid=0.035 Ask=0.036
[01:01:36] Ingest BTC.PERP: Last=65373.5 Bid=65373.0 Ask=65373.5
[01:01:36] Ingest SPY-20MAR26-683-C: Last=None Bid=12.93 Ask=None
[01:01:36] Ingest SPY-20MAR26-683-C: Last=None Bid=None Ask=12.98
[01:01:37] Ingest BTC: Last=65404.0 Bid=65380.0 Ask=65415.0
[01:01:37] Ingest QQQ-20MAR26-601-P: Last=None Bid=14.45 Ask=None
[01:01:37] Ingest QQQ-20MAR26-601-P: Last=None Bid=None Ask=14.52
[01:01:37] Ingest QQQ-20MAR26-602-C: Last=None Bid=15.44 Ask=None
[01:01:37] Ingest QQQ-20MAR26-602-C: Last=None Bid=None Ask=15.51
[01:01:37] Ingest QQQ-20MAR26-602-C: Last=None Bid=15.44 Ask=None
[01:01:37] Ingest QQQ-20MAR26-602-C: Last=None Bid=None Ask=15.5
[01:01:37] Ingest BTC.PERP: Last=65373.5 Bid=65373.0 Ask=65373.5
[01:01:37] Ingest BTC: Last=65404.0 Bid=65381.0 Ask=65414.0
[01:01:37] Ingest QQQ: Last=601.06 Bid=None Ask=None
[01:01:37] Ingest QQQ: Last=601.06 Bid=None Ask=None
[01:01:37] Ingest QQQ: Last=601.06 Bid=None Ask=None
[01:01:37] Ingest QQQ: Last=601.06 Bid=None Ask=None
[01:01:37] Ingest QQQ: Last=601.06 Bid=None Ask=None
[01:01:37] Ingest QQQ: Last=601.06 Bid=None Ask=None
[01:01:37] Ingest QQQ: Last=601.06 Bid=None Ask=None
[01:01:37] Ingest QQQ: Last=601.06 Bid=None Ask=None
[01:01:37] Ingest QQQ: Last=601.06 Bid=None Ask=None
[01:01:37] Ingest QQQ: Last=601.06 Bid=None Ask=None
[01:01:37] Ingest QQQ: Last=601.05 Bid=None Ask=None
[01:01:37] Ingest QQQ: Last=601.05 Bid=None Ask=None
[01:01:37] Ingest QQQ: Last=601.05 Bid=None Ask=None
[01:01:37] Ingest QQQ: Last=601.05 Bid=None Ask=None
[01:01:37] Ingest QQQ: Last=601.04 Bid=None Ask=None
[01:01:37] Ingest QQQ: Last=601.04 Bid=None Ask=None
[01:01:37] Ingest QQQ: Last=601.03 Bid=None Ask=None
[01:01:37] Ingest QQQ: Last=601.03 Bid=None Ask=None
[01:01:37] Ingest QQQ: Last=601.03 Bid=None Ask=None
[01:01:37] Ingest QQQ: Last=601.04 Bid=None Ask=None
[01:01:37] Ingest QQQ: Last=601.04 Bid=None Ask=None
[01:01:37] Ingest QQQ: Last=601.04 Bid=None Ask=None
[01:01:37] Ingest QQQ: Last=601.04 Bid=None Ask=None
[01:01:37] Ingest QQQ: Last=601.04 Bid=None Ask=None
[01:01:37] Ingest SPY: Last=682.09 Bid=None Ask=None
[01:01:37] Ingest SPY: Last=682.09 Bid=None Ask=None
[01:01:37] Ingest SPY: Last=682.08 Bid=None Ask=None
[01:01:37] Ingest QQQ: Last=601.05 Bid=None Ask=None
[01:01:37] Ingest QQQ: Last=601.05 Bid=None Ask=None
[01:01:37] Ingest SPY: Last=682.08 Bid=None Ask=None
[01:01:37] Ingest QQQ: Last=601.04 Bid=None Ask=None
[01:01:37] Ingest QQQ: Last=601.04 Bid=None Ask=None
[01:01:37] Ingest QQQ: Last=601.04 Bid=None Ask=None
[01:01:37] Ingest QQQ: Last=601.04 Bid=None Ask=None
[01:01:37] Ingest QQQ: Last=601.04 Bid=None Ask=None
[01:01:37] Ingest QQQ: Last=601.04 Bid=None Ask=None
[01:01:37] Ingest QQQ: Last=601.04 Bid=None Ask=None
[01:01:37] Ingest QQQ: Last=601.04 Bid=None Ask=None
[01:01:37] Ingest QQQ: Last=601.04 Bid=None Ask=None
[01:01:37] Ingest QQQ: Last=601.05 Bid=None Ask=None
[01:01:37] Ingest QQQ: Last=601.05 Bid=None Ask=None
[01:01:37] Ingest QQQ: Last=601.05 Bid=None Ask=None
[01:01:37] Ingest SPY: Last=682.08 Bid=None Ask=None
[01:01:37] Ingest SPY: Last=682.08 Bid=None Ask=None
[01:01:37] Ingest SPY: Last=682.08 Bid=None Ask=None
[01:01:37] Ingest SPY: Last=682.08 Bid=None Ask=None
[01:01:37] Ingest QQQ: Last=601.04 Bid=None Ask=None
[01:01:37] Ingest BTC.PERP: Last=65373.5 Bid=65373.0 Ask=65373.5
[01:01:37] Ingest SPY: Last=682.065 Bid=None Ask=None
[01:01:37] Ingest SPY: Last=682.06 Bid=None Ask=None
[01:01:37] Ingest SPY: Last=682.06 Bid=None Ask=None
[01:01:37] Ingest SPY: Last=682.06 Bid=None Ask=None
[01:01:37] Ingest SPY: Last=682.07 Bid=None Ask=None
[01:01:37] Ingest SPY: Last=682.08 Bid=None Ask=None
[01:01:37] Ingest SPY: Last=682.08 Bid=None Ask=None
[01:01:37] Ingest SPY: Last=682.08 Bid=None Ask=None
[01:01:37] Ingest SPY: Last=682.08 Bid=None Ask=None
[01:01:37] Ingest SPY: Last=682.08 Bid=None Ask=None
[01:01:37] Ingest SPY: Last=682.08 Bid=None Ask=None
[01:01:37] Ingest SPY: Last=682.08 Bid=None Ask=None
[01:01:37] Ingest SPY: Last=682.08 Bid=None Ask=None
[01:01:37] Ingest SPY: Last=682.08 Bid=None Ask=None
[01:01:37] Ingest SPY: Last=682.08 Bid=None Ask=None
[01:01:37] Ingest SPY: Last=682.08 Bid=None Ask=None
[01:01:37] Ingest SPY: Last=682.08 Bid=None Ask=None
[01:01:37] Ingest SPY: Last=682.08 Bid=None Ask=None
[01:01:37] Ingest SPY: Last=682.08 Bid=None Ask=None
[01:01:37] Ingest SPY: Last=682.08 Bid=None Ask=None
[01:01:37] Ingest SPY: Last=682.08 Bid=None Ask=None
[01:01:37] Ingest SPY: Last=682.08 Bid=None Ask=None
[01:01:37] Ingest SPY: Last=682.08 Bid=None Ask=None
[01:01:37] Ingest SPY: Last=682.08 Bid=None Ask=None
[01:01:37] Ingest SPY: Last=682.09 Bid=None Ask=None
[01:01:37] Ingest SPY: Last=682.08 Bid=None Ask=None
[01:01:37] Ingest SPY: Last=682.085 Bid=None Ask=None
[01:01:37] Ingest SPY: Last=682.08 Bid=None Ask=None
[01:01:37] Ingest SPY: Last=682.08 Bid=None Ask=None
[01:01:37] Ingest SPY: Last=682.09 Bid=None Ask=None
[01:01:37] Ingest SPY: Last=682.095 Bid=None Ask=None
[01:01:37] Ingest SPY-20MAR26-682-P: Last=None Bid=12.57 Ask=None
[01:01:37] Ingest SPY-20MAR26-682-P: Last=None Bid=None Ask=12.6
[01:01:37] Ingest SPY-20MAR26-682-P: Last=None Bid=12.57 Ask=None
[01:01:37] Ingest SPY-20MAR26-682-P: Last=None Bid=None Ask=12.6
[01:01:37] Ingest QQQ: Last=None Bid=None Ask=601.06
[01:01:37] Ingest QQQ: Last=None Bid=601.04 Ask=None
[01:01:37] Ingest BTC-6MAR26-66000-C: Last=0.032 Bid=0.032 Ask=0.033
[01:01:37] Ingest SPY: Last=None Bid=None Ask=682.1
[01:01:37] Ingest SPY: Last=None Bid=682.09 Ask=None
[01:01:37] Ingest BTC.PERP: Last=65373.5 Bid=65373.0 Ask=65373.5
[01:01:38] Ingest BTC: Last=65404.0 Bid=65383.0 Ask=65414.0
[01:01:38] Ingest SPY-20MAR26-683-C: Last=None Bid=12.93 Ask=None
[01:01:38] Ingest SPY-20MAR26-683-C: Last=None Bid=None Ask=12.97
[01:01:38] Ingest QQQ-20MAR26-601-P: Last=None Bid=14.46 Ask=None
[01:01:38] Ingest QQQ-20MAR26-601-P: Last=None Bid=None Ask=14.52
[01:01:38] Ingest QQQ-20MAR26-601-P: Last=None Bid=None Ask=14.52
[01:01:38] Ingest QQQ-20MAR26-601-P: Last=None Bid=14.46 Ask=None
[01:01:38] Ingest QQQ-20MAR26-602-C: Last=None Bid=15.44 Ask=None
[01:01:38] Ingest QQQ-20MAR26-602-C: Last=None Bid=None Ask=15.49
[01:01:38] Ingest BTC.PERP: Last=65373.0 Bid=65373.0 Ask=65373.5
[01:01:38] Ingest BTC: Last=65404.0 Bid=65383.0 Ask=65414.0
[01:01:38] Ingest BTC.PERP: Last=65373.0 Bid=65373.0 Ask=65373.5
[01:01:38] Ingest QQQ: Last=601.05 Bid=None Ask=None
[01:01:38] Ingest QQQ: Last=601.05 Bid=None Ask=None
[01:01:38] Ingest QQQ: Last=601.05 Bid=None Ask=None
[01:01:38] Ingest QQQ: Last=601.05 Bid=None Ask=None
[01:01:38] Ingest QQQ: Last=601.05 Bid=None Ask=None
[01:01:38] Ingest QQQ: Last=601.05 Bid=None Ask=None
[01:01:38] Ingest QQQ: Last=601.05 Bid=None Ask=None
[01:01:38] Ingest QQQ: Last=601.05 Bid=None Ask=None
[01:01:38] Ingest QQQ: Last=601.05 Bid=None Ask=None
[01:01:38] Ingest QQQ: Last=601.05 Bid=None Ask=None
[01:01:38] Ingest QQQ: Last=601.04 Bid=None Ask=None
[01:01:38] Ingest QQQ: Last=601.04 Bid=None Ask=None
[01:01:38] Ingest QQQ: Last=601.04 Bid=None Ask=None
[01:01:38] Ingest QQQ: Last=601.04 Bid=None Ask=None
[01:01:38] Ingest QQQ: Last=601.04 Bid=None Ask=None
[01:01:38] Ingest QQQ: Last=601.04 Bid=None Ask=None
[01:01:38] Ingest QQQ: Last=601.04 Bid=None Ask=None
[01:01:38] Ingest QQQ: Last=601.04 Bid=None Ask=None
[01:01:38] Ingest QQQ: Last=601.04 Bid=None Ask=None
[01:01:38] Ingest QQQ: Last=601.04 Bid=None Ask=None
[01:01:38] Ingest QQQ: Last=601.03 Bid=None Ask=None
[01:01:38] Ingest QQQ: Last=601.025 Bid=None Ask=None
[01:01:38] Ingest QQQ: Last=601.02 Bid=None Ask=None
[01:01:38] Ingest QQQ: Last=601.02 Bid=None Ask=None
[01:01:38] Ingest QQQ: Last=601.02 Bid=None Ask=None
[01:01:38] Ingest QQQ: Last=601.02 Bid=None Ask=None
[01:01:38] Ingest QQQ: Last=601.02 Bid=None Ask=None
[01:01:38] Ingest QQQ: Last=601.015 Bid=None Ask=None
[01:01:38] Ingest QQQ: Last=601.02 Bid=None Ask=None
[01:01:38] Ingest QQQ: Last=601.015 Bid=None Ask=None
[01:01:38] Ingest QQQ: Last=601.02 Bid=None Ask=None
[01:01:38] Ingest QQQ: Last=601.015 Bid=None Ask=None
[01:01:38] Ingest QQQ: Last=601.015 Bid=None Ask=None
[01:01:38] Ingest SPY: Last=682.092 Bid=None Ask=None
[01:01:38] Ingest SPY: Last=682.09 Bid=None Ask=None
[01:01:38] Ingest SPY: Last=682.09 Bid=None Ask=None
[01:01:38] Ingest QQQ: Last=601.015 Bid=None Ask=None
[01:01:38] Ingest QQQ: Last=601.015 Bid=None Ask=None
[01:01:38] Ingest SPY: Last=682.08 Bid=None Ask=None
[01:01:38] Ingest SPY: Last=682.08 Bid=None Ask=None
[01:01:38] Ingest SPY: Last=682.08 Bid=None Ask=None
[01:01:38] Ingest SPY: Last=682.08 Bid=None Ask=None
[01:01:38] Ingest SPY: Last=682.08 Bid=None Ask=None
[01:01:38] Ingest SPY: Last=682.08 Bid=None Ask=None
[01:01:38] Ingest SPY: Last=682.08 Bid=None Ask=None
[01:01:38] Ingest QQQ: Last=601.015 Bid=None Ask=None
[01:01:38] Ingest QQQ: Last=601.02 Bid=None Ask=None
[01:01:38] Ingest QQQ: Last=601.02 Bid=None Ask=None
[01:01:38] Ingest QQQ: Last=601.02 Bid=None Ask=None
[01:01:38] Ingest SPY: Last=682.075 Bid=None Ask=None
[01:01:38] Ingest QQQ: Last=601.02 Bid=None Ask=None
[01:01:38] Ingest QQQ: Last=601.02 Bid=None Ask=None
[01:01:38] Ingest QQQ: Last=601.01 Bid=None Ask=None
[01:01:38] Ingest QQQ: Last=601.01 Bid=None Ask=None
[01:01:38] Ingest QQQ: Last=601.01 Bid=None Ask=None
[01:01:38] Ingest QQQ: Last=601.01 Bid=None Ask=None
[01:01:38] Ingest QQQ: Last=601.01 Bid=None Ask=None
[01:01:38] Ingest SPY: Last=682.07 Bid=None Ask=None
[01:01:38] Ingest QQQ: Last=601.01 Bid=None Ask=None
[01:01:38] Ingest QQQ: Last=601.005 Bid=None Ask=None
[01:01:38] Ingest QQQ: Last=601.005 Bid=None Ask=None
[01:01:38] Ingest QQQ: Last=601.005 Bid=None Ask=None
[01:01:38] Ingest QQQ: Last=601.005 Bid=None Ask=None
[01:01:38] Ingest QQQ: Last=601.005 Bid=None Ask=None
[01:01:38] Ingest QQQ: Last=601.005 Bid=None Ask=None
[01:01:38] Ingest SPY: Last=682.06 Bid=None Ask=None
[01:01:38] Ingest SPY: Last=682.06 Bid=None Ask=None
[01:01:38] Ingest SPY: Last=682.06 Bid=None Ask=None
[01:01:38] Ingest SPY: Last=682.06 Bid=None Ask=None
[01:01:38] Ingest QQQ: Last=601.01 Bid=None Ask=None
[01:01:38] Ingest QQQ: Last=601.01 Bid=None Ask=None
[01:01:38] Ingest QQQ: Last=601.01 Bid=None Ask=None
[01:01:38] Ingest QQQ: Last=601.01 Bid=None Ask=None
[01:01:38] Ingest SPY: Last=682.06 Bid=None Ask=None
[01:01:38] Ingest SPY: Last=682.055 Bid=None Ask=None
[01:01:38] Ingest SPY: Last=682.06 Bid=None Ask=None
[01:01:38] Ingest SPY: Last=682.06 Bid=None Ask=None
[01:01:38] Ingest SPY: Last=682.055 Bid=None Ask=None
[01:01:38] Ingest SPY: Last=682.06 Bid=None Ask=None
[01:01:38] Ingest SPY: Last=682.06 Bid=None Ask=None
[01:01:38] Ingest SPY: Last=682.06 Bid=None Ask=None
[01:01:38] Ingest SPY: Last=682.06 Bid=None Ask=None
[01:01:38] Ingest SPY: Last=682.06 Bid=None Ask=None
[01:01:38] Ingest QQQ: Last=601.0 Bid=None Ask=None
[01:01:38] Ingest QQQ: Last=601.0 Bid=None Ask=None
[01:01:38] Ingest QQQ: Last=601.0 Bid=None Ask=None
[01:01:38] Ingest QQQ: Last=601.0 Bid=None Ask=None
[01:01:38] Ingest SPY: Last=682.06 Bid=None Ask=None
[01:01:38] Ingest QQQ: Last=601.0 Bid=None Ask=None
[01:01:38] Ingest QQQ: Last=601.0 Bid=None Ask=None
[01:01:38] Ingest QQQ: Last=601.0 Bid=None Ask=None
[01:01:38] Ingest QQQ: Last=601.0 Bid=None Ask=None
[01:01:38] Ingest SPY: Last=682.055 Bid=None Ask=None
[01:01:38] Ingest SPY: Last=682.06 Bid=None Ask=None
[01:01:38] Ingest QQQ: Last=601.0 Bid=None Ask=None
[01:01:38] Ingest QQQ: Last=601.0 Bid=None Ask=None
[01:01:38] Ingest QQQ: Last=601.0 Bid=None Ask=None
[01:01:38] Ingest QQQ: Last=601.0 Bid=None Ask=None
[01:01:38] Ingest SPY: Last=682.06 Bid=None Ask=None
[01:01:38] Ingest SPY: Last=682.06 Bid=None Ask=None
[01:01:38] Ingest SPY: Last=682.06 Bid=None Ask=None
[01:01:38] Ingest SPY: Last=682.06 Bid=None Ask=None
[01:01:38] Ingest SPY: Last=682.06 Bid=None Ask=None
[01:01:38] Ingest QQQ: Last=601.0 Bid=None Ask=None
[01:01:38] Ingest SPY: Last=682.055 Bid=None Ask=None
[01:01:38] Ingest SPY: Last=682.06 Bid=None Ask=None
[01:01:38] Ingest SPY: Last=682.06 Bid=None Ask=None
[01:01:38] Ingest SPY: Last=682.06 Bid=None Ask=None
[01:01:38] Ingest QQQ: Last=600.99 Bid=None Ask=None
[01:01:38] Ingest QQQ: Last=600.99 Bid=None Ask=None
[01:01:38] Ingest QQQ: Last=600.99 Bid=None Ask=None
[01:01:38] Ingest QQQ: Last=600.99 Bid=None Ask=None
[01:01:38] Ingest QQQ: Last=600.99 Bid=None Ask=None
[01:01:38] Ingest QQQ: Last=601.0 Bid=None Ask=None
[01:01:38] Ingest QQQ: Last=601.0 Bid=None Ask=None
[01:01:38] Ingest QQQ: Last=601.0 Bid=None Ask=None
[01:01:38] Ingest SPY: Last=682.045 Bid=None Ask=None
[01:01:38] Ingest SPY: Last=682.05 Bid=None Ask=None
[01:01:38] Ingest QQQ: Last=600.99 Bid=None Ask=None
[01:01:38] Ingest QQQ: Last=600.99 Bid=None Ask=None
[01:01:38] Ingest SPY-20MAR26-682-P: Last=None Bid=12.57 Ask=None
[01:01:38] Ingest SPY-20MAR26-682-P: Last=None Bid=None Ask=12.6
[01:01:38] Ingest SPY-20MAR26-682-P: Last=None Bid=None Ask=12.62
[01:01:38] Ingest SPY-20MAR26-682-P: Last=None Bid=12.61 Ask=None
[01:01:38] Ingest SPY: Last=682.05 Bid=None Ask=None
[01:01:38] Ingest QQQ: Last=600.99 Bid=None Ask=None
[01:01:38] Ingest QQQ: Last=600.99 Bid=None Ask=None
[01:01:38] Ingest SPY: Last=682.04 Bid=None Ask=None
[01:01:38] Ingest SPY: Last=682.04 Bid=None Ask=None
[01:01:38] Ingest SPY: Last=682.035 Bid=None Ask=None
[01:01:38] Ingest SPY: Last=682.04 Bid=None Ask=None
[01:01:38] Ingest SPY: Last=682.035 Bid=None Ask=None
[01:01:38] Ingest SPY: Last=682.035 Bid=None Ask=None
[01:01:38] Ingest SPY: Last=682.035 Bid=None Ask=None
[01:01:38] Ingest SPY: Last=682.04 Bid=None Ask=None
[01:01:38] Ingest SPY: Last=682.04 Bid=None Ask=None
[01:01:38] Ingest SPY: Last=682.03 Bid=None Ask=None
[01:01:38] Ingest SPY: Last=682.03 Bid=None Ask=None
[01:01:38] Ingest SPY: Last=682.03 Bid=None Ask=None
[01:01:38] Ingest SPY: Last=682.04 Bid=None Ask=None
[01:01:38] Ingest SPY: Last=682.04 Bid=None Ask=None
[01:01:38] Ingest SPY: Last=682.03 Bid=None Ask=None
[01:01:38] Ingest SPY: Last=682.03 Bid=None Ask=None
[01:01:38] Ingest SPY: Last=682.03 Bid=None Ask=None
[01:01:38] Ingest SPY: Last=682.03 Bid=None Ask=None
[01:01:38] Ingest SPY: Last=682.03 Bid=None Ask=None
[01:01:38] Ingest BTC.PERP: Last=65373.0 Bid=65373.0 Ask=65373.5
[01:01:38] Ingest QQQ: Last=None Bid=None Ask=600.99
[01:01:38] Ingest QQQ: Last=None Bid=600.98 Ask=None
[01:01:39] Ingest SPY: Last=None Bid=None Ask=682.03
[01:01:39] Ingest SPY: Last=None Bid=682.02 Ask=None
[01:01:39] Ingest BTC.PERP: Last=65373.0 Bid=65373.0 Ask=65373.5
[01:01:39] Ingest SPY-20MAR26-683-C: Last=None Bid=12.9 Ask=None
[01:01:39] Ingest SPY-20MAR26-683-C: Last=None Bid=None Ask=12.95
[01:01:39] Ingest SPY-20MAR26-683-C: Last=None Bid=None Ask=12.95
[01:01:39] Ingest QQQ-20MAR26-602-C: Last=None Bid=15.4 Ask=None
[01:01:39] Ingest QQQ-20MAR26-602-C: Last=None Bid=None Ask=15.47
[01:01:39] Ingest QQQ-20MAR26-601-P: Last=None Bid=14.48 Ask=None
[01:01:39] Ingest QQQ-20MAR26-601-P: Last=None Bid=None Ask=14.55
[01:01:39] Ingest QQQ-20MAR26-601-P: Last=None Bid=14.48 Ask=None
[01:01:39] Ingest QQQ-20MAR26-601-P: Last=None Bid=None Ask=14.56
[01:01:39] Ingest BTC: Last=65404.0 Bid=65383.0 Ask=65415.0
[01:01:39] Ingest BTC.PERP: Last=65373.5 Bid=65382.5 Ask=65383.0
[01:01:39] Ingest BTC: Last=65404.0 Bid=65383.0 Ask=65430.0
[01:01:39] Ingest BTC-6MAR26-66000-C: Last=0.032 Bid=0.032 Ask=0.033
[01:01:39] Ingest BTC-6MAR26-65000-P: Last=0.0355 Bid=0.035 Ask=0.036
[01:01:39] Ingest QQQ: Last=600.98 Bid=None Ask=None
[01:01:39] Ingest QQQ: Last=600.99 Bid=None Ask=None
[01:01:39] Ingest QQQ: Last=600.99 Bid=None Ask=None
[01:01:39] Ingest QQQ: Last=600.988 Bid=None Ask=None
[01:01:39] Ingest QQQ: Last=600.988 Bid=None Ask=None
[01:01:39] Ingest QQQ: Last=600.99 Bid=None Ask=None
[01:01:39] Ingest QQQ: Last=600.99 Bid=None Ask=None
[01:01:39] Ingest QQQ: Last=600.99 Bid=None Ask=None
[01:01:39] Ingest QQQ: Last=600.99 Bid=None Ask=None
[01:01:39] Ingest QQQ: Last=600.99 Bid=None Ask=None
[01:01:39] Ingest BTC.PERP: Last=65409.5 Bid=65398.5 Ask=65412.5
[01:01:39] Ingest QQQ: Last=600.99 Bid=None Ask=None
[01:01:39] Ingest QQQ: Last=600.99 Bid=None Ask=None
[01:01:39] Ingest QQQ: Last=600.99 Bid=None Ask=None
[01:01:39] Ingest QQQ: Last=600.99 Bid=None Ask=None
[01:01:39] Ingest QQQ: Last=600.99 Bid=None Ask=None
[01:01:39] Ingest SPY: Last=682.03 Bid=None Ask=None
[01:01:39] Ingest SPY: Last=682.03 Bid=None Ask=None
[01:01:39] Ingest SPY: Last=682.03 Bid=None Ask=None
[01:01:39] Ingest SPY: Last=682.03 Bid=None Ask=None
[01:01:39] Ingest SPY: Last=682.03 Bid=None Ask=None
[01:01:39] Ingest SPY: Last=682.03 Bid=None Ask=None
[01:01:39] Ingest SPY: Last=682.03 Bid=None Ask=None
[01:01:39] Ingest SPY: Last=682.03 Bid=None Ask=None
[01:01:39] Ingest SPY: Last=682.025 Bid=None Ask=None
[01:01:39] Ingest SPY: Last=682.03 Bid=None Ask=None
[01:01:39] Ingest SPY: Last=682.03 Bid=None Ask=None
[01:01:39] Ingest QQQ: Last=601.01 Bid=None Ask=None
[01:01:39] Ingest QQQ: Last=601.0 Bid=None Ask=None
[01:01:39] Ingest QQQ: Last=601.02 Bid=None Ask=None
[01:01:39] Ingest QQQ: Last=601.02 Bid=None Ask=None
[01:01:39] Ingest QQQ: Last=601.02 Bid=None Ask=None
[01:01:39] Ingest SPY: Last=682.025 Bid=None Ask=None
[01:01:39] Ingest SPY: Last=682.025 Bid=None Ask=None
[01:01:39] Ingest SPY: Last=682.025 Bid=None Ask=None
[01:01:39] Ingest SPY: Last=682.025 Bid=None Ask=None
[01:01:39] Ingest SPY: Last=682.03 Bid=None Ask=None
[01:01:39] Ingest SPY: Last=682.03 Bid=None Ask=None
[01:01:39] Ingest SPY: Last=682.03 Bid=None Ask=None
[01:01:39] Ingest SPY: Last=682.03 Bid=None Ask=None
[01:01:39] Ingest SPY: Last=682.03 Bid=None Ask=None
[01:01:39] Ingest SPY: Last=682.03 Bid=None Ask=None
[01:01:39] Ingest SPY: Last=682.03 Bid=None Ask=None
[01:01:39] Ingest SPY: Last=682.03 Bid=None Ask=None
[01:01:39] Ingest SPY: Last=682.02 Bid=None Ask=None
[01:01:39] Ingest SPY: Last=682.02 Bid=None Ask=None
[01:01:39] Ingest SPY: Last=682.02 Bid=None Ask=None
[01:01:39] Ingest SPY: Last=682.02 Bid=None Ask=None
[01:01:39] Ingest SPY: Last=682.012 Bid=None Ask=None
[01:01:39] Ingest SPY: Last=682.02 Bid=None Ask=None
[01:01:39] Ingest SPY: Last=682.02 Bid=None Ask=None
[01:01:39] Ingest QQQ: Last=601.03 Bid=None Ask=None
[01:01:39] Ingest SPY: Last=682.03 Bid=None Ask=None
[01:01:39] Ingest SPY: Last=682.03 Bid=None Ask=None
[01:01:39] Ingest QQQ: Last=601.02 Bid=None Ask=None
[01:01:39] Ingest QQQ: Last=601.02 Bid=None Ask=None
[01:01:39] Ingest QQQ: Last=601.015 Bid=None Ask=None
[01:01:40] Ingest SPY: Last=682.03 Bid=None Ask=None
[01:01:40] Ingest SPY: Last=682.03 Bid=None Ask=None
[01:01:40] Ingest SPY: Last=682.03 Bid=None Ask=None
[01:01:40] Ingest SPY: Last=682.03 Bid=None Ask=None
[01:01:40] Ingest SPY: Last=682.03 Bid=None Ask=None
[01:01:40] Ingest SPY: Last=682.03 Bid=None Ask=None
[01:01:40] Ingest SPY: Last=682.04 Bid=None Ask=None
[01:01:40] Ingest SPY: Last=682.04 Bid=None Ask=None
[01:01:40] Ingest QQQ: Last=601.0 Bid=None Ask=None
[01:01:40] Ingest QQQ: Last=601.0 Bid=None Ask=None
[01:01:40] Ingest QQQ: Last=601.01 Bid=None Ask=None
[01:01:40] Ingest QQQ: Last=601.015 Bid=None Ask=None
[01:01:40] Ingest SPY: Last=682.05 Bid=None Ask=None
[01:01:40] Ingest SPY: Last=682.05 Bid=None Ask=None
[01:01:40] Ingest SPY-20MAR26-683-C: Last=12.91 Bid=None Ask=None
[01:01:40] Ingest SPY: Last=682.06 Bid=None Ask=None
[01:01:40] Ingest SPY: Last=682.06 Bid=None Ask=None
[01:01:40] Ingest SPY: Last=682.06 Bid=None Ask=None
[01:01:40] Ingest SPY: Last=682.06 Bid=None Ask=None
[01:01:40] Ingest SPY-20MAR26-682-P: Last=None Bid=None Ask=12.62
[01:01:40] Ingest SPY-20MAR26-682-P: Last=None Bid=12.6 Ask=None
[01:01:40] Ingest SPY: Last=682.06 Bid=None Ask=None
[01:01:40] Ingest BTC: Last=65435.0 Bid=65414.0 Ask=65458.0
[01:01:40] Ingest SPY: Last=682.05 Bid=None Ask=None
[01:01:40] Ingest SPY: Last=682.05 Bid=None Ask=None
[01:01:40] Ingest SPY: Last=682.05 Bid=None Ask=None
[01:01:40] Ingest SPY: Last=682.05 Bid=None Ask=None
[01:01:40] Ingest SPY: Last=682.05 Bid=None Ask=None
[01:01:40] Ingest SPY: Last=682.05 Bid=None Ask=None
[01:01:40] Ingest SPY: Last=682.05 Bid=None Ask=None
[01:01:40] Ingest QQQ: Last=None Bid=None Ask=601.02
[01:01:40] Ingest QQQ: Last=None Bid=601.01 Ask=None
[01:01:40] Ingest BTC.PERP: Last=65412.5 Bid=65412.0 Ask=65412.5
[01:01:40] Ingest SPY: Last=None Bid=682.04 Ask=None
[01:01:40] Ingest SPY: Last=None Bid=None Ask=682.05
[01:01:40] Ingest QQQ-20MAR26-601-P: Last=None Bid=14.46 Ask=None
[01:01:40] Ingest QQQ-20MAR26-601-P: Last=None Bid=None Ask=14.53
[01:01:40] Ingest QQQ-20MAR26-601-P: Last=None Bid=None Ask=14.54
[01:01:40] Ingest QQQ-20MAR26-601-P: Last=None Bid=14.47 Ask=None
[01:01:40] Ingest QQQ-20MAR26-602-C: Last=None Bid=15.42 Ask=None
[01:01:40] Ingest QQQ-20MAR26-602-C: Last=None Bid=None Ask=15.49
[01:01:40] Ingest QQQ-20MAR26-602-C: Last=None Bid=15.42 Ask=None
[01:01:40] Ingest QQQ-20MAR26-602-C: Last=None Bid=None Ask=15.48
[01:01:40] Ingest SPY-20MAR26-683-C: Last=None Bid=12.91 Ask=None
[01:01:40] Ingest SPY-20MAR26-683-C: Last=None Bid=None Ask=12.95
[01:01:40] Ingest SPY-20MAR26-683-C: Last=None Bid=None Ask=12.96
[01:01:40] Ingest SPY-20MAR26-683-C: Last=None Bid=12.92 Ask=None
[01:01:40] Ingest BTC-6MAR26-66000-C: Last=0.032 Bid=0.032 Ask=0.033
[01:01:40] Ingest BTC-6MAR26-65000-P: Last=0.0355 Bid=0.035 Ask=0.0355
[01:01:40] Ingest BTC: Last=65435.0 Bid=65415.0 Ask=65453.0
[01:01:40] Ingest BTC.PERP: Last=65412.5 Bid=65412.0 Ask=65412.5
[01:01:40] Ingest BTC-6MAR26-66000-C: Last=0.032 Bid=0.032 Ask=0.0335
[01:01:40] Ingest BTC-6MAR26-65000-P: Last=0.0355 Bid=0.0345 Ask=0.0355
[01:01:40] Ingest BTC: Last=65435.0 Bid=65407.0 Ask=65451.0
[01:01:40] Ingest BTC.PERP: Last=65412.5 Bid=65412.0 Ask=65412.5
[01:01:41] Ingest BTC: Last=65435.0 Bid=65408.0 Ask=65446.0
[01:01:41] Ingest BTC-6MAR26-66000-C: Last=0.032 Bid=0.032 Ask=0.033
[01:01:41] Ingest BTC-6MAR26-65000-P: Last=0.0355 Bid=0.0345 Ask=0.0355
[01:01:41] Ingest QQQ: Last=601.01 Bid=None Ask=None
[01:01:41] Ingest QQQ: Last=601.01 Bid=None Ask=None
[01:01:41] Ingest QQQ: Last=601.015 Bid=None Ask=None
[01:01:41] Ingest QQQ: Last=601.015 Bid=None Ask=None
[01:01:41] Ingest QQQ: Last=601.015 Bid=None Ask=None
[01:01:41] Ingest QQQ: Last=601.005 Bid=None Ask=None
[01:01:41] Ingest QQQ: Last=601.005 Bid=None Ask=None
[01:01:41] Ingest SPY: Last=682.05 Bid=None Ask=None
[01:01:41] Ingest QQQ: Last=601.0 Bid=None Ask=None
[01:01:41] Ingest QQQ: Last=600.99 Bid=None Ask=None
[01:01:41] Ingest QQQ: Last=600.99 Bid=None Ask=None
[01:01:41] Ingest QQQ: Last=600.985 Bid=None Ask=None
[01:01:41] Ingest QQQ: Last=601.0 Bid=None Ask=None
[01:01:41] Ingest SPY-20MAR26-682-P: Last=None Bid=12.6 Ask=None
[01:01:41] Ingest SPY-20MAR26-682-P: Last=None Bid=None Ask=12.62
[01:01:41] Ingest QQQ: Last=601.01 Bid=None Ask=None
[01:01:41] Ingest QQQ: Last=601.0 Bid=None Ask=None
[01:01:41] Ingest QQQ: Last=601.0 Bid=None Ask=None
[01:01:41] Ingest QQQ: Last=601.0 Bid=None Ask=None
[01:01:41] Ingest QQQ: Last=601.0 Bid=None Ask=None
[01:01:41] Ingest QQQ: Last=601.0 Bid=None Ask=None
[01:01:41] Ingest QQQ: Last=601.0 Bid=None Ask=None
[01:01:41] Ingest QQQ: Last=601.0 Bid=None Ask=None
[01:01:41] Ingest QQQ: Last=601.0 Bid=None Ask=None
[01:01:41] Ingest QQQ: Last=601.0 Bid=None Ask=None
[01:01:41] Ingest QQQ: Last=601.0 Bid=None Ask=None
[01:01:41] Ingest QQQ: Last=601.0 Bid=None Ask=None
[01:01:41] Ingest QQQ: Last=601.0 Bid=None Ask=None
[01:01:41] Ingest QQQ: Last=601.0 Bid=None Ask=None
[01:01:41] Ingest QQQ: Last=601.0 Bid=None Ask=None
[01:01:41] Ingest QQQ: Last=601.0 Bid=None Ask=None
[01:01:41] Ingest QQQ: Last=601.0 Bid=None Ask=None
[01:01:41] Ingest QQQ: Last=601.0 Bid=None Ask=None
[01:01:41] Ingest QQQ: Last=600.99 Bid=None Ask=None
[01:01:41] Ingest QQQ: Last=600.99 Bid=None Ask=None
[01:01:41] Ingest QQQ: Last=600.99 Bid=None Ask=None
[01:01:41] Ingest QQQ: Last=600.99 Bid=None Ask=None
[01:01:41] Ingest SPY: Last=682.045 Bid=None Ask=None
[01:01:41] Ingest QQQ: Last=600.995 Bid=None Ask=None
[01:01:41] Ingest QQQ: Last=601.0 Bid=None Ask=None
[01:01:41] Ingest QQQ: Last=601.0 Bid=None Ask=None
[01:01:41] Ingest QQQ: Last=601.0 Bid=None Ask=None
[01:01:41] Ingest QQQ: Last=600.995 Bid=None Ask=None
[01:01:41] Ingest QQQ: Last=601.0 Bid=None Ask=None
[01:01:41] Ingest SPY: Last=682.045 Bid=None Ask=None
[01:01:41] Ingest QQQ: Last=601.01 Bid=None Ask=None
[01:01:41] Ingest QQQ: Last=601.01 Bid=None Ask=None
[01:01:41] Ingest QQQ: Last=601.01 Bid=None Ask=None
[01:01:41] Ingest SPY: Last=682.04 Bid=None Ask=None
[01:01:41] Ingest QQQ: Last=601.01 Bid=None Ask=None
[01:01:41] Ingest SPY: Last=682.04 Bid=None Ask=None
[01:01:41] Ingest SPY: Last=682.05 Bid=None Ask=None
[01:01:41] Ingest SPY: Last=682.05 Bid=None Ask=None
[01:01:41] Ingest SPY: Last=682.05 Bid=None Ask=None
[01:01:41] Ingest QQQ: Last=601.02 Bid=None Ask=None
[01:01:41] Ingest SPY: Last=682.05 Bid=None Ask=None
[01:01:41] Ingest SPY: Last=682.05 Bid=None Ask=None
[01:01:41] Ingest SPY: Last=682.05 Bid=None Ask=None
[01:01:41] Ingest QQQ: Last=601.015 Bid=None Ask=None
[01:01:41] Ingest QQQ: Last=601.02 Bid=None Ask=None
[01:01:41] Ingest QQQ: Last=601.03 Bid=None Ask=None
[01:01:41] Ingest QQQ: Last=601.03 Bid=None Ask=None
[01:01:41] Ingest QQQ: Last=601.03 Bid=None Ask=None
[01:01:41] Ingest QQQ: Last=601.03 Bid=None Ask=None
[01:01:41] Ingest QQQ: Last=601.03 Bid=None Ask=None
[01:01:41] Ingest QQQ: Last=601.03 Bid=None Ask=None
[01:01:41] Ingest QQQ: Last=601.03 Bid=None Ask=None
[01:01:41] Ingest QQQ: Last=601.03 Bid=None Ask=None
[01:01:41] Ingest QQQ: Last=601.04 Bid=None Ask=None
[01:01:41] Ingest SPY: Last=682.055 Bid=None Ask=None
[01:01:41] Ingest SPY: Last=682.06 Bid=None Ask=None
[01:01:41] Ingest SPY: Last=682.055 Bid=None Ask=None
[01:01:41] Ingest SPY: Last=682.06 Bid=None Ask=None
[01:01:41] Ingest SPY: Last=682.06 Bid=None Ask=None
[01:01:41] Ingest QQQ: Last=601.05 Bid=None Ask=None
[01:01:41] Ingest BTC.PERP: Last=65412.0 Bid=65412.0 Ask=65412.5
[01:01:41] Ingest SPY: Last=682.065 Bid=None Ask=None
[01:01:41] Ingest SPY: Last=682.065 Bid=None Ask=None
[01:01:41] Ingest SPY: Last=682.08 Bid=None Ask=None
[01:01:41] Ingest QQQ: Last=601.04 Bid=None Ask=None
[01:01:41] Ingest QQQ: Last=601.04 Bid=None Ask=None
[01:01:41] Ingest QQQ: Last=601.03 Bid=None Ask=None
[01:01:41] Ingest SPY: Last=682.08 Bid=None Ask=None
[01:01:41] Ingest SPY: Last=682.08 Bid=None Ask=None
[01:01:41] Ingest SPY: Last=682.08 Bid=None Ask=None
[01:01:41] Ingest SPY: Last=682.085 Bid=None Ask=None
[01:01:41] Ingest QQQ: Last=601.03 Bid=None Ask=None
[01:01:41] Ingest SPY: Last=682.09 Bid=None Ask=None
[01:01:41] Ingest SPY: Last=682.09 Bid=None Ask=None
[01:01:41] Ingest SPY: Last=682.09 Bid=None Ask=None
[01:01:41] Ingest SPY: Last=682.09 Bid=None Ask=None
[01:01:41] Ingest SPY: Last=682.09 Bid=None Ask=None
[01:01:41] Ingest SPY: Last=682.09 Bid=None Ask=None
[01:01:41] Ingest SPY: Last=682.09 Bid=None Ask=None
[01:01:41] Ingest SPY: Last=682.09 Bid=None Ask=None
[01:01:41] Ingest SPY: Last=682.09 Bid=None Ask=None
[01:01:41] Ingest SPY: Last=682.09 Bid=None Ask=None
[01:01:41] Ingest SPY: Last=682.09 Bid=None Ask=None
[01:01:41] Ingest SPY: Last=682.09 Bid=None Ask=None
[01:01:41] Ingest SPY: Last=682.09 Bid=None Ask=None
[01:01:41] Ingest QQQ: Last=601.03 Bid=None Ask=None
[01:01:41] Ingest SPY: Last=682.09 Bid=None Ask=None
[01:01:41] Ingest SPY: Last=682.09 Bid=None Ask=None
[01:01:41] Ingest QQQ: Last=601.035 Bid=None Ask=None
[01:01:41] Ingest SPY: Last=682.08 Bid=None Ask=None
[01:01:41] Ingest QQQ: Last=601.03 Bid=None Ask=None
[01:01:41] Ingest SPY: Last=682.07 Bid=None Ask=None
[01:01:41] Ingest SPY: Last=682.07 Bid=None Ask=None
[01:01:41] Ingest SPY: Last=682.07 Bid=None Ask=None
[01:01:41] Ingest SPY: Last=682.06 Bid=None Ask=None
[01:01:41] Ingest SPY: Last=682.06 Bid=None Ask=None
[01:01:41] Ingest QQQ-20MAR26-601-P: Last=None Bid=14.47 Ask=None
[01:01:41] Ingest QQQ-20MAR26-601-P: Last=None Bid=None Ask=14.54
[01:01:41] Ingest QQQ-20MAR26-601-P: Last=None Bid=14.47 Ask=None
[01:01:41] Ingest QQQ-20MAR26-601-P: Last=None Bid=None Ask=14.54
[01:01:41] Ingest QQQ: Last=None Bid=601.01 Ask=None
[01:01:41] Ingest QQQ: Last=None Bid=None Ask=601.02
[01:01:41] Ingest BTC: Last=65435.0 Bid=65407.0 Ask=65444.0
[01:01:41] Ingest QQQ-20MAR26-602-C: Last=None Bid=15.41 Ask=None
[01:01:41] Ingest QQQ-20MAR26-602-C: Last=None Bid=None Ask=15.47
[01:01:41] Ingest BTC-6MAR26-65000-P: Last=0.0355 Bid=0.0345 Ask=0.0355
[01:01:41] Ingest SPY-20MAR26-683-C: Last=None Bid=None Ask=12.96
[01:01:41] Ingest SPY-20MAR26-683-C: Last=None Bid=12.92 Ask=None
[01:01:41] Ingest SPY: Last=None Bid=682.05 Ask=None
[01:01:41] Ingest SPY: Last=None Bid=None Ask=682.06
[01:01:41] Ingest BTC.PERP: Last=65412.0 Bid=65412.0 Ask=65412.5
[01:01:41] Ingest BTC-6MAR26-66000-C: Last=0.032 Bid=0.032 Ask=0.033
[01:01:41] Ingest BTC-6MAR26-65000-P: Last=0.0355 Bid=0.0345 Ask=0.0355
[01:01:41] Ingest BTC.PERP: Last=65412.0 Bid=65412.0 Ask=65412.5
[01:01:42] Ingest BTC.PERP: Last=65412.0 Bid=65412.0 Ask=65412.5
[01:01:42] Ingest SPY-20MAR26-682-P: Last=None Bid=12.6 Ask=None
[01:01:42] Ingest SPY-20MAR26-682-P: Last=None Bid=None Ask=12.62
[01:01:42] Ingest SPY-20MAR26-682-P: Last=None Bid=None Ask=12.62
[01:01:42] Ingest SPY-20MAR26-682-P: Last=None Bid=12.6 Ask=None
[01:01:42] Ingest QQQ: Last=601.01 Bid=None Ask=None
[01:01:42] Ingest QQQ: Last=601.0 Bid=None Ask=None
[01:01:42] Ingest QQQ: Last=601.0 Bid=None Ask=None
[01:01:42] Ingest QQQ: Last=601.0 Bid=None Ask=None
[01:01:42] Ingest QQQ: Last=601.0 Bid=None Ask=None
[01:01:42] Ingest SPY: Last=682.05 Bid=None Ask=None
[01:01:42] Ingest QQQ: Last=601.0 Bid=None Ask=None
[01:01:42] Ingest QQQ: Last=601.0 Bid=None Ask=None
[01:01:42] Ingest BTC: Last=65435.0 Bid=65408.0 Ask=65448.0
[01:01:42] Ingest QQQ: Last=601.005 Bid=None Ask=None
[01:01:42] Ingest QQQ: Last=601.005 Bid=None Ask=None
[01:01:42] Ingest QQQ-20MAR26-601-P: Last=None Bid=14.46 Ask=None
[01:01:42] Ingest QQQ-20MAR26-601-P: Last=None Bid=None Ask=14.53
[01:01:42] Ingest QQQ: Last=601.01 Bid=None Ask=None
[01:01:42] Ingest QQQ: Last=601.01 Bid=None Ask=None
[01:01:42] Ingest QQQ: Last=601.0 Bid=None Ask=None
[01:01:42] Ingest QQQ: Last=601.0 Bid=None Ask=None
[01:01:42] Ingest SPY: Last=682.04 Bid=None Ask=None
[01:01:42] Ingest SPY: Last=682.04 Bid=None Ask=None
[01:01:42] Ingest QQQ: Last=601.01 Bid=None Ask=None
[01:01:42] Ingest QQQ: Last=601.01 Bid=None Ask=None
[01:01:42] Ingest SPY: Last=682.04 Bid=None Ask=None
[01:01:42] Ingest QQQ: Last=601.02 Bid=None Ask=None
[01:01:42] Ingest BTC-6MAR26-65000-P: Last=0.0355 Bid=0.0345 Ask=0.0355
[01:01:42] Ingest QQQ: Last=601.03 Bid=None Ask=None
[01:01:42] Ingest QQQ: Last=601.03 Bid=None Ask=None
[01:01:42] Ingest QQQ: Last=601.03 Bid=None Ask=None
[01:01:42] Ingest QQQ: Last=601.03 Bid=None Ask=None
[01:01:42] Ingest QQQ: Last=601.04 Bid=None Ask=None
[01:01:42] Ingest QQQ: Last=601.04 Bid=None Ask=None
[01:01:42] Ingest QQQ: Last=601.04 Bid=None Ask=None
[01:01:42] Ingest QQQ: Last=601.04 Bid=None Ask=None
[01:01:42] Ingest QQQ: Last=601.04 Bid=None Ask=None
[01:01:42] Ingest QQQ: Last=601.04 Bid=None Ask=None
[01:01:42] Ingest SPY: Last=682.045 Bid=None Ask=None
[01:01:42] Ingest SPY: Last=682.06 Bid=None Ask=None
[01:01:42] Ingest QQQ-20MAR26-602-C: Last=None Bid=15.42 Ask=None
[01:01:42] Ingest QQQ-20MAR26-602-C: Last=None Bid=None Ask=15.48
[01:01:42] Ingest QQQ-20MAR26-602-C: Last=None Bid=None Ask=15.49
[01:01:42] Ingest QQQ-20MAR26-602-C: Last=None Bid=15.43 Ask=None
[01:01:42] Ingest SPY: Last=682.06 Bid=None Ask=None
[01:01:42] Ingest SPY: Last=682.07 Bid=None Ask=None
[01:01:42] Ingest SPY: Last=682.07 Bid=None Ask=None
[01:01:42] Ingest SPY: Last=682.08 Bid=None Ask=None
[01:01:42] Ingest SPY: Last=682.06 Bid=None Ask=None
[01:01:42] Ingest SPY-20MAR26-683-C: Last=None Bid=None Ask=12.96
[01:01:42] Ingest SPY-20MAR26-683-C: Last=None Bid=12.92 Ask=None
[01:01:42] Ingest SPY: Last=682.075 Bid=None Ask=None
[01:01:42] Ingest BTC.PERP: Last=65412.0 Bid=65412.0 Ask=65412.5
[01:01:42] Ingest QQQ: Last=None Bid=601.04 Ask=None
[01:01:42] Ingest QQQ: Last=None Bid=None Ask=601.05
[01:01:42] Ingest SPY: Last=None Bid=682.07 Ask=None
[01:01:42] Ingest SPY: Last=None Bid=None Ask=682.08
[01:01:42] Ingest BTC: Last=65435.0 Bid=65408.0 Ask=65444.0
[01:01:42] Ingest BTC-6MAR26-65000-P: Last=0.0355 Bid=0.0345 Ask=0.0355
[01:01:42] Ingest BTC.PERP: Last=65412.0 Bid=65412.0 Ask=65412.5
[01:01:43] Ingest BTC: Last=65435.0 Bid=65407.0 Ask=65452.0
[01:01:43] Ingest BTC-6MAR26-65000-P: Last=0.0355 Bid=0.0345 Ask=0.0355
[01:01:43] Ingest BTC.PERP: Last=65412.0 Bid=65412.0 Ask=65412.5
[01:01:43] Ingest SPY-20MAR26-682-P: Last=None Bid=12.59 Ask=None
[01:01:43] Ingest SPY-20MAR26-682-P: Last=None Bid=None Ask=12.62
[01:01:43] Ingest SPY-20MAR26-682-P: Last=None Bid=None Ask=12.61
[01:01:43] Ingest SPY-20MAR26-682-P: Last=None Bid=12.59 Ask=None
[01:01:43] Ingest BTC: Last=65435.0 Bid=65407.0 Ask=65452.0
[01:01:43] Ingest QQQ-20MAR26-601-P: Last=None Bid=14.46 Ask=None
[01:01:43] Ingest QQQ-20MAR26-601-P: Last=None Bid=None Ask=14.54
[01:01:43] Ingest QQQ-20MAR26-601-P: Last=None Bid=None Ask=14.53
[01:01:43] Ingest QQQ-20MAR26-601-P: Last=None Bid=14.47 Ask=None
[01:01:43] Ingest QQQ: Last=601.053 Bid=None Ask=None
[01:01:43] Ingest QQQ: Last=601.05 Bid=None Ask=None
[01:01:43] Ingest QQQ: Last=601.05 Bid=None Ask=None
[01:01:43] Ingest QQQ: Last=601.05 Bid=None Ask=None
[01:01:43] Ingest QQQ: Last=601.04 Bid=None Ask=None
[01:01:43] Ingest QQQ: Last=601.05 Bid=None Ask=None
[01:01:43] Ingest QQQ: Last=601.05 Bid=None Ask=None
[01:01:43] Ingest QQQ: Last=601.04 Bid=None Ask=None
[01:01:43] Ingest QQQ: Last=601.04 Bid=None Ask=None
[01:01:43] Ingest QQQ: Last=601.04 Bid=None Ask=None
[01:01:43] Ingest SPY: Last=682.08 Bid=None Ask=None
[01:01:43] Ingest SPY: Last=682.08 Bid=None Ask=None
[01:01:43] Ingest SPY: Last=682.08 Bid=None Ask=None
[01:01:43] Ingest SPY: Last=682.08 Bid=None Ask=None
[01:01:43] Ingest SPY: Last=682.08 Bid=None Ask=None
[01:01:43] Ingest SPY: Last=682.08 Bid=None Ask=None
[01:01:43] Ingest SPY: Last=682.08 Bid=None Ask=None
[01:01:43] Ingest SPY: Last=682.07 Bid=None Ask=None
[01:01:43] Ingest SPY: Last=682.07 Bid=None Ask=None
[01:01:43] Ingest SPY: Last=682.07 Bid=None Ask=None
[01:01:43] Ingest SPY: Last=682.07 Bid=None Ask=None
[01:01:43] Ingest SPY: Last=682.07 Bid=None Ask=None
[01:01:43] Ingest SPY: Last=682.07 Bid=None Ask=None
[01:01:43] Ingest SPY: Last=682.06 Bid=None Ask=None
[01:01:43] Ingest SPY: Last=682.07 Bid=None Ask=None
[01:01:43] Ingest SPY: Last=682.06 Bid=None Ask=None
[01:01:43] Ingest SPY: Last=682.06 Bid=None Ask=None
[01:01:43] Ingest SPY: Last=682.06 Bid=None Ask=None
[01:01:43] Ingest BTC.PERP: Last=65412.0 Bid=65412.0 Ask=65412.5
[01:01:43] Ingest SPY: Last=682.06 Bid=None Ask=None
[01:01:43] Ingest SPY: Last=682.05 Bid=None Ask=None
[01:01:43] Ingest SPY: Last=682.05 Bid=None Ask=None
[01:01:43] Ingest SPY: Last=682.05 Bid=None Ask=None
[01:01:43] Ingest SPY: Last=682.05 Bid=None Ask=None
[01:01:43] Ingest SPY: Last=682.05 Bid=None Ask=None
[01:01:43] Ingest SPY: Last=682.04 Bid=None Ask=None
[01:01:43] Ingest SPY: Last=682.05 Bid=None Ask=None
[01:01:43] Ingest QQQ-20MAR26-602-C: Last=None Bid=15.43 Ask=None
[01:01:43] Ingest QQQ-20MAR26-602-C: Last=None Bid=None Ask=15.49
[01:01:43] Ingest QQQ-20MAR26-602-C: Last=None Bid=15.43 Ask=None
[01:01:43] Ingest QQQ-20MAR26-602-C: Last=None Bid=None Ask=15.49
[01:01:43] Ingest SPY-20MAR26-683-C: Last=None Bid=12.93 Ask=None
[01:01:43] Ingest SPY-20MAR26-683-C: Last=None Bid=None Ask=12.97
[01:01:43] Ingest SPY-20MAR26-683-C: Last=None Bid=None Ask=12.96
[01:01:43] Ingest SPY-20MAR26-683-C: Last=None Bid=12.91 Ask=None
[01:01:43] Ingest BTC: Last=65435.0 Bid=65407.0 Ask=65450.0
[01:01:43] Ingest BTC-6MAR26-66000-C: Last=0.032 Bid=0.032 Ask=0.033
[01:01:43] Ingest BTC-6MAR26-65000-P: Last=0.0355 Bid=0.0345 Ask=0.0355
[01:01:43] Ingest QQQ: Last=None Bid=None Ask=601.03
[01:01:43] Ingest QQQ: Last=None Bid=601.02 Ask=None
[01:01:43] Ingest SPY: Last=None Bid=682.04 Ask=None
[01:01:43] Ingest SPY: Last=None Bid=None Ask=682.05
[01:01:43] Ingest BTC.PERP: Last=65412.0 Bid=65412.0 Ask=65412.5
[01:01:44] Ingest BTC: Last=65435.0 Bid=65408.0 Ask=65454.0
[01:01:44] Ingest BTC-6MAR26-65000-P: Last=0.0355 Bid=0.0345 Ask=0.0355
[01:01:44] Ingest BTC.PERP: Last=65412.0 Bid=65412.0 Ask=65412.5
[01:01:44] Ingest SPY-20MAR26-682-P: Last=None Bid=None Ask=12.62
[01:01:44] Ingest SPY-20MAR26-682-P: Last=None Bid=12.6 Ask=None
[01:01:44] Ingest BTC: Last=65435.0 Bid=65409.0 Ask=65453.0
[01:01:44] Ingest BTC.PERP: Last=65412.0 Bid=65412.0 Ask=65412.5
[01:01:44] Ingest QQQ-20MAR26-601-P: Last=None Bid=14.47 Ask=None
[01:01:44] Ingest QQQ-20MAR26-601-P: Last=None Bid=None Ask=14.53
[01:01:44] Ingest QQQ-20MAR26-601-P: Last=None Bid=None Ask=14.53
[01:01:44] Ingest QQQ-20MAR26-601-P: Last=None Bid=14.47 Ask=None
[01:01:44] Ingest QQQ: Last=601.03 Bid=None Ask=None
[01:01:44] Ingest QQQ: Last=601.03 Bid=None Ask=None
[01:01:44] Ingest QQQ: Last=601.02 Bid=None Ask=None
[01:01:44] Ingest QQQ: Last=601.02 Bid=None Ask=None
[01:01:44] Ingest QQQ: Last=601.03 Bid=None Ask=None
[01:01:44] Ingest QQQ: Last=601.03 Bid=None Ask=None
[01:01:44] Ingest QQQ: Last=601.03 Bid=None Ask=None
[01:01:44] Ingest SPY: Last=682.05 Bid=None Ask=None
[01:01:44] Ingest SPY: Last=682.04 Bid=None Ask=None
[01:01:44] Ingest QQQ: Last=601.04 Bid=None Ask=None
[01:01:44] Ingest SPY: Last=682.04 Bid=None Ask=None
[01:01:44] Ingest SPY: Last=682.04 Bid=None Ask=None
[01:01:44] Ingest SPY: Last=682.04 Bid=None Ask=None
[01:01:44] Ingest SPY: Last=682.04 Bid=None Ask=None
[01:01:44] Ingest SPY: Last=682.04 Bid=None Ask=None
[01:01:44] Ingest SPY: Last=682.05 Bid=None Ask=None
[01:01:44] Ingest SPY: Last=682.05 Bid=None Ask=None
[01:01:44] Ingest QQQ-20MAR26-602-C: Last=None Bid=15.43 Ask=None
[01:01:44] Ingest QQQ-20MAR26-602-C: Last=None Bid=None Ask=15.49
[01:01:44] Ingest QQQ-20MAR26-602-C: Last=None Bid=None Ask=15.49
[01:01:44] Ingest SPY: Last=682.05 Bid=None Ask=None
[01:01:44] Ingest SPY: Last=682.045 Bid=None Ask=None
[01:01:44] Ingest SPY: Last=682.045 Bid=None Ask=None
[01:01:44] Ingest SPY: Last=682.045 Bid=None Ask=None
[01:01:44] Ingest SPY: Last=682.045 Bid=None Ask=None
[01:01:44] Ingest SPY: Last=682.045 Bid=None Ask=None
[01:01:44] Ingest SPY: Last=682.04 Bid=None Ask=None
[01:01:44] Ingest QQQ: Last=601.035 Bid=None Ask=None
[01:01:44] Ingest QQQ: Last=601.035 Bid=None Ask=None
[01:01:44] Ingest SPY: Last=682.045 Bid=None Ask=None
[01:01:44] Ingest SPY: Last=682.045 Bid=None Ask=None
[01:01:44] Ingest SPY: Last=682.045 Bid=None Ask=None
[01:01:44] Ingest SPY: Last=682.05 Bid=None Ask=None
[01:01:44] Ingest SPY: Last=682.05 Bid=None Ask=None
[01:01:44] Ingest SPY: Last=682.045 Bid=None Ask=None
[01:01:44] Ingest SPY: Last=682.05 Bid=None Ask=None
[01:01:44] Ingest SPY: Last=682.05 Bid=None Ask=None
[01:01:44] Ingest SPY: Last=682.05 Bid=None Ask=None
[01:01:44] Ingest SPY: Last=682.045 Bid=None Ask=None
[01:01:44] Ingest SPY: Last=682.045 Bid=None Ask=None
[01:01:44] Ingest SPY: Last=682.045 Bid=None Ask=None
[01:01:44] Ingest SPY: Last=682.045 Bid=None Ask=None
[01:01:44] Ingest SPY: Last=682.045 Bid=None Ask=None
[01:01:44] Ingest SPY: Last=682.05 Bid=None Ask=None
[01:01:44] Ingest SPY: Last=682.045 Bid=None Ask=None
[01:01:44] Ingest SPY: Last=682.05 Bid=None Ask=None
[01:01:44] Ingest SPY: Last=682.045 Bid=None Ask=None
[01:01:44] Ingest SPY: Last=682.045 Bid=None Ask=None
[01:01:44] Ingest SPY: Last=682.067 Bid=None Ask=None
[01:01:44] Ingest SPY: Last=682.045 Bid=None Ask=None
[01:01:44] Ingest SPY: Last=682.045 Bid=None Ask=None
[01:01:44] Ingest BTC.PERP: Last=65412.0 Bid=65412.0 Ask=65412.5
[01:01:44] Ingest QQQ: Last=None Bid=None Ask=601.04
[01:01:44] Ingest QQQ: Last=None Bid=601.03 Ask=None
[01:01:44] Ingest SPY: Last=None Bid=682.04 Ask=None
[01:01:44] Ingest SPY: Last=None Bid=None Ask=682.05
[01:01:45] Ingest BTC: Last=65435.0 Bid=65411.0 Ask=65453.0
[01:01:45] Ingest BTC.PERP: Last=65412.0 Bid=65412.0 Ask=65412.5
[01:01:45] Ingest BTC: Last=65435.0 Bid=65411.0 Ask=65453.0
[01:01:45] Ingest BTC.PERP: Last=65412.0 Bid=65412.0 Ask=65412.5
[01:01:45] Ingest QQQ-20MAR26-601-P: Last=None Bid=14.45 Ask=None
[01:01:45] Ingest QQQ-20MAR26-601-P: Last=None Bid=None Ask=14.52
[01:01:45] Ingest SPY-20MAR26-682-P: Last=None Bid=12.59 Ask=None
[01:01:45] Ingest SPY-20MAR26-682-P: Last=None Bid=None Ask=12.61
[01:01:45] Ingest SPY-20MAR26-682-P: Last=None Bid=None Ask=12.61
[01:01:45] Ingest SPY-20MAR26-682-P: Last=None Bid=12.59 Ask=None
[01:01:45] Ingest QQQ-20MAR26-602-C: Last=None Bid=15.45 Ask=None
[01:01:45] Ingest QQQ-20MAR26-602-C: Last=None Bid=None Ask=15.51
[01:01:45] Ingest QQQ-20MAR26-602-C: Last=None Bid=15.45 Ask=None
[01:01:45] Ingest QQQ-20MAR26-602-C: Last=None Bid=None Ask=15.51
[01:01:45] Ingest QQQ: Last=601.04 Bid=None Ask=None
[01:01:45] Ingest QQQ: Last=601.04 Bid=None Ask=None
[01:01:45] Ingest QQQ: Last=601.04 Bid=None Ask=None
[01:01:45] Ingest QQQ: Last=601.06 Bid=None Ask=None
[01:01:45] Ingest QQQ: Last=601.05 Bid=None Ask=None
[01:01:45] Ingest QQQ: Last=601.05 Bid=None Ask=None
[01:01:45] Ingest QQQ: Last=601.06 Bid=None Ask=None
[01:01:45] Ingest QQQ: Last=601.06 Bid=None Ask=None
[01:01:45] Ingest QQQ: Last=601.06 Bid=None Ask=None
[01:01:45] Ingest QQQ: Last=601.06 Bid=None Ask=None
[01:01:45] Ingest QQQ: Last=601.07 Bid=None Ask=None
[01:01:45] Ingest QQQ: Last=601.07 Bid=None Ask=None
[01:01:45] Ingest QQQ: Last=601.07 Bid=None Ask=None
[01:01:45] Ingest SPY: Last=682.045 Bid=None Ask=None
[01:01:45] Ingest SPY: Last=682.045 Bid=None Ask=None
[01:01:45] Ingest SPY: Last=682.045 Bid=None Ask=None
[01:01:45] Ingest SPY: Last=682.045 Bid=None Ask=None
[01:01:45] Ingest SPY: Last=682.055 Bid=None Ask=None
[01:01:45] Ingest SPY: Last=682.055 Bid=None Ask=None
[01:01:45] Ingest SPY: Last=682.055 Bid=None Ask=None
[01:01:45] Ingest SPY-20MAR26-683-C: Last=None Bid=12.93 Ask=None
[01:01:45] Ingest SPY-20MAR26-683-C: Last=None Bid=None Ask=12.97
[01:01:45] Ingest SPY-20MAR26-683-C: Last=None Bid=12.93 Ask=None
[01:01:45] Ingest SPY-20MAR26-683-C: Last=None Bid=None Ask=12.97
[01:01:45] Ingest QQQ: Last=601.09 Bid=None Ask=None
[01:01:45] Ingest SPY: Last=682.055 Bid=None Ask=None
[01:01:45] Ingest SPY: Last=682.055 Bid=None Ask=None
[01:01:45] Ingest SPY: Last=682.06 Bid=None Ask=None
[01:01:45] Ingest QQQ: Last=601.09 Bid=None Ask=None
[01:01:45] Ingest SPY: Last=682.055 Bid=None Ask=None
[01:01:45] Ingest SPY: Last=682.06 Bid=None Ask=None
[01:01:45] Ingest SPY: Last=682.06 Bid=None Ask=None
[01:01:45] Ingest SPY: Last=682.06 Bid=None Ask=None
[01:01:45] Ingest SPY: Last=682.055 Bid=None Ask=None
[01:01:45] Ingest SPY: Last=682.055 Bid=None Ask=None
[01:01:45] Ingest SPY: Last=682.055 Bid=None Ask=None
[01:01:45] Ingest SPY: Last=682.055 Bid=None Ask=None
[01:01:45] Ingest SPY: Last=682.055 Bid=None Ask=None
[01:01:45] Ingest SPY: Last=682.06 Bid=None Ask=None
[01:01:45] Ingest SPY: Last=682.055 Bid=None Ask=None
[01:01:45] Ingest QQQ: Last=601.08 Bid=None Ask=None
[01:01:45] Ingest QQQ: Last=601.07 Bid=None Ask=None
[01:01:45] Ingest SPY: Last=682.055 Bid=None Ask=None
[01:01:45] Ingest SPY: Last=682.06 Bid=None Ask=None
[01:01:45] Ingest SPY: Last=682.07 Bid=None Ask=None
[01:01:45] Ingest QQQ: Last=601.06 Bid=None Ask=None
[01:01:45] Ingest SPY: Last=682.09 Bid=None Ask=None
[01:01:45] Ingest SPY: Last=682.09 Bid=None Ask=None
[01:01:45] Ingest QQQ: Last=601.065 Bid=None Ask=None
[01:01:45] Ingest SPY: Last=682.09 Bid=None Ask=None
[01:01:45] Ingest SPY: Last=682.08 Bid=None Ask=None
[01:01:45] Ingest QQQ: Last=601.06 Bid=None Ask=None
[01:01:45] Ingest QQQ: Last=601.07 Bid=None Ask=None
[01:01:45] Ingest SPY: Last=682.072 Bid=None Ask=None
[01:01:45] Ingest QQQ: Last=601.05 Bid=None Ask=None
[01:01:45] Ingest SPY: Last=682.07 Bid=None Ask=None
[01:01:45] Ingest SPY: Last=682.075 Bid=None Ask=None
[01:01:45] Ingest BTC.PERP: Last=65412.0 Bid=65412.0 Ask=65412.5
[01:01:45] Ingest SPY: Last=682.08 Bid=None Ask=None
[01:01:45] Ingest SPY: Last=682.075 Bid=None Ask=None
[01:01:45] Ingest SPY: Last=682.075 Bid=None Ask=None
[01:01:45] Ingest SPY: Last=682.08 Bid=None Ask=None
[01:01:45] Ingest SPY: Last=682.075 Bid=None Ask=None
[01:01:45] Ingest SPY: Last=682.075 Bid=None Ask=None
[01:01:45] Ingest SPY: Last=682.08 Bid=None Ask=None
[01:01:45] Ingest SPY: Last=682.08 Bid=None Ask=None
[01:01:45] Ingest SPY: Last=682.075 Bid=None Ask=None
[01:01:45] Ingest SPY: Last=682.075 Bid=None Ask=None
[01:01:45] Ingest SPY: Last=682.075 Bid=None Ask=None
[01:01:45] Ingest SPY: Last=682.075 Bid=None Ask=None
[01:01:45] Ingest SPY: Last=682.075 Bid=None Ask=None
[01:01:45] Ingest SPY: Last=682.075 Bid=None Ask=None
[01:01:45] Ingest SPY: Last=682.075 Bid=None Ask=None
[01:01:45] Ingest SPY: Last=682.075 Bid=None Ask=None
[01:01:45] Ingest SPY: Last=682.08 Bid=None Ask=None
[01:01:45] Ingest SPY: Last=682.08 Bid=None Ask=None
[01:01:45] Ingest SPY: Last=682.08 Bid=None Ask=None
[01:01:45] Ingest SPY: Last=682.08 Bid=None Ask=None
[01:01:45] Ingest SPY: Last=682.08 Bid=None Ask=None
[01:01:45] Ingest SPY: Last=682.08 Bid=None Ask=None
[01:01:45] Ingest SPY: Last=682.08 Bid=None Ask=None
[01:01:45] Ingest SPY: Last=682.07 Bid=None Ask=None
[01:01:45] Ingest SPY: Last=682.06 Bid=None Ask=None
[01:01:45] Ingest SPY: Last=682.055 Bid=None Ask=None
[01:01:45] Ingest SPY: Last=682.075 Bid=None Ask=None
[01:01:45] Ingest QQQ: Last=None Bid=None Ask=601.06
[01:01:45] Ingest QQQ: Last=None Bid=601.05 Ask=None
[01:01:46] Ingest SPY: Last=None Bid=None Ask=682.07
[01:01:46] Ingest SPY: Last=None Bid=682.06 Ask=None
[01:01:46] Ingest BTC-6MAR26-66000-C: Last=0.032 Bid=0.032 Ask=0.033
[01:01:46] Ingest BTC: Last=65435.0 Bid=65411.0 Ask=65444.0
[01:01:46] Ingest BTC.PERP: Last=65412.0 Bid=65412.0 Ask=65412.5
[01:01:46] Ingest BTC: Last=65435.0 Bid=65411.0 Ask=65445.0
[01:01:46] Ingest BTC.PERP: Last=65412.0 Bid=65412.0 Ask=65412.5
[01:01:46] Ingest QQQ-20MAR26-601-P: Last=None Bid=None Ask=14.52
[01:01:46] Ingest QQQ-20MAR26-601-P: Last=None Bid=14.46 Ask=None
[01:01:46] Ingest QQQ-20MAR26-602-C: Last=None Bid=15.44 Ask=None
[01:01:46] Ingest QQQ-20MAR26-602-C: Last=None Bid=None Ask=15.5
[01:01:46] Ingest QQQ-20MAR26-602-C: Last=None Bid=15.44 Ask=None
[01:01:46] Ingest QQQ-20MAR26-602-C: Last=None Bid=None Ask=15.5
[01:01:46] Ingest SPY-20MAR26-682-P: Last=None Bid=12.6 Ask=None
[01:01:46] Ingest SPY-20MAR26-682-P: Last=None Bid=None Ask=12.62
[01:01:46] Ingest SPY-20MAR26-682-P: Last=None Bid=None Ask=12.62
[01:01:46] Ingest SPY-20MAR26-682-P: Last=None Bid=12.6 Ask=None
[01:01:46] Ingest BTC: Last=65435.0 Bid=65411.0 Ask=65453.0
[01:01:46] Ingest SPY-20MAR26-683-C: Last=None Bid=12.92 Ask=None
[01:01:46] Ingest SPY-20MAR26-683-C: Last=None Bid=None Ask=12.96
[01:01:46] Ingest QQQ: Last=601.051 Bid=None Ask=None
[01:01:46] Ingest BTC.PERP: Last=65412.0 Bid=65412.0 Ask=65412.5
[01:01:46] Ingest QQQ: Last=601.05 Bid=None Ask=None
[01:01:46] Ingest QQQ: Last=601.05 Bid=None Ask=None
[01:01:46] Ingest QQQ: Last=601.05 Bid=None Ask=None
[01:01:46] Ingest QQQ: Last=601.05 Bid=None Ask=None
[01:01:46] Ingest SPY: Last=682.055 Bid=None Ask=None
[01:01:46] Ingest SPY: Last=682.05 Bid=None Ask=None
[01:01:46] Ingest SPY: Last=682.05 Bid=None Ask=None
[01:01:46] Ingest SPY: Last=682.05 Bid=None Ask=None
[01:01:46] Ingest SPY: Last=682.05 Bid=None Ask=None
[01:01:46] Ingest SPY: Last=682.05 Bid=None Ask=None
[01:01:46] Ingest SPY: Last=682.05 Bid=None Ask=None
[01:01:46] Ingest SPY: Last=682.05 Bid=None Ask=None
[01:01:46] Ingest SPY: Last=682.05 Bid=None Ask=None
[01:01:46] Ingest SPY: Last=682.05 Bid=None Ask=None
[01:01:46] Ingest SPY: Last=682.05 Bid=None Ask=None
[01:01:46] Ingest SPY: Last=682.05 Bid=None Ask=None
[01:01:46] Ingest SPY: Last=682.05 Bid=None Ask=None
[01:01:46] Ingest SPY: Last=682.05 Bid=None Ask=None
[01:01:46] Ingest QQQ: Last=601.04 Bid=None Ask=None
[01:01:46] Ingest QQQ: Last=601.04 Bid=None Ask=None
[01:01:46] Ingest QQQ: Last=601.04 Bid=None Ask=None
[01:01:46] Ingest QQQ: Last=601.04 Bid=None Ask=None
[01:01:46] Ingest QQQ: Last=601.04 Bid=None Ask=None
[01:01:46] Ingest QQQ: Last=601.04 Bid=None Ask=None
[01:01:46] Ingest QQQ: Last=601.04 Bid=None Ask=None
[01:01:46] Ingest SPY: Last=682.05 Bid=None Ask=None
[01:01:46] Ingest SPY: Last=682.05 Bid=None Ask=None
[01:01:46] Ingest SPY: Last=682.05 Bid=None Ask=None
[01:01:46] Ingest QQQ: Last=601.04 Bid=None Ask=None
[01:01:46] Ingest QQQ: Last=601.04 Bid=None Ask=None
[01:01:46] Ingest SPY: Last=682.05 Bid=None Ask=None
[01:01:46] Ingest SPY: Last=682.05 Bid=None Ask=None
[01:01:46] Ingest SPY: Last=682.05 Bid=None Ask=None
[01:01:46] Ingest SPY: Last=682.042 Bid=None Ask=None
[01:01:46] Ingest SPY: Last=682.045 Bid=None Ask=None
[01:01:47] Ingest BTC-6MAR26-65000-P: Last=0.0355 Bid=0.035 Ask=0.0355
[01:01:47] Ingest BTC: Last=65435.0 Bid=65411.0 Ask=65445.0
[01:01:47] Ingest QQQ: Last=None Bid=601.03 Ask=None
[01:01:47] Ingest QQQ: Last=None Bid=None Ask=601.04
[01:01:47] Ingest BTC.PERP: Last=65412.0 Bid=65412.0 Ask=65412.5
[01:01:47] Ingest SPY: Last=None Bid=None Ask=682.05
[01:01:47] Ingest SPY: Last=None Bid=682.04 Ask=None
[01:01:47] Ingest BTC: Last=65435.0 Bid=65410.0 Ask=65441.0
[01:01:47] Ingest BTC.PERP: Last=65412.0 Bid=65400.0 Ask=65400.5
[01:01:47] Ingest QQQ-20MAR26-601-P: Last=None Bid=14.46 Ask=None
[01:01:47] Ingest QQQ-20MAR26-601-P: Last=None Bid=None Ask=14.53
[01:01:47] Ingest QQQ-20MAR26-602-C: Last=None Bid=None Ask=15.49
[01:01:47] Ingest QQQ-20MAR26-602-C: Last=None Bid=15.43 Ask=None
[01:01:47] Ingest BTC: Last=65435.0 Bid=65391.0 Ask=65434.0
[01:01:47] Ingest ETH: Last=1885.1 Bid=1886.0 Ask=1887.0
[01:01:47] Ingest ETH.PERP: Last=1887.05 Bid=1886.35 Ask=1886.4
[01:01:47] Ingest BTC-6MAR26-66000-C: Last=0.032 Bid=0.032 Ask=0.033
[01:01:47] Ingest SPY-20MAR26-682-P: Last=None Bid=12.61 Ask=None
[01:01:47] Ingest BTC-6MAR26-65000-P: Last=0.0355 Bid=0.035 Ask=0.0355
[01:01:47] Ingest BTC.PERP: Last=65412.0 Bid=65400.0 Ask=65400.5
[01:01:47] Ingest SPY-20MAR26-683-C: Last=None Bid=12.92 Ask=None
[01:01:47] Ingest SPY-20MAR26-683-C: Last=None Bid=None Ask=12.96
[01:01:47] Ingest QQQ: Last=601.04 Bid=None Ask=None
[01:01:47] Ingest QQQ: Last=601.04 Bid=None Ask=None
[01:01:47] Ingest QQQ: Last=601.04 Bid=None Ask=None
[01:01:47] Ingest QQQ: Last=601.04 Bid=None Ask=None
[01:01:47] Ingest QQQ: Last=601.038 Bid=None Ask=None
[01:01:47] Ingest QQQ: Last=601.04 Bid=None Ask=None
[01:01:47] Ingest QQQ: Last=601.04 Bid=None Ask=None
[01:01:47] Ingest QQQ: Last=601.04 Bid=None Ask=None
[01:01:47] Ingest QQQ: Last=601.04 Bid=None Ask=None
[01:01:47] Ingest QQQ: Last=601.04 Bid=None Ask=None
[01:01:47] Ingest QQQ: Last=601.04 Bid=None Ask=None
[01:01:47] Ingest QQQ: Last=601.04 Bid=None Ask=None
[01:01:47] Ingest QQQ: Last=601.04 Bid=None Ask=None
[01:01:47] Ingest QQQ: Last=601.04 Bid=None Ask=None
[01:01:47] Ingest QQQ: Last=601.04 Bid=None Ask=None
[01:01:47] Ingest QQQ: Last=601.04 Bid=None Ask=None
[01:01:47] Ingest QQQ: Last=601.04 Bid=None Ask=None
[01:01:47] Ingest QQQ: Last=601.04 Bid=None Ask=None
[01:01:47] Ingest QQQ: Last=601.04 Bid=None Ask=None
[01:01:47] Ingest QQQ: Last=601.04 Bid=None Ask=None
[01:01:47] Ingest QQQ: Last=601.03 Bid=None Ask=None
[01:01:47] Ingest QQQ: Last=601.03 Bid=None Ask=None
[01:01:47] Ingest QQQ: Last=601.02 Bid=None Ask=None
[01:01:47] Ingest QQQ: Last=601.02 Bid=None Ask=None
[01:01:47] Ingest QQQ: Last=601.02 Bid=None Ask=None
[01:01:47] Ingest QQQ: Last=601.03 Bid=None Ask=None
[01:01:47] Ingest QQQ: Last=601.03 Bid=None Ask=None
[01:01:47] Ingest QQQ: Last=601.03 Bid=None Ask=None
[01:01:48] Ingest SPY: Last=682.045 Bid=None Ask=None
[01:01:48] Ingest SPY: Last=682.044 Bid=None Ask=None
[01:01:48] Ingest QQQ: Last=601.04 Bid=None Ask=None
[01:01:48] Ingest SPY: Last=682.04 Bid=None Ask=None
[01:01:48] Ingest QQQ: Last=601.04 Bid=None Ask=None
[01:01:48] Ingest SPY: Last=682.04 Bid=None Ask=None
[01:01:48] Ingest SPY: Last=682.04 Bid=None Ask=None
[01:01:48] Ingest SPY: Last=682.04 Bid=None Ask=None
[01:01:48] Ingest SPY: Last=682.03 Bid=None Ask=None
[01:01:48] Ingest SPY: Last=682.03 Bid=None Ask=None
[01:01:48] Ingest SPY: Last=682.03 Bid=None Ask=None
[01:01:48] Ingest SPY: Last=682.04 Bid=None Ask=None
[01:01:48] Ingest SPY: Last=682.04 Bid=None Ask=None
[01:01:48] Ingest SPY: Last=682.04 Bid=None Ask=None
[01:01:48] Ingest SPY: Last=682.03 Bid=None Ask=None
[01:01:48] Ingest SPY: Last=682.04 Bid=None Ask=None
[01:01:48] Ingest SPY: Last=682.04 Bid=None Ask=None
[01:01:48] Ingest SPY: Last=682.04 Bid=None Ask=None
[01:01:48] Ingest SPY: Last=682.046 Bid=None Ask=None
[01:01:48] Ingest SPY: Last=682.04 Bid=None Ask=None
[01:01:48] Ingest SPY: Last=682.04 Bid=None Ask=None
[01:01:48] Ingest SPY: Last=682.04 Bid=None Ask=None
[01:01:48] Ingest SPY: Last=682.04 Bid=None Ask=None
[01:01:48] Ingest SPY: Last=682.04 Bid=None Ask=None
[01:01:48] Ingest SPY: Last=682.05 Bid=None Ask=None
[01:01:48] Ingest SPY: Last=682.045 Bid=None Ask=None
[01:01:48] Ingest SPY: Last=682.045 Bid=None Ask=None
[01:01:48] Ingest SPY: Last=682.05 Bid=None Ask=None
[01:01:48] Ingest SPY: Last=682.05 Bid=None Ask=None
[01:01:48] Ingest SPY: Last=682.05 Bid=None Ask=None
[01:01:48] Ingest SPY: Last=682.052 Bid=None Ask=None
[01:01:48] Ingest ETH.PERP: Last=1887.05 Bid=1886.35 Ask=1886.4
[01:01:48] Ingest SPY: Last=682.05 Bid=None Ask=None
[01:01:48] Ingest BTC: Last=65435.0 Bid=65391.0 Ask=65434.0
[01:01:48] Ingest ETH: Last=1885.1 Bid=1886.0 Ask=1887.0
[01:01:48] Ingest SPY: Last=682.035 Bid=None Ask=None
[01:01:48] Ingest BTC.PERP: Last=65412.0 Bid=65400.0 Ask=65400.5
[01:01:48] Ingest QQQ: Last=None Bid=601.02 Ask=None
[01:01:48] Ingest QQQ: Last=None Bid=None Ask=601.03
[01:01:48] Ingest SPY: Last=None Bid=None Ask=682.04
[01:01:48] Ingest SPY: Last=None Bid=682.03 Ask=None
[01:01:48] Ingest ETH.PERP: Last=1887.05 Bid=1886.35 Ask=1886.4
[01:01:48] Ingest BTC: Last=65435.0 Bid=65392.0 Ask=65433.0
[01:01:48] Ingest ETH: Last=1885.1 Bid=1886.0 Ask=1887.0
[01:01:48] Ingest BTC.PERP: Last=65412.0 Bid=65400.0 Ask=65400.5
[01:01:48] Ingest QQQ-20MAR26-601-P: Last=None Bid=14.43 Ask=None
[01:01:48] Ingest QQQ-20MAR26-601-P: Last=None Bid=None Ask=14.5
[01:01:48] Ingest QQQ-20MAR26-602-C: Last=None Bid=15.45 Ask=None
[01:01:48] Ingest QQQ-20MAR26-602-C: Last=None Bid=None Ask=15.51
[01:01:48] Ingest QQQ-20MAR26-602-C: Last=None Bid=15.46 Ask=None
[01:01:48] Ingest QQQ-20MAR26-602-C: Last=None Bid=None Ask=15.52
[01:01:48] Ingest ETH.PERP: Last=1887.05 Bid=1886.35 Ask=1886.4
[01:01:48] Ingest BTC: Last=65435.0 Bid=65391.0 Ask=65429.0
[01:01:48] Ingest ETH: Last=1886.9 Bid=1886.1 Ask=1886.9
[01:01:48] Ingest BTC.PERP: Last=65412.0 Bid=65400.0 Ask=65400.5
[01:01:48] Ingest SPY-20MAR26-682-P: Last=None Bid=12.57 Ask=None
[01:01:48] Ingest SPY-20MAR26-682-P: Last=None Bid=None Ask=12.59
[01:01:48] Ingest SPY-20MAR26-683-C: Last=None Bid=None Ask=12.99
[01:01:48] Ingest SPY-20MAR26-683-C: Last=None Bid=12.94 Ask=None
[01:01:49] Ingest ETH.PERP: Last=1887.05 Bid=1886.35 Ask=1886.4
[01:01:49] Ingest QQQ: Last=601.03 Bid=None Ask=None
[01:01:49] Ingest ETH: Last=1886.9 Bid=1886.0 Ask=1886.9
[01:01:49] Ingest QQQ: Last=601.03 Bid=None Ask=None
[01:01:49] Ingest QQQ: Last=601.04 Bid=None Ask=None
[01:01:49] Ingest QQQ: Last=601.04 Bid=None Ask=None
[01:01:49] Ingest QQQ: Last=601.05 Bid=None Ask=None
[01:01:49] Ingest SPY: Last=682.05 Bid=None Ask=None
[01:01:49] Ingest QQQ: Last=601.06 Bid=None Ask=None
[01:01:49] Ingest QQQ: Last=601.06 Bid=None Ask=None
[01:01:49] Ingest SPY: Last=682.05 Bid=None Ask=None
[01:01:49] Ingest SPY: Last=682.05 Bid=None Ask=None
[01:01:49] Ingest SPY: Last=682.05 Bid=None Ask=None
[01:01:49] Ingest SPY: Last=682.05 Bid=None Ask=None
[01:01:49] Ingest SPY: Last=682.05 Bid=None Ask=None
[01:01:49] Ingest QQQ: Last=601.07 Bid=None Ask=None
[01:01:49] Ingest BTC.PERP: Last=65400.0 Bid=65400.0 Ask=65400.5
[01:01:49] Ingest SPY: Last=682.06 Bid=None Ask=None
[01:01:49] Ingest QQQ: Last=601.072 Bid=None Ask=None
[01:01:49] Ingest SPY: Last=682.06 Bid=None Ask=None
[01:01:49] Ingest SPY: Last=682.07 Bid=None Ask=None
[01:01:49] Ingest SPY: Last=682.08 Bid=None Ask=None
[01:01:49] Ingest QQQ: Last=601.07 Bid=None Ask=None
[01:01:49] Ingest QQQ: Last=601.07 Bid=None Ask=None
[01:01:49] Ingest QQQ: Last=601.07 Bid=None Ask=None
[01:01:49] Ingest SPY: Last=682.08 Bid=None Ask=None
[01:01:49] Ingest SPY: Last=682.08 Bid=None Ask=None
[01:01:49] Ingest QQQ: Last=601.09 Bid=None Ask=None
[01:01:49] Ingest QQQ: Last=601.1 Bid=None Ask=None
[01:01:49] Ingest QQQ: Last=601.1 Bid=None Ask=None
[01:01:49] Ingest QQQ: Last=601.1 Bid=None Ask=None
[01:01:49] Ingest QQQ: Last=601.091 Bid=None Ask=None
[01:01:49] Ingest SPY: Last=682.09 Bid=None Ask=None
[01:01:49] Ingest SPY: Last=682.09 Bid=None Ask=None
[01:01:49] Ingest SPY: Last=682.085 Bid=None Ask=None
[01:01:49] Ingest SPY: Last=682.09 Bid=None Ask=None
[01:01:49] Ingest SPY: Last=682.09 Bid=None Ask=None
[01:01:49] Ingest SPY: Last=682.09 Bid=None Ask=None
[01:01:49] Ingest SPY: Last=682.085 Bid=None Ask=None
[01:01:49] Ingest SPY: Last=682.1 Bid=None Ask=None
[01:01:49] Ingest SPY: Last=682.1 Bid=None Ask=None
[01:01:49] Ingest SPY: Last=682.1 Bid=None Ask=None
[01:01:49] Ingest SPY: Last=682.095 Bid=None Ask=None
[01:01:49] Ingest SPY: Last=682.1 Bid=None Ask=None
[01:01:49] Ingest QQQ: Last=601.09 Bid=None Ask=None
[01:01:49] Ingest QQQ: Last=601.09 Bid=None Ask=None
[01:01:49] Ingest QQQ: Last=601.09 Bid=None Ask=None
[01:01:49] Ingest QQQ: Last=601.09 Bid=None Ask=None
[01:01:49] Ingest QQQ: Last=601.09 Bid=None Ask=None
[01:01:49] Ingest QQQ: Last=601.081 Bid=None Ask=None
[01:01:49] Ingest QQQ: Last=601.085 Bid=None Ask=None
[01:01:49] Ingest QQQ: Last=601.09 Bid=None Ask=None
[01:01:49] Ingest QQQ: Last=601.085 Bid=None Ask=None
[01:01:49] Ingest QQQ: Last=601.09 Bid=None Ask=None
[01:01:49] Ingest QQQ: Last=601.09 Bid=None Ask=None
[01:01:49] Ingest QQQ: Last=601.09 Bid=None Ask=None
[01:01:49] Ingest QQQ: Last=601.09 Bid=None Ask=None
[01:01:49] Ingest QQQ: Last=601.09 Bid=None Ask=None
[01:01:49] Ingest QQQ: Last=601.08 Bid=None Ask=None
[01:01:49] Ingest QQQ: Last=601.09 Bid=None Ask=None
[01:01:49] Ingest QQQ: Last=601.09 Bid=None Ask=None
[01:01:49] Ingest QQQ: Last=601.09 Bid=None Ask=None
[01:01:49] Ingest QQQ: Last=601.09 Bid=None Ask=None
[01:01:49] Ingest QQQ: Last=601.09 Bid=None Ask=None
[01:01:49] Ingest SPY: Last=682.08 Bid=None Ask=None
[01:01:49] Ingest SPY: Last=682.08 Bid=None Ask=None
[01:01:49] Ingest SPY: Last=682.08 Bid=None Ask=None
[01:01:49] Ingest QQQ: Last=601.095 Bid=None Ask=None
[01:01:49] Ingest QQQ: Last=601.1 Bid=None Ask=None
[01:01:49] Ingest QQQ: Last=601.095 Bid=None Ask=None
[01:01:49] Ingest SPY: Last=682.085 Bid=None Ask=None
[01:01:49] Ingest QQQ: Last=601.1 Bid=None Ask=None
[01:01:49] Ingest QQQ: Last=601.1 Bid=None Ask=None
[01:01:49] Ingest QQQ: Last=601.1 Bid=None Ask=None
[01:01:49] Ingest SPY: Last=682.085 Bid=None Ask=None
[01:01:49] Ingest SPY: Last=682.085 Bid=None Ask=None
[01:01:49] Ingest SPY: Last=682.085 Bid=None Ask=None
[01:01:49] Ingest SPY: Last=682.09 Bid=None Ask=None
[01:01:49] Ingest SPY: Last=682.09 Bid=None Ask=None
[01:01:49] Ingest SPY: Last=682.1 Bid=None Ask=None
[01:01:49] Ingest SPY: Last=682.1 Bid=None Ask=None
[01:01:49] Ingest SPY: Last=682.1 Bid=None Ask=None
[01:01:49] Ingest SPY: Last=682.09 Bid=None Ask=None
[01:01:49] Ingest SPY: Last=682.1 Bid=None Ask=None
[01:01:49] Ingest SPY: Last=682.1 Bid=None Ask=None
[01:01:49] Ingest SPY: Last=682.1 Bid=None Ask=None
[01:01:49] Ingest SPY: Last=682.1 Bid=None Ask=None
[01:01:49] Ingest SPY: Last=682.11 Bid=None Ask=None
[01:01:49] Ingest QQQ: Last=601.13 Bid=None Ask=None
[01:01:49] Ingest QQQ: Last=601.13 Bid=None Ask=None
[01:01:49] Ingest QQQ: Last=601.13 Bid=None Ask=None
[01:01:49] Ingest QQQ: Last=601.13 Bid=None Ask=None
[01:01:49] Ingest QQQ: Last=601.11 Bid=None Ask=None
[01:01:49] Ingest QQQ: Last=601.11 Bid=None Ask=None
[01:01:49] Ingest SPY: Last=682.12 Bid=None Ask=None
[01:01:49] Ingest SPY: Last=682.12 Bid=None Ask=None
[01:01:49] Ingest SPY: Last=682.12 Bid=None Ask=None
[01:01:49] Ingest SPY: Last=682.12 Bid=None Ask=None
[01:01:49] Ingest SPY: Last=682.12 Bid=None Ask=None
[01:01:49] Ingest QQQ: Last=None Bid=601.11 Ask=None
[01:01:49] Ingest QQQ: Last=None Bid=None Ask=601.12
[01:01:49] Ingest ETH.PERP: Last=1887.05 Bid=1886.35 Ask=1886.4
[01:01:49] Ingest BTC: Last=65435.0 Bid=65392.0 Ask=65428.0
[01:01:49] Ingest ETH: Last=1886.9 Bid=1886.0 Ask=1886.9
[01:01:49] Ingest SPY: Last=None Bid=None Ask=682.12
[01:01:49] Ingest SPY: Last=None Bid=682.11 Ask=None
[01:01:49] Ingest BTC.PERP: Last=65400.0 Bid=65399.5 Ask=65400.0
[01:01:49] Ingest QQQ-20MAR26-601-P: Last=None Bid=14.42 Ask=None
[01:01:49] Ingest QQQ-20MAR26-601-P: Last=None Bid=None Ask=14.49
[01:01:49] Ingest ETH-6MAR26-1900-C: Last=0.0515 Bid=0.043 Ask=0.044
[01:01:49] Ingest ETH-6MAR26-1850-P: Last=0.0375 Bid=0.038 Ask=0.039
[01:01:49] Ingest BTC.PERP: Last=65400.0 Bid=65399.5 Ask=65400.0
[01:01:49] Ingest BTC-6MAR26-66000-C: Last=0.032 Bid=0.032 Ask=0.033
[01:01:49] Ingest BTC-6MAR26-65000-P: Last=0.0355 Bid=0.035 Ask=0.0355
[01:01:49] Ingest QQQ-20MAR26-602-C: Last=None Bid=None Ask=15.52
[01:01:49] Ingest QQQ-20MAR26-602-C: Last=None Bid=15.47 Ask=None
[01:01:49] Ingest SPY-20MAR26-683-C: Last=None Bid=12.94 Ask=None
[01:01:49] Ingest SPY-20MAR26-683-C: Last=None Bid=None Ask=12.98
[01:01:49] Ingest SPY-20MAR26-683-C: Last=None Bid=12.95 Ask=None
[01:01:49] Ingest SPY-20MAR26-683-C: Last=None Bid=None Ask=12.99
[01:01:49] Ingest SPY-20MAR26-682-P: Last=None Bid=12.58 Ask=None
[01:01:49] Ingest SPY-20MAR26-682-P: Last=None Bid=None Ask=12.6
[01:01:49] Ingest SPY-20MAR26-682-P: Last=None Bid=None Ask=12.6
[01:01:49] Ingest SPY-20MAR26-682-P: Last=None Bid=12.58 Ask=None
[01:01:50] Ingest ETH.PERP: Last=1887.05 Bid=1886.0 Ask=1886.05
[01:01:50] Ingest BTC: Last=65435.0 Bid=65391.0 Ask=65425.0
[01:01:50] Ingest ETH: Last=1886.9 Bid=1886.0 Ask=1886.7
[01:01:50] Ingest ETH-6MAR26-1900-C: Last=0.0515 Bid=0.043 Ask=0.0435
[01:01:50] Ingest BTC.PERP: Last=65400.0 Bid=65399.5 Ask=65400.0
[01:01:50] Ingest BTC-6MAR26-66000-C: Last=0.032 Bid=0.032 Ask=0.033
[01:01:50] Ingest QQQ: Last=601.115 Bid=None Ask=None
[01:01:50] Ingest QQQ: Last=601.12 Bid=None Ask=None
[01:01:50] Ingest QQQ: Last=601.12 Bid=None Ask=None
[01:01:50] Ingest QQQ: Last=601.12 Bid=None Ask=None
[01:01:50] Ingest SPY: Last=682.12 Bid=None Ask=None
[01:01:50] Ingest ETH.PERP: Last=1887.05 Bid=1886.0 Ask=1886.05
[01:01:50] Ingest SPY: Last=682.12 Bid=None Ask=None
[01:01:50] Ingest SPY: Last=682.12 Bid=None Ask=None
[01:01:50] Ingest SPY: Last=682.12 Bid=None Ask=None
[01:01:50] Ingest SPY: Last=682.12 Bid=None Ask=None
[01:01:50] Ingest SPY: Last=682.12 Bid=None Ask=None
[01:01:50] Ingest SPY: Last=682.12 Bid=None Ask=None
[01:01:50] Ingest BTC: Last=65435.0 Bid=65391.0 Ask=65425.0
[01:01:50] Ingest SPY: Last=682.12 Bid=None Ask=None
[01:01:50] Ingest ETH: Last=1886.9 Bid=1885.9 Ask=1886.7
[01:01:50] Ingest SPY: Last=682.13 Bid=None Ask=None
[01:01:50] Ingest QQQ: Last=601.13 Bid=None Ask=None
[01:01:50] Ingest QQQ: Last=601.13 Bid=None Ask=None
[01:01:50] Ingest SPY: Last=682.13 Bid=None Ask=None
[01:01:50] Ingest SPY: Last=682.13 Bid=None Ask=None
[01:01:50] Ingest SPY: Last=682.13 Bid=None Ask=None
[01:01:50] Ingest SPY: Last=682.13 Bid=None Ask=None
[01:01:50] Ingest SPY: Last=682.13 Bid=None Ask=None
[01:01:50] Ingest SPY: Last=682.13 Bid=None Ask=None
[01:01:50] Ingest ETH-6MAR26-1850-P: Last=0.0375 Bid=0.038 Ask=0.039
[01:01:50] Ingest SPY: Last=682.13 Bid=None Ask=None
[01:01:50] Ingest SPY: Last=682.13 Bid=None Ask=None
[01:01:50] Ingest SPY: Last=682.13 Bid=None Ask=None
[01:01:50] Ingest SPY: Last=682.13 Bid=None Ask=None
[01:01:50] Ingest SPY: Last=682.13 Bid=None Ask=None
[01:01:50] Ingest SPY: Last=682.13 Bid=None Ask=None
[01:01:50] Ingest SPY: Last=682.13 Bid=None Ask=None
[01:01:50] Ingest SPY: Last=682.13 Bid=None Ask=None
[01:01:50] Ingest SPY: Last=682.13 Bid=None Ask=None
[01:01:50] Ingest SPY: Last=682.13 Bid=None Ask=None
[01:01:50] Ingest ETH-6MAR26-1900-C: Last=0.0515 Bid=0.0425 Ask=0.0435
[01:01:50] Ingest SPY: Last=682.13 Bid=None Ask=None
[01:01:50] Ingest SPY: Last=682.13 Bid=None Ask=None
[01:01:50] Ingest SPY: Last=682.13 Bid=None Ask=None
[01:01:50] Ingest SPY: Last=682.13 Bid=None Ask=None
[01:01:50] Ingest SPY: Last=682.13 Bid=None Ask=None
[01:01:50] Ingest SPY: Last=682.12 Bid=None Ask=None
[01:01:50] Ingest SPY: Last=682.12 Bid=None Ask=None
[01:01:50] Ingest SPY: Last=682.13 Bid=None Ask=None
[01:01:50] Ingest SPY: Last=682.13 Bid=None Ask=None
[01:01:50] Ingest SPY: Last=682.13 Bid=None Ask=None
[01:01:50] Ingest SPY: Last=682.13 Bid=None Ask=None
[01:01:50] Ingest QQQ: Last=601.125 Bid=None Ask=None
[01:01:50] Ingest QQQ: Last=601.125 Bid=None Ask=None
[01:01:50] Ingest QQQ: Last=601.125 Bid=None Ask=None
[01:01:50] Ingest QQQ: Last=601.12 Bid=None Ask=None
[01:01:50] Ingest QQQ: Last=601.12 Bid=None Ask=None
[01:01:50] Ingest QQQ: Last=601.124 Bid=None Ask=None
[01:01:50] Ingest QQQ: Last=601.124 Bid=None Ask=None
[01:01:50] Ingest QQQ: Last=601.12 Bid=None Ask=None
[01:01:50] Ingest QQQ: Last=601.123 Bid=None Ask=None
[01:01:50] Ingest QQQ: Last=601.12 Bid=None Ask=None
[01:01:50] Ingest QQQ: Last=601.12 Bid=None Ask=None
[01:01:50] Ingest QQQ: Last=601.123 Bid=None Ask=None
[01:01:50] Ingest QQQ: Last=601.123 Bid=None Ask=None
[01:01:50] Ingest QQQ: Last=601.12 Bid=None Ask=None
[01:01:50] Ingest QQQ: Last=601.125 Bid=None Ask=None
[01:01:50] Ingest QQQ: Last=601.122 Bid=None Ask=None
[01:01:50] Ingest SPY: Last=682.12 Bid=None Ask=None
[01:01:50] Ingest SPY: Last=682.13 Bid=None Ask=None
[01:01:50] Ingest SPY: Last=682.13 Bid=None Ask=None
[01:01:50] Ingest SPY: Last=682.13 Bid=None Ask=None
[01:01:50] Ingest SPY: Last=682.13 Bid=None Ask=None
[01:01:50] Ingest QQQ: Last=601.13 Bid=None Ask=None
[01:01:50] Ingest QQQ: Last=601.13 Bid=None Ask=None
[01:01:50] Ingest QQQ: Last=601.125 Bid=None Ask=None
[01:01:50] Ingest BTC.PERP: Last=65393.5 Bid=65387.0 Ask=65387.5
[01:01:50] Ingest QQQ: Last=601.14 Bid=None Ask=None
[01:01:50] Ingest QQQ: Last=601.14 Bid=None Ask=None
[01:01:50] Ingest QQQ: Last=601.115 Bid=None Ask=None
[01:01:50] Ingest SPY: Last=682.15 Bid=None Ask=None
[01:01:50] Ingest QQQ: Last=601.12 Bid=None Ask=None
[01:01:50] Ingest SPY: Last=682.15 Bid=None Ask=None
[01:01:50] Ingest SPY: Last=682.15 Bid=None Ask=None
[01:01:50] Ingest SPY: Last=682.146 Bid=None Ask=None
[01:01:50] Ingest QQQ: Last=601.13 Bid=None Ask=None
[01:01:50] Ingest QQQ: Last=601.13 Bid=None Ask=None
[01:01:50] Ingest BTC-6MAR26-66000-C: Last=0.032 Bid=0.032 Ask=0.033
[01:01:50] Ingest SPY: Last=682.14 Bid=None Ask=None
[01:01:50] Ingest BTC-6MAR26-65000-P: Last=0.0355 Bid=0.035 Ask=0.0355
[01:01:50] Ingest QQQ: Last=None Bid=None Ask=601.14
[01:01:50] Ingest ETH.PERP: Last=1887.05 Bid=1886.0 Ask=1886.05
[01:01:50] Ingest QQQ: Last=None Bid=601.13 Ask=None
[01:01:50] Ingest QQQ-20MAR26-601-P: Last=None Bid=14.41 Ask=None
[01:01:50] Ingest QQQ-20MAR26-601-P: Last=None Bid=None Ask=14.48
[01:01:50] Ingest QQQ-20MAR26-601-P: Last=None Bid=None Ask=14.48
[01:01:50] Ingest QQQ-20MAR26-601-P: Last=None Bid=14.41 Ask=None
[01:01:50] Ingest SPY: Last=None Bid=682.14 Ask=None
[01:01:50] Ingest SPY: Last=None Bid=None Ask=682.15
[01:01:50] Ingest ETH: Last=1886.9 Bid=1885.9 Ask=1886.7
[01:01:50] Ingest BTC: Last=65435.0 Bid=65391.0 Ask=65425.0
[01:01:50] Ingest ETH-6MAR26-1850-P: Last=0.0375 Bid=0.038 Ask=0.039
[01:01:50] Ingest ETH-6MAR26-1900-C: Last=0.0515 Bid=0.0425 Ask=0.0435
[01:01:50] Ingest BTC.PERP: Last=65393.5 Bid=65387.0 Ask=65387.5
[01:01:50] Ingest QQQ-20MAR26-602-C: Last=None Bid=15.47 Ask=None
[01:01:50] Ingest QQQ-20MAR26-602-C: Last=None Bid=None Ask=15.53
[01:01:50] Ingest QQQ-20MAR26-602-C: Last=None Bid=None Ask=15.54
[01:01:50] Ingest QQQ-20MAR26-602-C: Last=None Bid=15.48 Ask=None
[01:01:51] Ingest ETH.PERP: Last=1887.05 Bid=1886.0 Ask=1886.05
[01:01:51] Ingest SPY-20MAR26-683-C: Last=None Bid=12.96 Ask=None
[01:01:51] Ingest ETH: Last=1886.9 Bid=1885.9 Ask=1886.7
[01:01:51] Ingest SPY-20MAR26-683-C: Last=None Bid=None Ask=13.01
[01:01:51] Ingest BTC: Last=65435.0 Bid=65391.0 Ask=65423.0
[01:01:51] Ingest SPY-20MAR26-683-C: Last=None Bid=12.96 Ask=None
[01:01:51] Ingest ETH-6MAR26-1850-P: Last=0.0375 Bid=0.038 Ask=0.039
[01:01:51] Ingest SPY-20MAR26-683-C: Last=None Bid=None Ask=13.0
[01:01:51] Ingest BTC.PERP: Last=65387.0 Bid=65387.0 Ask=65387.5
[01:01:51] Ingest SPY-20MAR26-682-P: Last=None Bid=12.55 Ask=None
[01:01:51] Ingest SPY-20MAR26-682-P: Last=None Bid=None Ask=12.57
[01:01:51] Ingest SPY-20MAR26-682-P: Last=None Bid=None Ask=12.57
[01:01:51] Ingest SPY-20MAR26-682-P: Last=None Bid=12.55 Ask=None
[01:01:51] Ingest BTC-6MAR26-65000-P: Last=0.0355 Bid=0.035 Ask=0.0355
[01:01:51] Ingest ETH.PERP: Last=1887.05 Bid=1886.0 Ask=1886.05
[01:01:51] Ingest BTC: Last=65435.0 Bid=65391.0 Ask=65423.0
[01:01:51] Ingest ETH: Last=1886.9 Bid=1885.9 Ask=1886.7
[01:01:51] Ingest BTC.PERP: Last=65387.0 Bid=65387.0 Ask=65387.5
[01:01:51] Ingest QQQ: Last=601.14 Bid=None Ask=None
[01:01:51] Ingest QQQ: Last=601.14 Bid=None Ask=None
[01:01:51] Ingest QQQ: Last=601.14 Bid=None Ask=None
[01:01:51] Ingest QQQ: Last=601.14 Bid=None Ask=None
[01:01:51] Ingest QQQ: Last=601.142 Bid=None Ask=None
[01:01:51] Ingest QQQ: Last=601.14 Bid=None Ask=None
[01:01:51] Ingest QQQ: Last=601.14 Bid=None Ask=None
[01:01:51] Ingest QQQ: Last=601.14 Bid=None Ask=None
[01:01:51] Ingest QQQ: Last=601.14 Bid=None Ask=None
[01:01:51] Ingest QQQ: Last=601.14 Bid=None Ask=None
[01:01:51] Ingest SPY: Last=682.15 Bid=None Ask=None
[01:01:51] Ingest SPY: Last=682.15 Bid=None Ask=None
[01:01:51] Ingest SPY: Last=682.15 Bid=None Ask=None
[01:01:51] Ingest SPY: Last=682.15 Bid=None Ask=None
[01:01:51] Ingest SPY: Last=682.15 Bid=None Ask=None
[01:01:51] Ingest QQQ: Last=601.15 Bid=None Ask=None
[01:01:51] Ingest SPY: Last=682.16 Bid=None Ask=None
[01:01:51] Ingest SPY: Last=682.16 Bid=None Ask=None
[01:01:51] Ingest SPY: Last=682.16 Bid=None Ask=None
[01:01:51] Ingest SPY: Last=682.15 Bid=None Ask=None
[01:01:51] Ingest SPY: Last=682.155 Bid=None Ask=None
[01:01:51] Ingest SPY: Last=682.15 Bid=None Ask=None
[01:01:51] Ingest QQQ: Last=601.14 Bid=None Ask=None
[01:01:51] Ingest QQQ: Last=601.14 Bid=None Ask=None
[01:01:51] Ingest SPY: Last=682.15 Bid=None Ask=None
[01:01:51] Ingest SPY: Last=682.15 Bid=None Ask=None
[01:01:51] Ingest ETH.PERP: Last=1887.05 Bid=1886.0 Ask=1886.05
[01:01:51] Ingest BTC: Last=65435.0 Bid=65373.0 Ask=65418.0
[01:01:51] Ingest ETH: Last=1886.9 Bid=1885.5 Ask=1886.6
[01:01:51] Ingest QQQ-20MAR26-601-P: Last=None Bid=None Ask=14.48
[01:01:51] Ingest QQQ-20MAR26-601-P: Last=None Bid=14.41 Ask=None
[01:01:51] Ingest ETH-6MAR26-1850-P: Last=0.0375 Bid=0.038 Ask=0.039
[01:01:51] Ingest ETH-6MAR26-1900-C: Last=0.0515 Bid=0.0425 Ask=0.0435
[01:01:51] Ingest BTC.PERP: Last=65387.0 Bid=65387.0 Ask=65387.5
[01:01:51] Ingest QQQ: Last=None Bid=601.13 Ask=None
[01:01:51] Ingest QQQ: Last=None Bid=None Ask=601.14
[01:01:51] Ingest BTC-6MAR26-66000-C: Last=0.032 Bid=0.032 Ask=0.033
[01:01:51] Ingest SPY: Last=None Bid=None Ask=682.15
[01:01:51] Ingest SPY: Last=None Bid=682.14 Ask=None
[01:01:51] Ingest BTC-6MAR26-65000-P: Last=0.0355 Bid=0.035 Ask=0.036
[01:01:51] Ingest QQQ-20MAR26-602-C: Last=None Bid=15.48 Ask=None
[01:01:51] Ingest QQQ-20MAR26-602-C: Last=None Bid=None Ask=15.54
[01:01:51] Ingest QQQ-20MAR26-602-C: Last=None Bid=15.48 Ask=None
[01:01:51] Ingest QQQ-20MAR26-602-C: Last=None Bid=None Ask=15.54
[01:01:52] Ingest ETH.PERP: Last=1887.05 Bid=1886.0 Ask=1886.05
[01:01:52] Ingest BTC: Last=65435.0 Bid=65373.0 Ask=65416.0
[01:01:52] Ingest ETH: Last=1886.9 Bid=1885.5 Ask=1886.5
[01:01:52] Ingest BTC.PERP: Last=65387.0 Bid=65387.0 Ask=65387.5
[01:01:52] Ingest SPY-20MAR26-683-C: Last=None Bid=12.97 Ask=None
[01:01:52] Ingest SPY-20MAR26-683-C: Last=None Bid=None Ask=13.01
[01:01:52] Ingest SPY-20MAR26-682-P: Last=None Bid=12.54 Ask=None
[01:01:52] Ingest SPY-20MAR26-682-P: Last=None Bid=None Ask=12.57
[01:01:52] Ingest SPY-20MAR26-682-P: Last=None Bid=None Ask=12.56
[01:01:52] Ingest SPY-20MAR26-682-P: Last=None Bid=12.55 Ask=None
[01:01:52] Ingest ETH.PERP: Last=1886.0 Bid=1885.8 Ask=1885.85
[01:01:52] Ingest BTC: Last=65435.0 Bid=65374.0 Ask=65413.0
[01:01:52] Ingest ETH: Last=1886.9 Bid=1885.5 Ask=1886.5
[01:01:52] Ingest ETH-6MAR26-1850-P: Last=0.0375 Bid=0.038 Ask=0.039
[01:01:52] Ingest BTC.PERP: Last=65378.5 Bid=65378.5 Ask=65379.0
[01:01:52] Ingest SPY: Last=682.14 Bid=None Ask=None
[01:01:52] Ingest SPY: Last=682.155 Bid=None Ask=None
[01:01:52] Ingest SPY: Last=682.15 Bid=None Ask=None
[01:01:52] Ingest SPY: Last=682.15 Bid=None Ask=None
[01:01:52] Ingest SPY: Last=682.15 Bid=None Ask=None
[01:01:52] Ingest SPY: Last=682.15 Bid=None Ask=None
[01:01:52] Ingest SPY: Last=682.15 Bid=None Ask=None
[01:01:52] Ingest SPY: Last=682.15 Bid=None Ask=None
[01:01:52] Ingest QQQ: Last=601.135 Bid=None Ask=None
[01:01:52] Ingest QQQ: Last=601.13 Bid=None Ask=None
[01:01:52] Ingest QQQ: Last=601.13 Bid=None Ask=None
[01:01:52] Ingest QQQ: Last=601.13 Bid=None Ask=None
[01:01:52] Ingest QQQ: Last=601.135 Bid=None Ask=None
[01:01:52] Ingest QQQ: Last=601.14 Bid=None Ask=None
[01:01:52] Ingest QQQ: Last=601.14 Bid=None Ask=None
[01:01:52] Ingest QQQ: Last=601.14 Bid=None Ask=None
[01:01:52] Ingest QQQ: Last=601.14 Bid=None Ask=None
[01:01:52] Ingest QQQ: Last=601.14 Bid=None Ask=None
[01:01:52] Ingest QQQ: Last=601.14 Bid=None Ask=None
[01:01:52] Ingest SPY: Last=682.14 Bid=None Ask=None
[01:01:52] Ingest SPY: Last=682.14 Bid=None Ask=None
[01:01:52] Ingest SPY: Last=682.13 Bid=None Ask=None
[01:01:52] Ingest SPY: Last=682.13 Bid=None Ask=None
[01:01:52] Ingest SPY: Last=682.13 Bid=None Ask=None
[01:01:52] Ingest SPY: Last=682.13 Bid=None Ask=None
[01:01:52] Ingest SPY: Last=682.14 Bid=None Ask=None
[01:01:52] Ingest QQQ: Last=601.13 Bid=None Ask=None
[01:01:52] Ingest QQQ: Last=601.13 Bid=None Ask=None
[01:01:52] Ingest QQQ: Last=601.12 Bid=None Ask=None
[01:01:52] Ingest SPY: Last=682.14 Bid=None Ask=None
[01:01:52] Ingest ETH.PERP: Last=1886.0 Bid=1885.75 Ask=1885.8
[01:01:52] Ingest SPY: Last=682.14 Bid=None Ask=None
[01:01:52] Ingest QQQ: Last=601.11 Bid=None Ask=None
[01:01:52] Ingest BTC: Last=65435.0 Bid=65371.0 Ask=65409.0
[01:01:52] Ingest QQQ: Last=601.11 Bid=None Ask=None
[01:01:52] Ingest QQQ: Last=601.11 Bid=None Ask=None
[01:01:52] Ingest ETH: Last=1886.9 Bid=1885.3 Ask=1886.3
[01:01:52] Ingest QQQ: Last=601.12 Bid=None Ask=None
[01:01:52] Ingest QQQ: Last=601.12 Bid=None Ask=None
[01:01:52] Ingest QQQ: Last=601.12 Bid=None Ask=None
[01:01:52] Ingest QQQ: Last=601.12 Bid=None Ask=None
[01:01:52] Ingest QQQ: Last=601.12 Bid=None Ask=None
[01:01:52] Ingest QQQ: Last=601.12 Bid=None Ask=None
[01:01:52] Ingest QQQ: Last=601.12 Bid=None Ask=None
[01:01:52] Ingest QQQ: Last=601.12 Bid=None Ask=None
[01:01:52] Ingest QQQ: Last=601.12 Bid=None Ask=None
[01:01:52] Ingest QQQ: Last=601.12 Bid=None Ask=None
[01:01:52] Ingest QQQ: Last=601.13 Bid=None Ask=None
[01:01:52] Ingest QQQ: Last=601.14 Bid=None Ask=None
[01:01:52] Ingest QQQ: Last=601.14 Bid=None Ask=None
[01:01:52] Ingest QQQ: Last=601.15 Bid=None Ask=None
[01:01:52] Ingest QQQ-20MAR26-601-P: Last=None Bid=14.41 Ask=None
[01:01:52] Ingest QQQ-20MAR26-601-P: Last=None Bid=None Ask=14.48
[01:01:52] Ingest QQQ-20MAR26-601-P: Last=None Bid=14.41 Ask=None
[01:01:52] Ingest BTC.PERP: Last=65378.5 Bid=65378.5 Ask=65379.0
[01:01:52] Ingest QQQ-20MAR26-601-P: Last=None Bid=None Ask=14.47
[01:01:52] Ingest ETH-6MAR26-1850-P: Last=0.0375 Bid=0.038 Ask=0.039
[01:01:52] Ingest BTC-6MAR26-65000-P: Last=0.0355 Bid=0.035 Ask=0.036
[01:01:52] Ingest QQQ-20MAR26-602-C: Last=None Bid=15.48 Ask=None
[01:01:52] Ingest QQQ-20MAR26-602-C: Last=None Bid=None Ask=15.54
[01:01:52] Ingest QQQ-20MAR26-602-C: Last=None Bid=15.49 Ask=None
[01:01:52] Ingest QQQ-20MAR26-602-C: Last=None Bid=None Ask=15.54
[01:01:52] Ingest SPY: Last=None Bid=None Ask=682.15
[01:01:52] Ingest SPY: Last=None Bid=682.14 Ask=None
[01:01:52] Ingest QQQ: Last=None Bid=601.14 Ask=None
[01:01:52] Ingest QQQ: Last=None Bid=None Ask=601.15
[01:01:53] Ingest ETH.PERP: Last=1885.75 Bid=1885.6 Ask=1885.65
[01:01:53] Ingest BTC.PERP: Last=65374.0 Bid=65374.0 Ask=65374.5
[01:01:53] Ingest BTC-6MAR26-66000-C: Last=0.032 Bid=0.032 Ask=0.033
[01:01:53] Ingest SPY-20MAR26-683-C: Last=None Bid=None Ask=13.0
[01:01:53] Ingest SPY-20MAR26-683-C: Last=None Bid=12.97 Ask=None
[01:01:53] Ingest BTC-6MAR26-65000-P: Last=0.0355 Bid=0.035 Ask=0.036
[01:01:53] Ingest SPY-20MAR26-682-P: Last=None Bid=12.54 Ask=None
[01:01:53] Ingest SPY-20MAR26-682-P: Last=None Bid=None Ask=12.57
[01:01:53] Ingest SPY-20MAR26-682-P: Last=None Bid=None Ask=12.57
[01:01:53] Ingest SPY-20MAR26-682-P: Last=None Bid=12.54 Ask=None
[01:01:53] Ingest ETH.PERP: Last=1885.75 Bid=1885.6 Ask=1885.65
[01:01:53] Ingest BTC: Last=65435.0 Bid=65371.0 Ask=65412.0
[01:01:53] Ingest ETH: Last=1886.9 Bid=1885.3 Ask=1886.3
[01:01:53] Ingest BTC.PERP: Last=65374.0 Bid=65374.0 Ask=65374.5
[01:01:53] Ingest ETH-6MAR26-1850-P: Last=0.0375 Bid=0.038 Ask=0.039
[01:01:53] Ingest ETH.PERP: Last=1885.75 Bid=1885.6 Ask=1885.65
[01:01:53] Ingest QQQ: Last=601.15 Bid=None Ask=None
[01:01:53] Ingest BTC.PERP: Last=65374.0 Bid=65374.0 Ask=65374.5
[01:01:53] Ingest QQQ: Last=601.17 Bid=None Ask=None
[01:01:53] Ingest QQQ: Last=601.17 Bid=None Ask=None
[01:01:53] Ingest QQQ: Last=601.179 Bid=None Ask=None
[01:01:53] Ingest QQQ: Last=601.18 Bid=None Ask=None
[01:01:53] Ingest QQQ: Last=601.18 Bid=None Ask=None
[01:01:53] Ingest QQQ: Last=601.18 Bid=None Ask=None
[01:01:53] Ingest QQQ: Last=601.19 Bid=None Ask=None
[01:01:53] Ingest QQQ: Last=601.19 Bid=None Ask=None
[01:01:53] Ingest QQQ: Last=601.19 Bid=None Ask=None
[01:01:53] Ingest QQQ: Last=601.19 Bid=None Ask=None
[01:01:53] Ingest QQQ: Last=601.19 Bid=None Ask=None
[01:01:53] Ingest QQQ: Last=601.19 Bid=None Ask=None
[01:01:53] Ingest QQQ: Last=601.19 Bid=None Ask=None
[01:01:53] Ingest QQQ: Last=601.19 Bid=None Ask=None
[01:01:53] Ingest QQQ: Last=601.19 Bid=None Ask=None
[01:01:53] Ingest QQQ: Last=601.2 Bid=None Ask=None
[01:01:53] Ingest QQQ: Last=601.2 Bid=None Ask=None
[01:01:53] Ingest QQQ: Last=601.2 Bid=None Ask=None
[01:01:53] Ingest QQQ: Last=601.2 Bid=None Ask=None
[01:01:53] Ingest QQQ: Last=601.2 Bid=None Ask=None
[01:01:53] Ingest QQQ: Last=601.2 Bid=None Ask=None
[01:01:53] Ingest QQQ: Last=601.2 Bid=None Ask=None
[01:01:53] Ingest QQQ: Last=601.2 Bid=None Ask=None
[01:01:53] Ingest QQQ: Last=601.2 Bid=None Ask=None
[01:01:53] Ingest QQQ: Last=601.2 Bid=None Ask=None
[01:01:53] Ingest QQQ: Last=601.2 Bid=None Ask=None
[01:01:53] Ingest QQQ: Last=601.2 Bid=None Ask=None
[01:01:53] Ingest QQQ: Last=601.19 Bid=None Ask=None
[01:01:53] Ingest SPY: Last=682.155 Bid=None Ask=None
[01:01:53] Ingest SPY: Last=682.16 Bid=None Ask=None
[01:01:53] Ingest SPY: Last=682.16 Bid=None Ask=None
[01:01:53] Ingest SPY: Last=682.16 Bid=None Ask=None
[01:01:53] Ingest SPY: Last=682.18 Bid=None Ask=None
[01:01:53] Ingest SPY: Last=682.18 Bid=None Ask=None
[01:01:53] Ingest SPY: Last=682.18 Bid=None Ask=None
[01:01:53] Ingest SPY: Last=682.18 Bid=None Ask=None
[01:01:53] Ingest SPY: Last=682.18 Bid=None Ask=None
[01:01:53] Ingest SPY: Last=682.19 Bid=None Ask=None
[01:01:53] Ingest SPY: Last=682.19 Bid=None Ask=None
[01:01:53] Ingest SPY: Last=682.19 Bid=None Ask=None
[01:01:53] Ingest SPY: Last=682.19 Bid=None Ask=None
[01:01:53] Ingest SPY: Last=682.19 Bid=None Ask=None
[01:01:53] Ingest SPY: Last=682.19 Bid=None Ask=None
[01:01:53] Ingest SPY: Last=682.19 Bid=None Ask=None
[01:01:53] Ingest SPY: Last=682.19 Bid=None Ask=None
[01:01:53] Ingest SPY: Last=682.19 Bid=None Ask=None
[01:01:53] Ingest SPY: Last=682.19 Bid=None Ask=None
[01:01:53] Ingest SPY: Last=682.19 Bid=None Ask=None
[01:01:53] Ingest SPY: Last=682.19 Bid=None Ask=None
[01:01:53] Ingest SPY: Last=682.185 Bid=None Ask=None
[01:01:53] Ingest SPY: Last=682.19 Bid=None Ask=None
[01:01:53] Ingest SPY: Last=682.19 Bid=None Ask=None
[01:01:53] Ingest SPY: Last=682.19 Bid=None Ask=None
[01:01:53] Ingest SPY: Last=682.19 Bid=None Ask=None
[01:01:53] Ingest SPY: Last=682.19 Bid=None Ask=None
[01:01:53] Ingest SPY: Last=682.19 Bid=None Ask=None
[01:01:53] Ingest SPY: Last=682.19 Bid=None Ask=None
[01:01:53] Ingest QQQ-20MAR26-601-P: Last=None Bid=14.37 Ask=None
[01:01:53] Ingest QQQ-20MAR26-601-P: Last=None Bid=None Ask=14.44
[01:01:53] Ingest QQQ-20MAR26-601-P: Last=None Bid=None Ask=14.43
[01:01:53] Ingest QQQ-20MAR26-601-P: Last=None Bid=14.35 Ask=None
[01:01:53] Ingest QQQ: Last=601.2 Bid=None Ask=None
[01:01:53] Ingest QQQ: Last=601.19 Bid=None Ask=None
[01:01:53] Ingest QQQ: Last=601.21 Bid=None Ask=None
[01:01:53] Ingest QQQ: Last=601.2 Bid=None Ask=None
[01:01:53] Ingest QQQ: Last=601.22 Bid=None Ask=None
[01:01:53] Ingest QQQ: Last=601.22 Bid=None Ask=None
[01:01:53] Ingest QQQ: Last=601.22 Bid=None Ask=None
[01:01:53] Ingest QQQ: Last=601.22 Bid=None Ask=None
[01:01:53] Ingest QQQ: Last=601.22 Bid=None Ask=None
[01:01:53] Ingest QQQ: Last=601.22 Bid=None Ask=None
[01:01:53] Ingest QQQ: Last=601.22 Bid=None Ask=None
[01:01:53] Ingest QQQ: Last=601.22 Bid=None Ask=None
[01:01:53] Ingest QQQ: Last=601.22 Bid=None Ask=None
[01:01:53] Ingest SPY: Last=682.19 Bid=None Ask=None
[01:01:53] Ingest QQQ: Last=601.21 Bid=None Ask=None
[01:01:53] Ingest QQQ: Last=601.21 Bid=None Ask=None
[01:01:53] Ingest QQQ: Last=601.21 Bid=None Ask=None
[01:01:53] Ingest SPY: Last=682.185 Bid=None Ask=None
[01:01:53] Ingest QQQ: Last=601.21 Bid=None Ask=None
[01:01:53] Ingest QQQ: Last=601.21 Bid=None Ask=None
[01:01:53] Ingest SPY: Last=682.19 Bid=None Ask=None
[01:01:53] Ingest QQQ: Last=601.22 Bid=None Ask=None
[01:01:53] Ingest QQQ: Last=601.23 Bid=None Ask=None
[01:01:53] Ingest SPY: Last=682.2 Bid=None Ask=None
[01:01:53] Ingest SPY: Last=682.2 Bid=None Ask=None
[01:01:53] Ingest SPY: Last=682.2 Bid=None Ask=None
[01:01:53] Ingest QQQ: Last=601.22 Bid=None Ask=None
[01:01:53] Ingest SPY: Last=682.2 Bid=None Ask=None
[01:01:53] Ingest SPY: Last=682.2 Bid=None Ask=None
[01:01:53] Ingest SPY: Last=682.2 Bid=None Ask=None
[01:01:53] Ingest QQQ: Last=601.23 Bid=None Ask=None
[01:01:53] Ingest QQQ: Last=601.23 Bid=None Ask=None
[01:01:53] Ingest QQQ: Last=601.23 Bid=None Ask=None
[01:01:53] Ingest QQQ: Last=601.23 Bid=None Ask=None
[01:01:53] Ingest SPY: Last=682.2 Bid=None Ask=None
[01:01:53] Ingest SPY: Last=682.2 Bid=None Ask=None
[01:01:53] Ingest SPY: Last=682.2 Bid=None Ask=None
[01:01:53] Ingest QQQ: Last=601.25 Bid=None Ask=None
[01:01:53] Ingest QQQ: Last=601.25 Bid=None Ask=None
[01:01:53] Ingest QQQ: Last=601.26 Bid=None Ask=None
[01:01:53] Ingest QQQ: Last=601.27 Bid=None Ask=None
[01:01:53] Ingest QQQ: Last=601.27 Bid=None Ask=None
[01:01:53] Ingest QQQ: Last=601.27 Bid=None Ask=None
[01:01:53] Ingest SPY: Last=682.24 Bid=None Ask=None
[01:01:53] Ingest QQQ-20MAR26-602-C: Last=None Bid=15.53 Ask=None
[01:01:53] Ingest QQQ-20MAR26-602-C: Last=None Bid=None Ask=15.58
[01:01:53] Ingest QQQ-20MAR26-602-C: Last=None Bid=15.53 Ask=None
[01:01:53] Ingest QQQ-20MAR26-602-C: Last=None Bid=None Ask=15.59
[01:01:53] Ingest QQQ: Last=601.25 Bid=None Ask=None
[01:01:53] Ingest SPY: Last=682.24 Bid=None Ask=None
[01:01:53] Ingest SPY: Last=682.235 Bid=None Ask=None
[01:01:54] Ingest SPY: Last=682.23 Bid=None Ask=None
[01:01:54] Ingest SPY: Last=682.23 Bid=None Ask=None
[01:01:54] Ingest SPY: Last=682.22 Bid=None Ask=None
[01:01:54] Ingest SPY: Last=682.23 Bid=None Ask=None
[01:01:54] Ingest SPY: Last=682.23 Bid=None Ask=None
[01:01:54] Ingest SPY: Last=682.21 Bid=None Ask=None
[01:01:54] Ingest SPY: Last=682.21 Bid=None Ask=None
[01:01:54] Ingest ETH.PERP: Last=1885.65 Bid=1885.6 Ask=1885.65
[01:01:54] Ingest BTC: Last=65435.0 Bid=65375.0 Ask=65413.0
[01:01:54] Ingest ETH: Last=1886.9 Bid=1885.5 Ask=1886.5
[01:01:54] Ingest SPY: Last=None Bid=None Ask=682.22
[01:01:54] Ingest SPY: Last=None Bid=682.21 Ask=None
[01:01:54] Ingest QQQ: Last=None Bid=None Ask=601.24
[01:01:54] Ingest QQQ: Last=None Bid=601.22 Ask=None
[01:01:54] Ingest BTC.PERP: Last=65374.0 Bid=65374.0 Ask=65374.5
[01:01:54] Ingest ETH-6MAR26-1850-P: Last=0.0375 Bid=0.038 Ask=0.039
[01:01:54] Ingest BTC-6MAR26-65000-P: Last=0.0355 Bid=0.035 Ask=0.036
[01:01:54] Ingest SPY-20MAR26-683-C: Last=None Bid=13.0 Ask=None
[01:01:54] Ingest SPY-20MAR26-683-C: Last=None Bid=None Ask=13.04
[01:01:54] Ingest SPY-20MAR26-683-C: Last=None Bid=None Ask=13.04
[01:01:54] Ingest SPY-20MAR26-683-C: Last=None Bid=13.0 Ask=None
[01:01:54] Ingest ETH.PERP: Last=1885.65 Bid=1886.0 Ask=1886.05
[01:01:54] Ingest BTC: Last=65435.0 Bid=65382.0 Ask=65423.0
[01:01:54] Ingest SPY-20MAR26-682-P: Last=None Bid=12.51 Ask=None
[01:01:54] Ingest SPY-20MAR26-682-P: Last=None Bid=None Ask=12.54
[01:01:54] Ingest ETH: Last=1886.9 Bid=1885.6 Ask=1886.8
[01:01:54] Ingest BTC.PERP: Last=65374.5 Bid=65374.0 Ask=65374.5
[01:01:54] Ingest ETH-6MAR26-1850-P: Last=0.0375 Bid=0.038 Ask=0.039
[01:01:54] Ingest ETH.PERP: Last=1885.65 Bid=1886.0 Ask=1886.05
[01:01:54] Ingest BTC: Last=65435.0 Bid=65383.0 Ask=65419.0
[01:01:54] Ingest SPY-20MAR26-682-P: Last=None Bid=12.54 Ask=None
[01:01:54] Ingest SPY-20MAR26-682-P: Last=None Bid=None Ask=12.56
[01:01:54] Ingest SPY-20MAR26-682-P: Last=None Bid=12.53 Ask=None
[01:01:54] Ingest SPY-20MAR26-682-P: Last=None Bid=None Ask=12.56
[01:01:54] Ingest BTC.PERP: Last=65374.0 Bid=65374.0 Ask=65374.5
[01:01:54] Ingest ETH-6MAR26-1850-P: Last=0.0375 Bid=0.038 Ask=0.039
[01:01:54] Ingest QQQ-20MAR26-601-P: Last=None Bid=14.39 Ask=None
[01:01:54] Ingest QQQ-20MAR26-601-P: Last=None Bid=None Ask=14.44
[01:01:54] Ingest QQQ-20MAR26-601-P: Last=None Bid=None Ask=14.46
[01:01:54] Ingest QQQ-20MAR26-601-P: Last=None Bid=14.39 Ask=None
[01:01:55] Ingest ETH.PERP: Last=1885.65 Bid=1886.0 Ask=1886.05
[01:01:55] Ingest BTC: Last=65435.0 Bid=65383.0 Ask=65420.0
[01:01:55] Ingest QQQ: Last=601.21 Bid=None Ask=None
[01:01:55] Ingest QQQ: Last=601.21 Bid=None Ask=None
[01:01:55] Ingest SPY: Last=682.2 Bid=None Ask=None
[01:01:55] Ingest SPY: Last=682.2 Bid=None Ask=None
[01:01:55] Ingest SPY: Last=682.2 Bid=None Ask=None
[01:01:55] Ingest SPY: Last=682.2 Bid=None Ask=None
[01:01:55] Ingest QQQ: Last=601.175 Bid=None Ask=None
[01:01:55] Ingest QQQ: Last=601.175 Bid=None Ask=None
[01:01:55] Ingest QQQ: Last=601.177 Bid=None Ask=None
[01:01:55] Ingest QQQ: Last=601.175 Bid=None Ask=None
[01:01:55] Ingest BTC.PERP: Last=65374.0 Bid=65374.0 Ask=65374.5
[01:01:55] Ingest QQQ: Last=601.165 Bid=None Ask=None
[01:01:55] Ingest QQQ: Last=601.17 Bid=None Ask=None
[01:01:55] Ingest QQQ: Last=601.17 Bid=None Ask=None
[01:01:55] Ingest QQQ: Last=601.165 Bid=None Ask=None
[01:01:55] Ingest QQQ: Last=601.165 Bid=None Ask=None
[01:01:55] Ingest QQQ: Last=601.165 Bid=None Ask=None
[01:01:55] Ingest QQQ: Last=601.18 Bid=None Ask=None
[01:01:55] Ingest QQQ: Last=601.175 Bid=None Ask=None
[01:01:55] Ingest QQQ-20MAR26-602-C: Last=None Bid=15.5 Ask=None
[01:01:55] Ingest QQQ-20MAR26-602-C: Last=None Bid=None Ask=15.57
[01:01:55] Ingest QQQ-20MAR26-602-C: Last=None Bid=None Ask=15.56
[01:01:55] Ingest QQQ-20MAR26-602-C: Last=None Bid=15.5 Ask=None
[01:01:55] Ingest SPY: Last=682.16 Bid=None Ask=None
[01:01:55] Ingest SPY: Last=682.16 Bid=None Ask=None
[01:01:55] Ingest SPY: Last=682.16 Bid=None Ask=None
[01:01:55] Ingest SPY: Last=682.16 Bid=None Ask=None
[01:01:55] Ingest SPY: Last=682.16 Bid=None Ask=None
[01:01:55] Ingest SPY: Last=682.16 Bid=None Ask=None
[01:01:55] Ingest SPY: Last=682.16 Bid=None Ask=None
[01:01:55] Ingest SPY: Last=682.17 Bid=None Ask=None
[01:01:55] Ingest SPY: Last=682.16 Bid=None Ask=None
[01:01:55] Ingest SPY: Last=682.16 Bid=None Ask=None
[01:01:55] Ingest SPY: Last=682.16 Bid=None Ask=None
[01:01:55] Ingest SPY: Last=682.17 Bid=None Ask=None
[01:01:55] Ingest SPY: Last=682.17 Bid=None Ask=None
[01:01:55] Ingest SPY: Last=682.17 Bid=None Ask=None
[01:01:55] Ingest SPY: Last=682.167 Bid=None Ask=None
[01:01:55] Ingest SPY: Last=682.16 Bid=None Ask=None
[01:01:55] Ingest SPY: Last=682.14 Bid=None Ask=None
[01:01:55] Ingest SPY: Last=682.15 Bid=None Ask=None
[01:01:55] Ingest QQQ: Last=None Bid=601.17 Ask=None
[01:01:55] Ingest QQQ: Last=None Bid=None Ask=601.18
[01:01:55] Ingest ETH.PERP: Last=1885.65 Bid=1886.0 Ask=1886.05
[01:01:55] Ingest SPY: Last=None Bid=None Ask=682.16
[01:01:55] Ingest SPY: Last=None Bid=682.15 Ask=None
[01:01:55] Ingest BTC: Last=65435.0 Bid=65383.0 Ask=65416.0
[01:01:55] Ingest ETH: Last=1886.9 Bid=1885.7 Ask=1886.7
[01:01:55] Ingest BTC.PERP: Last=65374.0 Bid=65374.0 Ask=65374.5
[01:01:55] Ingest SPY-20MAR26-683-C: Last=None Bid=12.96 Ask=None
[01:01:55] Ingest SPY-20MAR26-683-C: Last=None Bid=None Ask=13.0
[01:01:55] Ingest ETH.PERP: Last=1885.65 Bid=1886.0 Ask=1886.05
[01:01:55] Ingest BTC: Last=65435.0 Bid=65375.0 Ask=65420.0
[01:01:55] Ingest ETH: Last=1886.9 Bid=1885.7 Ask=1886.7
[01:01:55] Ingest BTC.PERP: Last=65374.0 Bid=65374.0 Ask=65374.5
[01:01:56] Ingest ETH.PERP: Last=1885.65 Bid=1886.0 Ask=1886.05
[01:01:56] Ingest QQQ-20MAR26-601-P: Last=None Bid=14.4 Ask=None
[01:01:56] Ingest BTC: Last=65435.0 Bid=65375.0 Ask=65422.0
[01:01:56] Ingest QQQ-20MAR26-601-P: Last=None Bid=None Ask=14.46
[01:01:56] Ingest SPY-20MAR26-682-P: Last=None Bid=12.55 Ask=None
[01:01:56] Ingest SPY-20MAR26-682-P: Last=None Bid=None Ask=12.57
[01:01:56] Ingest BTC.PERP: Last=65374.0 Bid=65374.0 Ask=65374.5
[01:01:56] Ingest QQQ: Last=601.15 Bid=None Ask=None
[01:01:56] Ingest QQQ: Last=601.15 Bid=None Ask=None
[01:01:56] Ingest ETH-6MAR26-1850-P: Last=0.0375 Bid=0.038 Ask=0.039
[01:01:56] Ingest QQQ: Last=601.14 Bid=None Ask=None
[01:01:56] Ingest QQQ: Last=601.14 Bid=None Ask=None
[01:01:56] Ingest QQQ: Last=601.15 Bid=None Ask=None
[01:01:56] Ingest QQQ: Last=601.15 Bid=None Ask=None
[01:01:56] Ingest QQQ-20MAR26-602-C: Last=None Bid=15.49 Ask=None
[01:01:56] Ingest QQQ-20MAR26-602-C: Last=None Bid=None Ask=15.55
[01:01:56] Ingest QQQ-20MAR26-602-C: Last=None Bid=15.49 Ask=None
[01:01:56] Ingest QQQ: Last=601.16 Bid=None Ask=None
[01:01:56] Ingest QQQ: Last=601.16 Bid=None Ask=None
[01:01:56] Ingest BTC-6MAR26-66000-C: Last=0.032 Bid=0.032 Ask=0.033
[01:01:56] Ingest QQQ: Last=601.18 Bid=None Ask=None
[01:01:56] Ingest QQQ: Last=601.18 Bid=None Ask=None
[01:01:56] Ingest QQQ: Last=601.18 Bid=None Ask=None
[01:01:56] Ingest QQQ: Last=601.18 Bid=None Ask=None
[01:01:56] Ingest QQQ: Last=601.17 Bid=None Ask=None
[01:01:56] Ingest QQQ: Last=601.17 Bid=None Ask=None
[01:01:56] Ingest QQQ: Last=601.17 Bid=None Ask=None
[01:01:56] Ingest QQQ: Last=601.17 Bid=None Ask=None
[01:01:56] Ingest QQQ: Last=601.17 Bid=None Ask=None
[01:01:56] Ingest SPY: Last=682.16 Bid=None Ask=None
[01:01:56] Ingest SPY: Last=682.16 Bid=None Ask=None
[01:01:56] Ingest SPY: Last=682.16 Bid=None Ask=None
[01:01:56] Ingest QQQ: Last=601.16 Bid=None Ask=None
[01:01:56] Ingest QQQ: Last=601.16 Bid=None Ask=None
[01:01:56] Ingest SPY: Last=682.16 Bid=None Ask=None
[01:01:56] Ingest QQQ: Last=601.17 Bid=None Ask=None
[01:01:56] Ingest QQQ: Last=601.175 Bid=None Ask=None
[01:01:56] Ingest QQQ: Last=601.17 Bid=None Ask=None
[01:01:56] Ingest QQQ: Last=601.17 Bid=None Ask=None
[01:01:56] Ingest QQQ: Last=601.17 Bid=None Ask=None
[01:01:56] Ingest QQQ: Last=601.17 Bid=None Ask=None
[01:01:56] Ingest SPY: Last=682.15 Bid=None Ask=None
[01:01:56] Ingest SPY: Last=682.16 Bid=None Ask=None
[01:01:56] Ingest QQQ: Last=601.17 Bid=None Ask=None
[01:01:56] Ingest ETH.PERP: Last=1885.65 Bid=1886.0 Ask=1886.05
[01:01:56] Ingest BTC: Last=65435.0 Bid=65371.0 Ask=65415.0
[01:01:56] Ingest ETH: Last=1886.9 Bid=1885.5 Ask=1886.5
[01:01:56] Ingest BTC.PERP: Last=65374.0 Bid=65374.0 Ask=65374.5
[01:01:56] Ingest QQQ: Last=None Bid=601.16 Ask=None
[01:01:56] Ingest QQQ: Last=None Bid=None Ask=601.17
[01:01:56] Ingest SPY: Last=None Bid=None Ask=682.16
[01:01:56] Ingest SPY: Last=None Bid=682.15 Ask=None
[01:01:56] Ingest ETH.PERP: Last=1885.65 Bid=1886.0 Ask=1886.05
[01:01:56] Ingest ETH: Last=1886.9 Bid=1885.5 Ask=1886.5
[01:01:56] Ingest BTC: Last=65435.0 Bid=65371.0 Ask=65414.0
[01:01:56] Ingest BTC.PERP: Last=65374.0 Bid=65374.0 Ask=65374.5
[01:01:56] Ingest SPY-20MAR26-683-C: Last=None Bid=12.97 Ask=None
[01:01:56] Ingest SPY-20MAR26-683-C: Last=None Bid=None Ask=13.01
[01:01:56] Ingest BTC-6MAR26-66000-C: Last=0.032 Bid=0.032 Ask=0.033
[01:01:56] Ingest BTC-6MAR26-65000-P: Last=0.0355 Bid=0.035 Ask=0.036
[01:01:57] Ingest QQQ-20MAR26-601-P: Last=None Bid=14.39 Ask=None
[01:01:57] Ingest QQQ-20MAR26-601-P: Last=None Bid=None Ask=14.46
[01:01:57] Ingest ETH: Last=1886.9 Bid=1885.5 Ask=1886.5
[01:01:57] Ingest SPY-20MAR26-682-P: Last=None Bid=None Ask=12.56
[01:01:57] Ingest SPY-20MAR26-682-P: Last=None Bid=12.54 Ask=None
[01:01:57] Ingest BTC.PERP: Last=65374.0 Bid=65374.0 Ask=65374.5
[01:01:57] Ingest QQQ-20MAR26-602-C: Last=None Bid=15.5 Ask=None
[01:01:57] Ingest QQQ-20MAR26-602-C: Last=None Bid=None Ask=15.56
[01:01:57] Ingest QQQ-20MAR26-602-C: Last=None Bid=None Ask=15.56
[01:01:57] Ingest QQQ-20MAR26-602-C: Last=None Bid=15.5 Ask=None
[01:01:57] Ingest ETH.PERP: Last=1885.65 Bid=1886.0 Ask=1886.05
[01:01:57] Ingest QQQ: Last=601.155 Bid=None Ask=None
[01:01:57] Ingest QQQ: Last=601.151 Bid=None Ask=None
[01:01:57] Ingest QQQ: Last=601.16 Bid=None Ask=None
[01:01:57] Ingest QQQ: Last=601.16 Bid=None Ask=None
[01:01:57] Ingest BTC: Last=65435.0 Bid=65369.0 Ask=65413.0
[01:01:57] Ingest SPY: Last=682.156 Bid=None Ask=None
[01:01:57] Ingest ETH: Last=1886.9 Bid=1885.5 Ask=1886.5
[01:01:57] Ingest QQQ: Last=601.16 Bid=None Ask=None
[01:01:57] Ingest QQQ: Last=601.16 Bid=None Ask=None
[01:01:57] Ingest QQQ: Last=601.16 Bid=None Ask=None
[01:01:57] Ingest QQQ: Last=601.16 Bid=None Ask=None
[01:01:57] Ingest QQQ: Last=601.16 Bid=None Ask=None
[01:01:57] Ingest SPY: Last=682.16 Bid=None Ask=None
[01:01:57] Ingest SPY: Last=682.16 Bid=None Ask=None
[01:01:57] Ingest SPY: Last=682.16 Bid=None Ask=None
[01:01:57] Ingest SPY: Last=682.16 Bid=None Ask=None
[01:01:57] Ingest SPY: Last=682.16 Bid=None Ask=None
[01:01:57] Ingest SPY: Last=682.16 Bid=None Ask=None
[01:01:57] Ingest QQQ: Last=601.16 Bid=None Ask=None
[01:01:57] Ingest QQQ: Last=601.16 Bid=None Ask=None
[01:01:57] Ingest QQQ: Last=601.16 Bid=None Ask=None
[01:01:57] Ingest QQQ: Last=601.16 Bid=None Ask=None
[01:01:57] Ingest QQQ: Last=601.16 Bid=None Ask=None
[01:01:57] Ingest SPY: Last=682.16 Bid=None Ask=None
[01:01:57] Ingest SPY: Last=682.16 Bid=None Ask=None
[01:01:57] Ingest SPY: Last=682.16 Bid=None Ask=None
[01:01:57] Ingest SPY: Last=682.16 Bid=None Ask=None
[01:01:57] Ingest SPY: Last=682.16 Bid=None Ask=None
[01:01:57] Ingest SPY: Last=682.16 Bid=None Ask=None
[01:01:57] Ingest SPY: Last=682.16 Bid=None Ask=None
[01:01:57] Ingest BTC.PERP: Last=65374.0 Bid=65374.0 Ask=65374.5
[01:01:57] Ingest SPY: Last=682.17 Bid=None Ask=None
[01:01:57] Ingest SPY: Last=682.17 Bid=None Ask=None
[01:01:57] Ingest SPY: Last=682.17 Bid=None Ask=None
[01:01:57] Ingest SPY: Last=682.17 Bid=None Ask=None
[01:01:57] Ingest SPY: Last=682.16 Bid=None Ask=None
[01:01:57] Ingest QQQ: Last=601.165 Bid=None Ask=None
[01:01:57] Ingest QQQ: Last=None Bid=None Ask=601.17
[01:01:57] Ingest QQQ: Last=None Bid=601.16 Ask=None
[01:01:57] Ingest SPY: Last=None Bid=None Ask=682.16
[01:01:57] Ingest SPY: Last=None Bid=682.15 Ask=None
[01:01:57] Ingest ETH.PERP: Last=1885.65 Bid=1886.0 Ask=1886.05
[01:01:57] Ingest BTC: Last=65435.0 Bid=65369.0 Ask=65413.0
[01:01:57] Ingest BTC.PERP: Last=65374.0 Bid=65374.0 Ask=65374.5
[01:01:57] Ingest SPY-20MAR26-683-C: Last=None Bid=12.97 Ask=None
[01:01:57] Ingest SPY-20MAR26-683-C: Last=None Bid=None Ask=13.01
[01:01:57] Ingest ETH-6MAR26-1900-C: Last=0.0515 Bid=0.0425 Ask=0.0435
[01:01:58] Ingest ETH.PERP: Last=1885.65 Bid=1886.0 Ask=1886.05
[01:01:58] Ingest ETH: Last=1886.9 Bid=1885.5 Ask=1886.5
[01:01:58] Ingest QQQ-20MAR26-601-P: Last=None Bid=None Ask=14.46
[01:01:58] Ingest BTC.PERP: Last=65374.0 Bid=65374.0 Ask=65374.5
[01:01:58] Ingest QQQ-20MAR26-601-P: Last=None Bid=14.39 Ask=None
[01:01:58] Ingest SPY-20MAR26-682-P: Last=None Bid=12.54 Ask=None
[01:01:58] Ingest SPY-20MAR26-682-P: Last=None Bid=None Ask=12.56
[01:01:58] Ingest SPY-20MAR26-682-P: Last=None Bid=None Ask=12.56
[01:01:58] Ingest SPY-20MAR26-682-P: Last=None Bid=12.54 Ask=None
[01:01:58] Ingest ETH-6MAR26-1850-P: Last=0.0375 Bid=0.038 Ask=0.039
[01:01:58] Ingest ETH-6MAR26-1900-C: Last=0.0515 Bid=0.043 Ask=0.0435
[01:01:58] Ingest BTC-6MAR26-66000-C: Last=0.032 Bid=0.032 Ask=0.033
[01:01:58] Ingest BTC-6MAR26-65000-P: Last=0.0355 Bid=0.035 Ask=0.036
[01:01:58] Ingest QQQ-20MAR26-602-C: Last=None Bid=15.49 Ask=None
[01:01:58] Ingest QQQ-20MAR26-602-C: Last=None Bid=None Ask=15.55
[01:01:58] Ingest QQQ-20MAR26-602-C: Last=None Bid=15.49 Ask=None
[01:01:58] Ingest QQQ-20MAR26-602-C: Last=None Bid=None Ask=15.55
[01:01:58] Ingest ETH.PERP: Last=1885.65 Bid=1886.0 Ask=1886.05
[01:01:58] Ingest BTC: Last=65435.0 Bid=65378.0 Ask=65414.0
[01:01:58] Ingest ETH: Last=1886.9 Bid=1885.7 Ask=1886.7
[01:01:58] Ingest BTC.PERP: Last=65374.5 Bid=65374.0 Ask=65374.5
[01:01:58] Ingest SPY: Last=682.16 Bid=None Ask=None
[01:01:58] Ingest SPY: Last=682.15 Bid=None Ask=None
[01:01:58] Ingest QQQ: Last=601.163 Bid=None Ask=None
[01:01:58] Ingest QQQ: Last=601.16 Bid=None Ask=None
[01:01:58] Ingest QQQ: Last=601.16 Bid=None Ask=None
[01:01:58] Ingest QQQ: Last=601.14 Bid=None Ask=None
[01:01:58] Ingest QQQ: Last=601.14 Bid=None Ask=None
[01:01:58] Ingest QQQ: Last=601.14 Bid=None Ask=None
[01:01:58] Ingest QQQ: Last=601.14 Bid=None Ask=None
[01:01:58] Ingest ETH-6MAR26-1900-C: Last=0.0515 Bid=0.043 Ask=0.0435
[01:01:58] Ingest QQQ: Last=601.13 Bid=None Ask=None
[01:01:58] Ingest ETH.PERP: Last=1885.65 Bid=1886.0 Ask=1886.05
[01:01:58] Ingest ETH: Last=1886.9 Bid=1885.7 Ask=1886.7
[01:01:58] Ingest BTC.PERP: Last=65374.5 Bid=65374.0 Ask=65374.5
[01:01:58] Ingest SPY: Last=None Bid=None Ask=682.14
[01:01:58] Ingest SPY: Last=None Bid=682.13 Ask=None
[01:01:58] Ingest QQQ: Last=None Bid=601.13 Ask=None
[01:01:58] Ingest QQQ: Last=None Bid=None Ask=601.14
[01:01:58] Ingest SPY-20MAR26-683-C: Last=None Bid=12.96 Ask=None
[01:01:58] Ingest SPY-20MAR26-683-C: Last=None Bid=None Ask=13.0
[01:01:59] Ingest ETH.PERP: Last=1885.65 Bid=1886.0 Ask=1886.05
[01:01:59] Ingest QQQ-20MAR26-601-P: Last=None Bid=None Ask=14.46
[01:01:59] Ingest QQQ-20MAR26-601-P: Last=None Bid=14.4 Ask=None
[01:01:59] Ingest BTC.PERP: Last=65374.5 Bid=65374.0 Ask=65374.5
[01:01:59] Ingest SPY-20MAR26-682-P: Last=None Bid=12.55 Ask=None
[01:01:59] Ingest SPY-20MAR26-682-P: Last=None Bid=None Ask=12.57
[01:01:59] Ingest SPY-20MAR26-682-P: Last=None Bid=None Ask=12.57
[01:01:59] Ingest SPY-20MAR26-682-P: Last=None Bid=12.55 Ask=None
[01:01:59] Ingest QQQ-20MAR26-602-C: Last=None Bid=15.48 Ask=None
[01:01:59] Ingest QQQ-20MAR26-602-C: Last=None Bid=None Ask=15.54
[01:01:59] Ingest QQQ-20MAR26-602-C: Last=None Bid=15.48 Ask=None
[01:01:59] Ingest ETH.PERP: Last=1885.65 Bid=1886.0 Ask=1886.05
[01:01:59] Ingest BTC: Last=65435.0 Bid=65380.0 Ask=65414.0
[01:01:59] Ingest ETH: Last=1886.9 Bid=1885.7 Ask=1886.7
[01:01:59] Ingest BTC.PERP: Last=65374.0 Bid=65374.0 Ask=65374.5
[01:01:59] Ingest SPY: Last=682.14 Bid=None Ask=None
[01:01:59] Ingest SPY: Last=682.14 Bid=None Ask=None
[01:01:59] Ingest SPY: Last=682.14 Bid=None Ask=None
[01:01:59] Ingest SPY: Last=682.15 Bid=None Ask=None
[01:01:59] Ingest SPY: Last=682.15 Bid=None Ask=None
[01:01:59] Ingest SPY: Last=682.15 Bid=None Ask=None
[01:01:59] Ingest SPY: Last=682.15 Bid=None Ask=None
[01:01:59] Ingest SPY: Last=682.16 Bid=None Ask=None
[01:01:59] Ingest SPY: Last=682.16 Bid=None Ask=None
[01:01:59] Ingest SPY: Last=682.16 Bid=None Ask=None
[01:01:59] Ingest QQQ: Last=601.13 Bid=None Ask=None
[01:01:59] Ingest QQQ: Last=601.13 Bid=None Ask=None
[01:01:59] Ingest QQQ: Last=601.13 Bid=None Ask=None
[01:01:59] Ingest QQQ: Last=601.13 Bid=None Ask=None
[01:01:59] Ingest QQQ: Last=601.13 Bid=None Ask=None
[01:01:59] Ingest QQQ: Last=601.13 Bid=None Ask=None
[01:01:59] Ingest SPY: Last=682.161 Bid=None Ask=None
[01:01:59] Ingest QQQ: Last=601.14 Bid=None Ask=None
[01:01:59] Ingest QQQ: Last=601.15 Bid=None Ask=None
[01:01:59] Ingest QQQ: Last=601.15 Bid=None Ask=None
[01:01:59] Ingest QQQ: Last=601.15 Bid=None Ask=None
[01:01:59] Ingest QQQ: Last=601.15 Bid=None Ask=None
[01:01:59] Ingest QQQ: Last=601.15 Bid=None Ask=None
[01:01:59] Ingest QQQ: Last=601.15 Bid=None Ask=None
[01:01:59] Ingest QQQ: Last=601.15 Bid=None Ask=None
[01:01:59] Ingest SPY: Last=682.14 Bid=None Ask=None
[01:01:59] Ingest SPY: Last=682.13 Bid=None Ask=None
[01:01:59] Ingest SPY: Last=682.13 Bid=None Ask=None
[01:01:59] Ingest SPY: Last=682.13 Bid=None Ask=None
[01:01:59] Ingest SPY: Last=682.13 Bid=None Ask=None
[01:01:59] Ingest QQQ: Last=601.159 Bid=None Ask=None
[01:01:59] Ingest QQQ: Last=601.16 Bid=None Ask=None
[01:01:59] Ingest SPY: Last=682.14 Bid=None Ask=None
[01:01:59] Ingest SPY: Last=682.14 Bid=None Ask=None
[01:01:59] Ingest SPY: Last=682.14 Bid=None Ask=None
[01:01:59] Ingest SPY: Last=682.147 Bid=None Ask=None
[01:01:59] Ingest QQQ: Last=601.13 Bid=None Ask=None
[01:01:59] Ingest QQQ: Last=601.13 Bid=None Ask=None
[01:01:59] Ingest QQQ: Last=601.12 Bid=None Ask=None
[01:01:59] Ingest QQQ: Last=601.14 Bid=None Ask=None
k=1886.05
[01:01:59] Ingest QQQ: Last=601.14 Bid=None Ask=None
[01:01:59] Ingest QQQ: Last=601.14 Bid=None Ask=None
[01:01:59] Ingest QQQ: Last=601.14 Bid=None Ask=None
[01:01:59] Ingest QQQ: Last=601.14 Bid=None Ask=None
[01:01:59] Ingest ETH: Last=1886.9 Bid=1885.7 Ask=1886.7
[01:01:59] Ingest BTC.PERP: Last=65374.5 Bid=65374.0 Ask=65374.5
[01:01:59] Ingest SPY: Last=None Bid=None Ask=682.15
[01:01:59] Ingest SPY: Last=None Bid=682.14 Ask=None
[01:01:59] Ingest QQQ: Last=None Bid=601.13 Ask=None
[01:01:59] Ingest QQQ: Last=None Bid=None Ask=601.14
[01:01:59] Ingest SPY-20MAR26-683-C: Last=None Bid=12.97 Ask=None
[01:01:59] Ingest SPY-20MAR26-683-C: Last=None Bid=None Ask=13.01
[01:01:59] Ingest SPY-20MAR26-683-C: Last=None Bid=12.97 Ask=None
[01:01:59] Ingest SPY-20MAR26-683-C: Last=None Bid=None Ask=13.01
[01:01:59] Ingest ETH.PERP: Last=1885.65 Bid=1886.0 Ask=1886.05
[01:02:00] Ingest BTC: Last=65435.0 Bid=65380.0 Ask=65422.0
[01:02:00] Ingest BTC.PERP: Last=65374.5 Bid=65374.0 Ask=65374.5
[01:02:00] Ingest QQQ-20MAR26-601-P: Last=None Bid=14.39 Ask=None
[01:02:00] Ingest QQQ-20MAR26-601-P: Last=None Bid=None Ask=14.47
[01:02:00] Ingest QQQ-20MAR26-601-P: Last=None Bid=14.4 Ask=None
[01:02:00] Ingest QQQ-20MAR26-601-P: Last=None Bid=None Ask=14.47
[01:02:00] Ingest SPY-20MAR26-682-P: Last=None Bid=12.55 Ask=None
[01:02:00] Ingest SPY-20MAR26-682-P: Last=None Bid=None Ask=12.57
[01:02:00] Ingest QQQ-20MAR26-602-C: Last=None Bid=15.48 Ask=None
[01:02:00] Ingest ETH.PERP: Last=1885.65 Bid=1886.0 Ask=1886.05
[01:02:00] Ingest QQQ-20MAR26-602-C: Last=None Bid=None Ask=15.54
[01:02:00] Ingest QQQ-20MAR26-602-C: Last=None Bid=15.48 Ask=None
[01:02:00] Ingest BTC: Last=65435.0 Bid=65380.0 Ask=65422.0
[01:02:00] Ingest BTC.PERP: Last=65374.5 Bid=65374.0 Ask=65374.5
[01:02:00] Ingest ETH.PERP: Last=1885.65 Bid=1886.0 Ask=1886.05
[01:02:00] Ingest BTC: Last=65422.0 Bid=65380.0 Ask=65422.0
[01:02:00] Ingest SPY: Last=682.14 Bid=None Ask=None
[01:02:00] Ingest SPY: Last=682.14 Bid=None Ask=None
[01:02:00] Ingest QQQ: Last=601.13 Bid=None Ask=None
[01:02:00] Ingest QQQ: Last=601.13 Bid=None Ask=None
[01:02:00] Ingest QQQ: Last=601.14 Bid=None Ask=None
[01:02:00] Ingest BTC.PERP: Last=65374.5 Bid=65374.0 Ask=65374.5
[01:02:00] Ingest SPY: Last=682.14 Bid=None Ask=None
[01:02:00] Ingest SPY: Last=682.145 Bid=None Ask=None
[01:02:00] Ingest SPY: Last=682.142 Bid=None Ask=None
[01:02:00] Ingest QQQ: Last=601.14 Bid=None Ask=None
[01:02:00] Ingest QQQ: Last=601.13 Bid=None Ask=None
[01:02:00] Ingest SPY: Last=682.14 Bid=None Ask=None
[01:02:00] Ingest SPY: Last=682.14 Bid=None Ask=None
[01:02:00] Ingest SPY: Last=682.14 Bid=None Ask=None
[01:02:00] Ingest SPY: Last=682.132 Bid=None Ask=None
[01:02:00] Ingest QQQ: Last=601.14 Bid=None Ask=None
[01:02:00] Ingest SPY-20MAR26-683-C: Last=None Bid=12.96 Ask=None
[01:02:00] Ingest SPY-20MAR26-683-C: Last=None Bid=None Ask=13.0
[01:02:00] Ingest SPY: Last=None Bid=682.13 Ask=None
[01:02:00] Ingest SPY: Last=None Bid=None Ask=682.14
[01:02:00] Ingest ETH.PERP: Last=1885.65 Bid=1886.0 Ask=1886.05
[01:02:01] Ingest QQQ: Last=None Bid=None Ask=601.15
[01:02:01] Ingest QQQ: Last=None Bid=601.13 Ask=None
[01:02:01] Ingest BTC.PERP: Last=65374.5 Bid=65374.0 Ask=65374.5
[01:02:01] Ingest QQQ-20MAR26-601-P: Last=None Bid=14.4 Ask=None
[01:02:01] Ingest QQQ-20MAR26-601-P: Last=None Bid=None Ask=14.47
[01:02:01] Ingest QQQ-20MAR26-601-P: Last=None Bid=14.4 Ask=None
[01:02:01] Ingest QQQ-20MAR26-601-P: Last=None Bid=None Ask=14.47
[01:02:01] Ingest ETH.PERP: Last=1885.65 Bid=1886.0 Ask=1886.05
[01:02:01] Ingest SPY-20MAR26-682-P: Last=None Bid=12.55 Ask=None
[01:02:01] Ingest SPY-20MAR26-682-P: Last=None Bid=None Ask=12.57
[01:02:01] Ingest SPY-20MAR26-682-P: Last=None Bid=None Ask=12.57
[01:02:01] Ingest SPY-20MAR26-682-P: Last=None Bid=12.55 Ask=None
[01:02:01] Ingest BTC: Last=65422.0 Bid=65380.0 Ask=65422.0
[01:02:01] Ingest ETH: Last=1886.9 Bid=1885.7 Ask=1886.7
[01:02:01] Ingest BTC.PERP: Last=65374.5 Bid=65374.0 Ask=65374.5
[01:02:01] Ingest QQQ-20MAR26-602-C: Last=None Bid=15.48 Ask=None
[01:02:01] Ingest QQQ-20MAR26-602-C: Last=None Bid=None Ask=15.54
[01:02:01] Ingest QQQ-20MAR26-602-C: Last=None Bid=None Ask=15.54
[01:02:01] Ingest QQQ-20MAR26-602-C: Last=None Bid=15.48 Ask=None
[01:02:01] Ingest ETH.PERP: Last=1885.65 Bid=1886.0 Ask=1886.05
[01:02:01] Ingest BTC: Last=65422.0 Bid=65380.0 Ask=65419.0
[01:02:01] Ingest ETH: Last=1886.9 Bid=1885.7 Ask=1886.6
[01:02:01] Ingest BTC.PERP: Last=65374.5 Bid=65374.0 Ask=65374.5
[01:02:01] Ingest SPY: Last=682.14 Bid=None Ask=None
[01:02:01] Ingest SPY: Last=682.15 Bid=None Ask=None
[01:02:01] Ingest SPY: Last=682.15 Bid=None Ask=None
[01:02:01] Ingest SPY: Last=682.15 Bid=None Ask=None
[01:02:01] Ingest SPY: Last=682.15 Bid=None Ask=None
[01:02:01] Ingest SPY: Last=682.151 Bid=None Ask=None
[01:02:01] Ingest SPY: Last=682.155 Bid=None Ask=None
[01:02:01] Ingest SPY: Last=682.15 Bid=None Ask=None
[01:02:01] Ingest SPY: Last=682.15 Bid=None Ask=None
[01:02:01] Ingest QQQ: Last=601.145 Bid=None Ask=None
[01:02:01] Ingest QQQ: Last=601.15 Bid=None Ask=None
[01:02:01] Ingest QQQ: Last=601.14 Bid=None Ask=None
[01:02:01] Ingest SPY: Last=682.145 Bid=None Ask=None
[01:02:01] Ingest SPY: Last=682.142 Bid=None Ask=None
[01:02:01] Ingest BTC-6MAR26-66000-C: Last=0.032 Bid=0.032 Ask=0.033
[01:02:01] Ingest ETH.PERP: Last=1885.65 Bid=1886.0 Ask=1886.05
[01:02:01] Ingest BTC: Last=65422.0 Bid=65380.0 Ask=65421.0
[01:02:02] Ingest BTC.PERP: Last=65374.5 Bid=65374.0 Ask=65374.5
[01:02:02] Ingest ETH-6MAR26-1850-P: Last=0.0375 Bid=0.038 Ask=0.039
[01:02:02] Ingest QQQ-20MAR26-601-P: Last=None Bid=14.41 Ask=None
[01:02:02] Ingest QQQ-20MAR26-601-P: Last=None Bid=None Ask=14.47
[01:02:02] Ingest QQQ-20MAR26-601-P: Last=None Bid=14.41 Ask=None
[01:02:02] Ingest QQQ: Last=None Bid=601.13 Ask=None
[01:02:02] Ingest QQQ: Last=None Bid=None Ask=601.14
[01:02:02] Ingest SPY: Last=None Bid=682.14 Ask=None
[01:02:02] Ingest SPY: Last=None Bid=None Ask=682.15
[01:02:02] Ingest ETH.PERP: Last=1885.65 Bid=1886.0 Ask=1886.05
[01:02:02] Ingest BTC: Last=65422.0 Bid=65380.0 Ask=65421.0
[01:02:02] Ingest ETH: Last=1886.9 Bid=1885.7 Ask=1886.7
[01:02:02] Ingest SPY-20MAR26-682-P: Last=None Bid=None Ask=12.57
[01:02:02] Ingest SPY-20MAR26-682-P: Last=None Bid=12.55 Ask=None
[01:02:02] Ingest BTC.PERP: Last=65374.5 Bid=65374.0 Ask=65374.5
[01:02:02] Ingest QQQ-20MAR26-602-C: Last=None Bid=15.46 Ask=None
[01:02:02] Ingest QQQ-20MAR26-602-C: Last=None Bid=None Ask=15.53
[01:02:02] Ingest ETH-6MAR26-1850-P: Last=0.0375 Bid=0.038 Ask=0.039
[01:02:02] Ingest ETH.PERP: Last=1885.65 Bid=1886.45 Ask=1886.5
[01:02:02] Ingest BTC: Last=65422.0 Bid=65391.0 Ask=65432.0
[01:02:02] Ingest ETH: Last=1886.9 Bid=1885.9 Ask=1887.0
[01:02:02] Ingest BTC-6MAR26-65000-P: Last=0.0355 Bid=0.035 Ask=0.0355
[01:02:02] Ingest BTC.PERP: Last=65374.5 Bid=65387.0 Ask=65387.5
[01:02:02] Ingest ETH-6MAR26-1900-C: Last=0.0515 Bid=0.043 Ask=0.044
[01:02:02] Ingest SPY: Last=682.15 Bid=None Ask=None
[01:02:02] Ingest SPY: Last=682.15 Bid=None Ask=None
[01:02:02] Ingest SPY: Last=682.15 Bid=None Ask=None
[01:02:02] Ingest SPY: Last=682.15 Bid=None Ask=None
[01:02:02] Ingest SPY: Last=682.15 Bid=None Ask=None
[01:02:02] Ingest SPY: Last=682.15 Bid=None Ask=None
[01:02:02] Ingest SPY: Last=682.15 Bid=None Ask=None
[01:02:02] Ingest SPY: Last=682.16 Bid=None Ask=None
[01:02:02] Ingest QQQ: Last=601.14 Bid=None Ask=None
[01:02:02] Ingest QQQ: Last=601.14 Bid=None Ask=None
[01:02:02] Ingest QQQ: Last=601.15 Bid=None Ask=None
[01:02:02] Ingest QQQ: Last=601.15 Bid=None Ask=None
[01:02:02] Ingest QQQ: Last=601.15 Bid=None Ask=None
[01:02:02] Ingest QQQ: Last=601.15 Bid=None Ask=None
[01:02:02] Ingest SPY-20MAR26-683-C: Last=None Bid=12.95 Ask=None
[01:02:02] Ingest SPY-20MAR26-683-C: Last=None Bid=None Ask=12.99
[01:02:02] Ingest SPY: Last=682.13 Bid=None Ask=None
[01:02:02] Ingest SPY: Last=682.13 Bid=None Ask=None
[01:02:02] Ingest SPY: Last=682.13 Bid=None Ask=None
[01:02:02] Ingest SPY: Last=682.13 Bid=None Ask=None
[01:02:02] Ingest SPY: Last=682.13 Bid=None Ask=None
[01:02:02] Ingest ETH.PERP: Last=1886.15 Bid=1886.1 Ask=1886.15
[01:02:02] Ingest QQQ: Last=601.14 Bid=None Ask=None
[01:02:02] Ingest QQQ: Last=601.14 Bid=None Ask=None
[01:02:02] Ingest BTC: Last=65422.0 Bid=65387.0 Ask=65424.0
[01:02:02] Ingest ETH: Last=1886.9 Bid=1885.5 Ask=1886.7
[01:02:02] Ingest QQQ: Last=601.12 Bid=None Ask=None
[01:02:02] Ingest SPY: Last=682.12 Bid=None Ask=None
[01:02:02] Ingest SPY: Last=682.12 Bid=None Ask=None
[01:02:02] Ingest SPY: Last=682.12 Bid=None Ask=None
[01:02:02] Ingest SPY: Last=682.12 Bid=None Ask=None
[01:02:02] Ingest SPY: Last=682.12 Bid=None Ask=None
[01:02:02] Ingest SPY: Last=682.13 Bid=None Ask=None
[01:02:02] Ingest SPY: Last=682.13 Bid=None Ask=None
[01:02:02] Ingest SPY: Last=682.13 Bid=None Ask=None
[01:02:03] Ingest SPY: Last=682.13 Bid=None Ask=None
[01:02:03] Ingest QQQ: Last=601.12 Bid=None Ask=None
[01:02:03] Ingest QQQ: Last=601.13 Bid=None Ask=None
[01:02:03] Ingest QQQ: Last=601.135 Bid=None Ask=None
[01:02:03] Ingest SPY: Last=682.12 Bid=None Ask=None
[01:02:03] Ingest SPY: Last=682.12 Bid=None Ask=None
[01:02:03] Ingest SPY: Last=682.12 Bid=None Ask=None
[01:02:03] Ingest SPY: Last=682.12 Bid=None Ask=None
[01:02:03] Ingest SPY: Last=682.12 Bid=None Ask=None
[01:02:03] Ingest SPY: Last=682.12 Bid=None Ask=None
[01:02:03] Ingest SPY: Last=682.12 Bid=None Ask=None
[01:02:03] Ingest SPY: Last=682.12 Bid=None Ask=None
[01:02:03] Ingest SPY: Last=682.12 Bid=None Ask=None
[01:02:03] Ingest SPY: Last=682.12 Bid=None Ask=None
[01:02:03] Ingest QQQ: Last=601.13 Bid=None Ask=None
[01:02:03] Ingest QQQ: Last=601.12 Bid=None Ask=None
[01:02:03] Ingest QQQ: Last=601.12 Bid=None Ask=None
[01:02:03] Ingest QQQ: Last=601.12 Bid=None Ask=None
[01:02:03] Ingest QQQ: Last=601.12 Bid=None Ask=None
[01:02:03] Ingest QQQ: Last=601.13 Bid=None Ask=None
[01:02:03] Ingest QQQ: Last=601.12 Bid=None Ask=None
[01:02:03] Ingest SPY: Last=682.105 Bid=None Ask=None
[01:02:03] Ingest QQQ: Last=601.11 Bid=None Ask=None
[01:02:03] Ingest QQQ: Last=601.11 Bid=None Ask=None
[01:02:03] Ingest QQQ: Last=601.11 Bid=None Ask=None
[01:02:03] Ingest QQQ: Last=601.11 Bid=None Ask=None
[01:02:03] Ingest QQQ: Last=601.11 Bid=None Ask=None
[01:02:03] Ingest QQQ: Last=601.11 Bid=None Ask=None
[01:02:03] Ingest QQQ: Last=601.12 Bid=None Ask=None
[01:02:03] Ingest QQQ: Last=601.11 Bid=None Ask=None
[01:02:03] Ingest BTC.PERP: Last=65374.5 Bid=65387.0 Ask=65387.5
[01:02:03] Ingest QQQ: Last=601.11 Bid=None Ask=None
[01:02:03] Ingest QQQ: Last=601.11 Bid=None Ask=None
[01:02:03] Ingest QQQ: Last=601.11 Bid=None Ask=None
[01:02:03] Ingest QQQ: Last=601.11 Bid=None Ask=None
[01:02:03] Ingest QQQ: Last=601.11 Bid=None Ask=None
[01:02:03] Ingest QQQ: Last=601.11 Bid=None Ask=None
[01:02:03] Ingest QQQ: Last=601.11 Bid=None Ask=None
[01:02:03] Ingest QQQ: Last=601.11 Bid=None Ask=None
[01:02:03] Ingest QQQ: Last=601.11 Bid=None Ask=None
[01:02:03] Ingest QQQ: Last=601.11 Bid=None Ask=None
[01:02:03] Ingest QQQ: Last=601.11 Bid=None Ask=None
[01:02:03] Ingest QQQ: Last=601.11 Bid=None Ask=None
[01:02:03] Ingest QQQ: Last=601.11 Bid=None Ask=None
[01:02:03] Ingest QQQ: Last=601.11 Bid=None Ask=None
[01:02:03] Ingest QQQ: Last=601.11 Bid=None Ask=None
[01:02:03] Ingest QQQ: Last=601.11 Bid=None Ask=None
[01:02:03] Ingest SPY: Last=682.1 Bid=None Ask=None
[01:02:03] Ingest QQQ: Last=601.11 Bid=None Ask=None
[01:02:03] Ingest QQQ: Last=601.11 Bid=None Ask=None
[01:02:03] Ingest QQQ: Last=601.11 Bid=None Ask=None
[01:02:03] Ingest QQQ: Last=601.11 Bid=None Ask=None
[01:02:03] Ingest QQQ: Last=601.11 Bid=None Ask=None
[01:02:03] Ingest QQQ: Last=601.11 Bid=None Ask=None
[01:02:03] Ingest QQQ: Last=601.11 Bid=None Ask=None
[01:02:03] Ingest QQQ: Last=601.11 Bid=None Ask=None
[01:02:03] Ingest QQQ: Last=601.11 Bid=None Ask=None
[01:02:03] Ingest QQQ: Last=601.11 Bid=None Ask=None
[01:02:03] Ingest QQQ: Last=601.11 Bid=None Ask=None
[01:02:03] Ingest SPY: Last=682.11 Bid=None Ask=None
[01:02:03] Ingest QQQ: Last=601.095 Bid=None Ask=None
[01:02:03] Ingest SPY: Last=682.12 Bid=None Ask=None
[01:02:03] Ingest QQQ-20MAR26-601-P: Last=None Bid=14.4 Ask=None
[01:02:03] Ingest QQQ-20MAR26-601-P: Last=None Bid=None Ask=14.47
[01:02:03] Ingest QQQ-20MAR26-601-P: Last=None Bid=None Ask=14.5
[01:02:03] Ingest QQQ-20MAR26-601-P: Last=None Bid=14.42 Ask=None
[01:02:03] Ingest ETH-6MAR26-1850-P: Last=0.0375 Bid=0.038 Ask=0.039
[01:02:03] Ingest ETH-6MAR26-1900-C: Last=0.0515 Bid=0.043 Ask=0.044
[01:02:03] Ingest SPY: Last=None Bid=682.11 Ask=None
[01:02:03] Ingest SPY: Last=None Bid=None Ask=682.12
[01:02:03] Ingest QQQ: Last=None Bid=None Ask=601.11
[01:02:03] Ingest QQQ: Last=None Bid=601.1 Ask=None
[01:02:03] Ingest ETH.PERP: Last=1886.15 Bid=1886.1 Ask=1886.15
[01:02:03] Ingest BTC: Last=65422.0 Bid=65388.0 Ask=65421.0
[01:02:03] Ingest ETH: Last=1886.9 Bid=1885.6 Ask=1886.6
[01:02:03] Ingest BTC.PERP: Last=65374.5 Bid=65387.0 Ask=65387.5
[01:02:03] Ingest SPY-20MAR26-682-P: Last=None Bid=12.57 Ask=None
[01:02:03] Ingest SPY-20MAR26-682-P: Last=None Bid=None Ask=12.59
[01:02:03] Ingest SPY-20MAR26-682-P: Last=None Bid=12.56 Ask=None
[01:02:03] Ingest SPY-20MAR26-682-P: Last=None Bid=None Ask=12.59
[01:02:03] Ingest QQQ-20MAR26-602-C: Last=None Bid=15.46 Ask=None
[01:02:03] Ingest QQQ-20MAR26-602-C: Last=None Bid=None Ask=15.52
[01:02:03] Ingest QQQ-20MAR26-602-C: Last=None Bid=None Ask=15.54
[01:02:03] Ingest QQQ-20MAR26-602-C: Last=None Bid=15.47 Ask=None
[01:02:03] Ingest ETH-6MAR26-1900-C: Last=0.0515 Bid=0.043 Ask=0.044
[01:02:03] Ingest ETH.PERP: Last=1886.15 Bid=1886.1 Ask=1886.15
[01:02:03] Ingest BTC: Last=65422.0 Bid=65388.0 Ask=65418.0
[01:02:03] Ingest BTC-6MAR26-65000-P: Last=0.0355 Bid=0.035 Ask=0.0355
[01:02:03] Ingest BTC.PERP: Last=65374.5 Bid=65387.0 Ask=65387.5
[01:02:04] Ingest ETH.PERP: Last=1886.15 Bid=1886.1 Ask=1886.15
[01:02:04] Ingest BTC: Last=65422.0 Bid=65376.0 Ask=65417.0
[01:02:04] Ingest BTC.PERP: Last=65374.5 Bid=65387.0 Ask=65387.5
[01:02:04] Ingest SPY-20MAR26-683-C: Last=None Bid=12.95 Ask=None
[01:02:04] Ingest SPY-20MAR26-683-C: Last=None Bid=None Ask=12.99
[01:02:04] Ingest SPY: Last=682.11 Bid=None Ask=None
[01:02:04] Ingest SPY: Last=682.1 Bid=None Ask=None
[01:02:04] Ingest SPY: Last=682.09 Bid=None Ask=None
[01:02:04] Ingest SPY: Last=682.09 Bid=None Ask=None
[01:02:04] Ingest SPY: Last=682.09 Bid=None Ask=None
[01:02:04] Ingest SPY: Last=682.09 Bid=None Ask=None
[01:02:04] Ingest SPY: Last=682.09 Bid=None Ask=None
[01:02:04] Ingest SPY: Last=682.09 Bid=None Ask=None
[01:02:04] Ingest SPY: Last=682.1 Bid=None Ask=None
[01:02:04] Ingest SPY: Last=682.1 Bid=None Ask=None
[01:02:04] Ingest SPY: Last=682.11 Bid=None Ask=None
[01:02:04] Ingest SPY: Last=682.115 Bid=None Ask=None
[01:02:04] Ingest QQQ: Last=601.09 Bid=None Ask=None
[01:02:04] Ingest QQQ: Last=601.09 Bid=None Ask=None
[01:02:04] Ingest SPY: Last=682.12 Bid=None Ask=None
[01:02:04] Ingest SPY: Last=682.12 Bid=None Ask=None
[01:02:04] Ingest SPY: Last=682.12 Bid=None Ask=None
[01:02:04] Ingest SPY: Last=682.12 Bid=None Ask=None
[01:02:04] Ingest SPY: Last=682.12 Bid=None Ask=None
[01:02:04] Ingest QQQ: Last=601.1 Bid=None Ask=None
[01:02:04] Ingest QQQ: Last=601.105 Bid=None Ask=None
[01:02:04] Ingest SPY: Last=682.12 Bid=None Ask=None
[01:02:04] Ingest SPY: Last=682.12 Bid=None Ask=None
[01:02:04] Ingest QQQ: Last=601.11 Bid=None Ask=None
[01:02:04] Ingest QQQ: Last=601.11 Bid=None Ask=None
[01:02:04] Ingest QQQ: Last=601.11 Bid=None Ask=None
[01:02:04] Ingest QQQ: Last=601.11 Bid=None Ask=None
[01:02:04] Ingest QQQ: Last=601.12 Bid=None Ask=None
[01:02:04] Ingest QQQ: Last=601.12 Bid=None Ask=None
[01:02:04] Ingest SPY: Last=682.12 Bid=None Ask=None
[01:02:04] Ingest QQQ-20MAR26-601-P: Last=None Bid=14.43 Ask=None
[01:02:04] Ingest QQQ-20MAR26-601-P: Last=None Bid=None Ask=14.49
[01:02:04] Ingest QQQ-20MAR26-601-P: Last=None Bid=None Ask=14.49
[01:02:04] Ingest QQQ-20MAR26-601-P: Last=None Bid=14.42 Ask=None
[01:02:04] Ingest SPY: Last=682.12 Bid=None Ask=None
[01:02:04] Ingest SPY: Last=682.11 Bid=None Ask=None
[01:02:04] Ingest SPY: Last=682.11 Bid=None Ask=None
[01:02:04] Ingest QQQ: Last=601.13 Bid=None Ask=None
[01:02:04] Ingest QQQ: Last=601.13 Bid=None Ask=None
[01:02:04] Ingest SPY: Last=682.11 Bid=None Ask=None
[01:02:04] Ingest SPY: Last=682.11 Bid=None Ask=None
[01:02:04] Ingest SPY: Last=682.11 Bid=None Ask=None
[01:02:04] Ingest QQQ: Last=601.12 Bid=None Ask=None
[01:02:04] Ingest QQQ: Last=601.125 Bid=None Ask=None
[01:02:04] Ingest SPY: Last=682.12 Bid=None Ask=None
[01:02:04] Ingest SPY: Last=682.11 Bid=None Ask=None
[01:02:04] Ingest QQQ: Last=601.126 Bid=None Ask=None
[01:02:04] Ingest SPY: Last=682.115 Bid=None Ask=None
[01:02:04] Ingest ETH.PERP: Last=1886.15 Bid=1886.1 Ask=1886.15
[01:02:04] Ingest QQQ: Last=601.12 Bid=None Ask=None
[01:02:04] Ingest QQQ: Last=601.12 Bid=None Ask=None
[01:02:04] Ingest ETH: Last=1886.9 Bid=1885.8 Ask=1886.8
[01:02:04] Ingest QQQ: Last=601.12 Bid=None Ask=None
[01:02:04] Ingest QQQ: Last=601.12 Bid=None Ask=None
[01:02:04] Ingest QQQ: Last=601.12 Bid=None Ask=None
[01:02:04] Ingest SPY: Last=682.11 Bid=None Ask=None
[01:02:04] Ingest BTC.PERP: Last=65374.5 Bid=65387.0 Ask=65387.5
[01:02:04] Ingest QQQ: Last=601.12 Bid=None Ask=None
[01:02:04] Ingest QQQ: Last=601.12 Bid=None Ask=None
[01:02:04] Ingest SPY: Last=682.11 Bid=None Ask=None
[01:02:04] Ingest SPY: Last=None Bid=None Ask=682.11
[01:02:04] Ingest SPY: Last=None Bid=682.1 Ask=None
[01:02:04] Ingest QQQ: Last=None Bid=None Ask=601.13
[01:02:04] Ingest QQQ: Last=None Bid=601.12 Ask=None
[01:02:04] Ingest ETH.PERP: Last=1886.15 Bid=1886.1 Ask=1886.15
[01:02:04] Ingest QQQ-20MAR26-602-C: Last=None Bid=15.47 Ask=None
[01:02:04] Ingest QQQ-20MAR26-602-C: Last=None Bid=None Ask=15.53
[01:02:04] Ingest QQQ-20MAR26-602-C: Last=None Bid=15.47 Ask=None
[01:02:04] Ingest QQQ-20MAR26-602-C: Last=None Bid=None Ask=15.53
[01:02:04] Ingest SPY-20MAR26-682-P: Last=None Bid=12.57 Ask=None
[01:02:04] Ingest SPY-20MAR26-682-P: Last=None Bid=None Ask=12.59
[01:02:04] Ingest SPY-20MAR26-682-P: Last=None Bid=12.57 Ask=None
[01:02:04] Ingest SPY-20MAR26-682-P: Last=None Bid=None Ask=12.59
[01:02:04] Ingest BTC.PERP: Last=65374.5 Bid=65387.0 Ask=65387.5
[01:02:04] Ingest ETH.PERP: Last=1886.15 Bid=1886.1 Ask=1886.15
[01:02:05] Ingest BTC.PERP: Last=65374.5 Bid=65387.0 Ask=65387.5
[01:02:05] Ingest QQQ-20MAR26-601-P: Last=None Bid=14.41 Ask=None
[01:02:05] Ingest QQQ-20MAR26-601-P: Last=None Bid=None Ask=14.48
[01:02:05] Ingest ETH.PERP: Last=1886.15 Bid=1886.1 Ask=1886.15
[01:02:05] Ingest BTC: Last=65422.0 Bid=65378.0 Ask=65419.0
[01:02:05] Ingest ETH: Last=1886.9 Bid=1885.8 Ask=1886.8
[01:02:05] Ingest BTC.PERP: Last=65374.5 Bid=65387.0 Ask=65387.5
[01:02:05] Ingest SPY: Last=682.105 Bid=None Ask=None
[01:02:05] Ingest SPY: Last=682.09 Bid=None Ask=None
[01:02:05] Ingest SPY: Last=682.09 Bid=None Ask=None
[01:02:05] Ingest SPY: Last=682.09 Bid=None Ask=None
[01:02:05] Ingest SPY: Last=682.09 Bid=None Ask=None
[01:02:05] Ingest SPY: Last=682.09 Bid=None Ask=None
[01:02:05] Ingest SPY: Last=682.09 Bid=None Ask=None
[01:02:05] Ingest SPY: Last=682.09 Bid=None Ask=None
[01:02:05] Ingest QQQ: Last=601.1 Bid=None Ask=None
[01:02:05] Ingest SPY: Last=682.09 Bid=None Ask=None
[01:02:05] Ingest SPY: Last=682.09 Bid=None Ask=None
[01:02:05] Ingest SPY: Last=682.09 Bid=None Ask=None
[01:02:05] Ingest QQQ: Last=601.1 Bid=None Ask=None
[01:02:05] Ingest QQQ: Last=601.09 Bid=None Ask=None
[01:02:05] Ingest ETH.PERP: Last=1886.15 Bid=1886.1 Ask=1886.15
[01:02:05] Ingest QQQ-20MAR26-602-C: Last=None Bid=15.47 Ask=None
[01:02:05] Ingest QQQ-20MAR26-602-C: Last=None Bid=None Ask=15.53
[01:02:05] Ingest BTC: Last=65422.0 Bid=65375.0 Ask=65420.0
[01:02:05] Ingest QQQ-20MAR26-602-C: Last=None Bid=None Ask=15.52
[01:02:05] Ingest QQQ-20MAR26-602-C: Last=None Bid=15.46 Ask=None
[01:02:05] Ingest ETH: Last=1886.9 Bid=1885.6 Ask=1886.6
[01:02:05] Ingest BTC-6MAR26-65000-P: Last=0.0355 Bid=0.035 Ask=0.036
[01:02:05] Ingest BTC.PERP: Last=65374.5 Bid=65387.0 Ask=65387.5
[01:02:05] Ingest SPY: Last=None Bid=682.08 Ask=None
[01:02:05] Ingest SPY: Last=None Bid=None Ask=682.09
[01:02:05] Ingest QQQ: Last=None Bid=None Ask=601.11
[01:02:05] Ingest QQQ: Last=None Bid=601.1 Ask=None
[01:02:05] Ingest SPY-20MAR26-682-P: Last=None Bid=None Ask=12.6
[01:02:05] Ingest SPY-20MAR26-682-P: Last=None Bid=12.58 Ask=None
[01:02:05] Ingest ETH.PERP: Last=1886.15 Bid=1886.1 Ask=1886.15
[01:02:05] Ingest ETH: Last=1886.9 Bid=1885.6 Ask=1886.6
[01:02:05] Ingest BTC: Last=65422.0 Bid=65375.0 Ask=65417.0
[01:02:06] Ingest BTC.PERP: Last=65374.5 Bid=65387.0 Ask=65387.5
[01:02:06] Ingest SPY-20MAR26-683-C: Last=None Bid=12.94 Ask=None
[01:02:06] Ingest SPY-20MAR26-683-C: Last=None Bid=None Ask=12.98
[01:02:06] Ingest ETH-6MAR26-1900-C: Last=0.0515 Bid=0.043 Ask=0.0435
[01:02:06] Ingest ETH.PERP: Last=1886.15 Bid=1886.0 Ask=1886.05
[01:02:06] Ingest BTC: Last=65422.0 Bid=65367.0 Ask=65411.0
[01:02:06] Ingest ETH: Last=1886.9 Bid=1885.3 Ask=1886.6
[01:02:06] Ingest QQQ-20MAR26-601-P: Last=None Bid=14.42 Ask=None
[01:02:06] Ingest QQQ-20MAR26-601-P: Last=None Bid=None Ask=14.49
[01:02:06] Ingest QQQ-20MAR26-601-P: Last=None Bid=14.42 Ask=None
[01:02:06] Ingest QQQ-20MAR26-601-P: Last=None Bid=None Ask=14.48
[01:02:06] Ingest BTC.PERP: Last=65374.5 Bid=65387.0 Ask=65387.5
[01:02:06] Ingest SPY: Last=682.09 Bid=None Ask=None
[01:02:06] Ingest ETH-6MAR26-1850-P: Last=0.0375 Bid=0.038 Ask=0.039
[01:02:06] Ingest ETH-6MAR26-1900-C: Last=0.0515 Bid=0.043 Ask=0.0435
[01:02:06] Ingest SPY: Last=682.09 Bid=None Ask=None
[01:02:06] Ingest ETH.PERP: Last=1886.15 Bid=1886.0 Ask=1886.05
[01:02:06] Ingest BTC: Last=65422.0 Bid=65366.0 Ask=65406.0
[01:02:06] Ingest ETH: Last=1886.9 Bid=1885.1 Ask=1886.3
[01:02:06] Ingest SPY: Last=682.09 Bid=None Ask=None
[01:02:06] Ingest SPY: Last=682.09 Bid=None Ask=None
[01:02:06] Ingest SPY: Last=682.09 Bid=None Ask=None
[01:02:06] Ingest SPY: Last=682.09 Bid=None Ask=None
[01:02:06] Ingest SPY: Last=682.08 Bid=None Ask=None
[01:02:06] Ingest SPY: Last=682.07 Bid=None Ask=None
[01:02:06] Ingest SPY: Last=682.07 Bid=None Ask=None
[01:02:06] Ingest SPY: Last=682.07 Bid=None Ask=None
[01:02:06] Ingest SPY: Last=682.07 Bid=None Ask=None
[01:02:06] Ingest SPY: Last=682.07 Bid=None Ask=None
[01:02:06] Ingest SPY: Last=682.07 Bid=None Ask=None
[01:02:06] Ingest SPY: Last=682.07 Bid=None Ask=None
[01:02:06] Ingest SPY: Last=682.07 Bid=None Ask=None
[01:02:06] Ingest SPY: Last=682.08 Bid=None Ask=None
[01:02:06] Ingest SPY: Last=682.08 Bid=None Ask=None
[01:02:06] Ingest SPY: Last=682.075 Bid=None Ask=None
[01:02:06] Ingest QQQ: Last=601.09 Bid=None Ask=None
[01:02:06] Ingest QQQ: Last=601.09 Bid=None Ask=None
[01:02:06] Ingest QQQ: Last=601.08 Bid=None Ask=None
[01:02:06] Ingest QQQ: Last=601.08 Bid=None Ask=None
[01:02:06] Ingest QQQ: Last=601.08 Bid=None Ask=None
[01:02:06] Ingest QQQ: Last=601.08 Bid=None Ask=None
[01:02:06] Ingest QQQ: Last=601.08 Bid=None Ask=None
[01:02:06] Ingest QQQ: Last=601.08 Bid=None Ask=None
[01:02:06] Ingest QQQ: Last=601.08 Bid=None Ask=None
[01:02:06] Ingest QQQ: Last=601.08 Bid=None Ask=None
[01:02:06] Ingest QQQ: Last=601.08 Bid=None Ask=None
[01:02:06] Ingest QQQ: Last=601.08 Bid=None Ask=None
[01:02:06] Ingest QQQ: Last=601.09 Bid=None Ask=None
[01:02:06] Ingest QQQ: Last=601.09 Bid=None Ask=None
[01:02:06] Ingest QQQ: Last=601.09 Bid=None Ask=None
[01:02:06] Ingest QQQ: Last=601.09 Bid=None Ask=None
[01:02:06] Ingest QQQ: Last=601.09 Bid=None Ask=None
[01:02:06] Ingest QQQ: Last=601.09 Bid=None Ask=None
[01:02:06] Ingest SPY: Last=682.08 Bid=None Ask=None
[01:02:06] Ingest SPY: Last=682.08 Bid=None Ask=None
[01:02:06] Ingest SPY: Last=682.08 Bid=None Ask=None
[01:02:06] Ingest SPY: Last=682.08 Bid=None Ask=None
[01:02:06] Ingest SPY: Last=682.08 Bid=None Ask=None
[01:02:06] Ingest QQQ: Last=601.096 Bid=None Ask=None
[01:02:06] Ingest SPY: Last=682.08 Bid=None Ask=None
[01:02:06] Ingest SPY: Last=682.09 Bid=None Ask=None
[01:02:06] Ingest QQQ-20MAR26-602-C: Last=None Bid=15.45 Ask=None
[01:02:06] Ingest QQQ-20MAR26-602-C: Last=None Bid=None Ask=15.51
[01:02:06] Ingest QQQ-20MAR26-602-C: Last=None Bid=15.46 Ask=None
[01:02:06] Ingest QQQ-20MAR26-602-C: Last=None Bid=None Ask=15.52
[01:02:06] Ingest BTC.PERP: Last=65387.0 Bid=65374.0 Ask=65374.5
[01:02:06] Ingest BTC-6MAR26-66000-C: Last=0.032 Bid=0.032 Ask=0.033
[01:02:06] Ingest BTC-6MAR26-65000-P: Last=0.0355 Bid=0.035 Ask=0.036
[01:02:06] Ingest SPY-20MAR26-682-P: Last=None Bid=None Ask=12.61
[01:02:06] Ingest SPY-20MAR26-682-P: Last=None Bid=12.58 Ask=None
[01:02:06] Ingest SPY: Last=None Bid=None Ask=682.1
[01:02:06] Ingest SPY: Last=None Bid=682.09 Ask=None
[01:02:06] Ingest QQQ: Last=None Bid=None Ask=601.11
[01:02:06] Ingest QQQ: Last=None Bid=601.1 Ask=None
[01:02:06] Ingest ETH.PERP: Last=1886.0 Bid=1886.0 Ask=1886.05
[01:02:06] Ingest BTC: Last=65422.0 Bid=65367.0 Ask=65404.0
[01:02:06] Ingest ETH: Last=1886.9 Bid=1885.2 Ask=1886.2
[01:02:06] Ingest BTC.PERP: Last=65374.0 Bid=65369.0 Ask=65369.5
[01:02:07] Ingest BTC-6MAR26-65000-P: Last=0.0355 Bid=0.035 Ask=0.036
[01:02:07] Ingest ETH.PERP: Last=1886.0 Bid=1886.0 Ask=1886.05
[01:02:07] Ingest SPY-20MAR26-683-C: Last=None Bid=12.94 Ask=None
[01:02:07] Ingest BTC: Last=65422.0 Bid=65367.0 Ask=65398.0
[01:02:07] Ingest SPY-20MAR26-683-C: Last=None Bid=None Ask=12.97
[01:02:07] Ingest ETH: Last=1886.9 Bid=1885.2 Ask=1886.2
[01:02:07] Ingest BTC.PERP: Last=65374.0 Bid=65369.0 Ask=65369.5
[01:02:07] Ingest QQQ-20MAR26-601-P: Last=None Bid=14.42 Ask=None
[01:02:07] Ingest QQQ-20MAR26-601-P: Last=None Bid=None Ask=14.49
[01:02:07] Ingest BTC-6MAR26-65000-P: Last=0.0355 Bid=0.035 Ask=0.036
[01:02:07] Ingest ETH.PERP: Last=1886.0 Bid=1886.0 Ask=1886.05
[01:02:07] Ingest QQQ: Last=601.11 Bid=None Ask=None
[01:02:07] Ingest QQQ: Last=601.11 Bid=None Ask=None
[01:02:07] Ingest QQQ: Last=601.115 Bid=None Ask=None
[01:02:07] Ingest QQQ: Last=601.115 Bid=None Ask=None
[01:02:07] Ingest QQQ: Last=601.12 Bid=None Ask=None
[01:02:07] Ingest QQQ: Last=601.12 Bid=None Ask=None
[01:02:07] Ingest BTC.PERP: Last=65374.0 Bid=65369.0 Ask=65369.5
[01:02:07] Ingest QQQ: Last=601.12 Bid=None Ask=None
[01:02:07] Ingest QQQ: Last=601.12 Bid=None Ask=None
[01:02:07] Ingest QQQ: Last=601.12 Bid=None Ask=None
[01:02:07] Ingest QQQ: Last=601.11 Bid=None Ask=None
[01:02:07] Ingest QQQ: Last=601.11 Bid=None Ask=None
[01:02:07] Ingest QQQ: Last=601.11 Bid=None Ask=None
[01:02:07] Ingest QQQ: Last=601.11 Bid=None Ask=None
[01:02:07] Ingest QQQ: Last=601.11 Bid=None Ask=None
[01:02:07] Ingest SPY: Last=682.105 Bid=None Ask=None
[01:02:07] Ingest QQQ: Last=601.11 Bid=None Ask=None
[01:02:07] Ingest QQQ: Last=601.11 Bid=None Ask=None
[01:02:07] Ingest SPY: Last=682.11 Bid=None Ask=None
[01:02:07] Ingest SPY: Last=682.11 Bid=None Ask=None
[01:02:07] Ingest SPY: Last=682.11 Bid=None Ask=None
[01:02:07] Ingest SPY: Last=682.115 Bid=None Ask=None
[01:02:07] Ingest SPY: Last=682.1 Bid=None Ask=None
[01:02:07] Ingest SPY: Last=682.09 Bid=None Ask=None
[01:02:07] Ingest SPY: Last=682.09 Bid=None Ask=None
[01:02:07] Ingest QQQ: Last=601.12 Bid=None Ask=None
[01:02:07] Ingest QQQ-20MAR26-602-C: Last=None Bid=None Ask=15.53
[01:02:07] Ingest QQQ-20MAR26-602-C: Last=None Bid=15.47 Ask=None
[01:02:07] Ingest SPY: Last=682.09 Bid=None Ask=None
[01:02:07] Ingest SPY: Last=682.09 Bid=None Ask=None
[01:02:07] Ingest SPY: Last=682.1 Bid=None Ask=None
[01:02:07] Ingest SPY: Last=682.1 Bid=None Ask=None
[01:02:07] Ingest SPY: Last=682.1 Bid=None Ask=None
[01:02:07] Ingest SPY: Last=682.115 Bid=None Ask=None
[01:02:07] Ingest SPY: Last=682.09 Bid=None Ask=None
[01:02:07] Ingest SPY: Last=682.09 Bid=None Ask=None
[01:02:07] Ingest SPY: Last=682.1 Bid=None Ask=None
[01:02:07] Ingest SPY: Last=682.09 Bid=None Ask=None
[01:02:07] Ingest SPY: Last=682.09 Bid=None Ask=None
[01:02:07] Ingest QQQ: Last=601.125 Bid=None Ask=None
[01:02:07] Ingest BTC-6MAR26-65000-P: Last=0.0355 Bid=0.035 Ask=0.036
[01:02:07] Ingest SPY: Last=682.11 Bid=None Ask=None
[01:02:07] Ingest SPY: Last=682.105 Bid=None Ask=None
[01:02:07] Ingest SPY: Last=682.105 Bid=None Ask=None
[01:02:07] Ingest SPY-20MAR26-682-P: Last=None Bid=12.57 Ask=None
[01:02:07] Ingest SPY-20MAR26-682-P: Last=None Bid=None Ask=12.6
[01:02:07] Ingest SPY-20MAR26-682-P: Last=None Bid=None Ask=12.59
[01:02:07] Ingest SPY-20MAR26-682-P: Last=None Bid=12.57 Ask=None
[01:02:07] Ingest ETH.PERP: Last=1886.0 Bid=1885.25 Ask=1885.3
[01:02:07] Ingest ETH-6MAR26-1850-P: Last=0.0375 Bid=0.038 Ask=0.039
[01:02:07] Ingest BTC: Last=65422.0 Bid=65366.0 Ask=65396.0
[01:02:07] Ingest ETH: Last=1886.9 Bid=1884.9 Ask=1886.0
[01:02:07] Ingest ETH-6MAR26-1900-C: Last=0.0515 Bid=0.0425 Ask=0.0435
[01:02:07] Ingest QQQ: Last=None Bid=None Ask=601.13
[01:02:07] Ingest QQQ: Last=None Bid=601.12 Ask=None
[01:02:07] Ingest BTC.PERP: Last=65374.0 Bid=65369.0 Ask=65369.5
[01:02:07] Ingest SPY: Last=None Bid=None Ask=682.11
[01:02:07] Ingest SPY: Last=None Bid=682.1 Ask=None
[01:02:08] Ingest BTC-6MAR26-66000-C: Last=0.032 Bid=0.032 Ask=0.0325
[01:02:08] Ingest BTC-6MAR26-65000-P: Last=0.0355 Bid=0.035 Ask=0.036
[01:02:08] Ingest ETH.PERP: Last=1886.0 Bid=1885.05 Ask=1885.1
[01:02:08] Ingest SPY-20MAR26-683-C: Last=None Bid=12.93 Ask=None
[01:02:08] Ingest BTC: Last=65422.0 Bid=65357.0 Ask=65389.0
[01:02:08] Ingest SPY-20MAR26-683-C: Last=None Bid=None Ask=12.96
[01:02:08] Ingest ETH: Last=1886.9 Bid=1884.9 Ask=1885.8
[01:02:08] Ingest ETH-6MAR26-1850-P: Last=0.0375 Bid=0.038 Ask=0.039
[01:02:08] Ingest ETH-6MAR26-1900-C: Last=0.0515 Bid=0.0425 Ask=0.0435
[01:02:08] Ingest BTC.PERP: Last=65362.5 Bid=65352.5 Ask=65353.0
[01:02:08] Ingest QQQ-20MAR26-601-P: Last=None Bid=14.41 Ask=None
[01:02:08] Ingest QQQ-20MAR26-601-P: Last=None Bid=None Ask=14.48
[01:02:08] Ingest QQQ-20MAR26-601-P: Last=None Bid=None Ask=14.48
[01:02:08] Ingest QQQ-20MAR26-601-P: Last=None Bid=14.41 Ask=None
[01:02:08] Ingest BTC-6MAR26-66000-C: Last=0.032 Bid=0.032 Ask=0.0325
[01:02:08] Ingest BTC-6MAR26-65000-P: Last=0.0355 Bid=0.035 Ask=0.036
[01:02:08] Ingest ETH.PERP: Last=1886.0 Bid=1885.05 Ask=1885.1
[01:02:08] Ingest BTC: Last=65422.0 Bid=65358.0 Ask=65382.0
[01:02:08] Ingest ETH: Last=1886.9 Bid=1885.0 Ask=1885.7
[01:02:08] Ingest ETH-6MAR26-1850-P: Last=0.0375 Bid=0.038 Ask=0.039
[01:02:08] Ingest ETH-6MAR26-1900-C: Last=0.0515 Bid=0.0425 Ask=0.0435
[01:02:08] Ingest BTC.PERP: Last=65362.5 Bid=65352.5 Ask=65353.0
[01:02:08] Ingest QQQ: Last=601.125 Bid=None Ask=None
[01:02:08] Ingest QQQ: Last=601.12 Bid=None Ask=None
[01:02:08] Ingest QQQ: Last=601.125 Bid=None Ask=None
[01:02:08] Ingest QQQ: Last=601.12 Bid=None Ask=None
[01:02:08] Ingest QQQ-20MAR26-602-C: Last=None Bid=15.45 Ask=None
[01:02:08] Ingest QQQ-20MAR26-602-C: Last=None Bid=None Ask=15.51
[01:02:08] Ingest QQQ-20MAR26-602-C: Last=None Bid=None Ask=15.5
[01:02:08] Ingest QQQ-20MAR26-602-C: Last=None Bid=15.44 Ask=None
[01:02:08] Ingest BTC-6MAR26-66000-C: Last=0.032 Bid=0.032 Ask=0.0325
[01:02:08] Ingest QQQ: Last=601.09 Bid=None Ask=None
[01:02:08] Ingest QQQ: Last=601.09 Bid=None Ask=None
[01:02:08] Ingest SPY: Last=682.09 Bid=None Ask=None
[01:02:08] Ingest QQQ: Last=601.07 Bid=None Ask=None
[01:02:08] Ingest QQQ: Last=601.07 Bid=None Ask=None
[01:02:08] Ingest QQQ: Last=601.07 Bid=None Ask=None
[01:02:08] Ingest QQQ: Last=601.07 Bid=None Ask=None
[01:02:08] Ingest QQQ: Last=601.07 Bid=None Ask=None
[01:02:08] Ingest QQQ: Last=601.07 Bid=None Ask=None
[01:02:08] Ingest QQQ: Last=601.07 Bid=None Ask=None
[01:02:08] Ingest SPY: Last=682.08 Bid=None Ask=None
[01:02:08] Ingest SPY: Last=682.08 Bid=None Ask=None
[01:02:08] Ingest SPY: Last=682.07 Bid=None Ask=None
[01:02:08] Ingest SPY: Last=682.07 Bid=None Ask=None
[01:02:08] Ingest SPY: Last=682.07 Bid=None Ask=None
[01:02:08] Ingest SPY: Last=682.07 Bid=None Ask=None
[01:02:08] Ingest SPY: Last=682.07 Bid=None Ask=None
[01:02:08] Ingest SPY: Last=682.07 Bid=None Ask=None
[01:02:08] Ingest SPY: Last=682.07 Bid=None Ask=None
[01:02:08] Ingest SPY: Last=682.06 Bid=None Ask=None
[01:02:08] Ingest SPY: Last=682.06 Bid=None Ask=None
[01:02:08] Ingest SPY: Last=682.06 Bid=None Ask=None
[01:02:08] Ingest SPY: Last=682.06 Bid=None Ask=None
[01:02:08] Ingest SPY: Last=682.06 Bid=None Ask=None
[01:02:08] Ingest QQQ: Last=601.07 Bid=None Ask=None
[01:02:08] Ingest QQQ: Last=601.07 Bid=None Ask=None
[01:02:08] Ingest SPY: Last=682.06 Bid=None Ask=None
[01:02:08] Ingest SPY: Last=682.06 Bid=None Ask=None
[01:02:08] Ingest SPY: Last=682.06 Bid=None Ask=None
[01:02:08] Ingest SPY: Last=682.06 Bid=None Ask=None
[01:02:08] Ingest SPY: Last=682.06 Bid=None Ask=None
[01:02:08] Ingest SPY: Last=682.06 Bid=None Ask=None
[01:02:08] Ingest SPY: Last=682.06 Bid=None Ask=None
[01:02:08] Ingest SPY: Last=682.06 Bid=None Ask=None
[01:02:08] Ingest SPY: Last=682.06 Bid=None Ask=None
[01:02:08] Ingest ETH.PERP: Last=1886.0 Bid=1885.05 Ask=1885.1
[01:02:08] Ingest ETH-6MAR26-1900-C: Last=0.0515 Bid=0.0425 Ask=0.0435
[01:02:08] Ingest BTC.PERP: Last=65362.5 Bid=65352.5 Ask=65353.0
[01:02:09] Ingest QQQ: Last=None Bid=None Ask=601.07
[01:02:09] Ingest QQQ: Last=None Bid=601.06 Ask=None
[01:02:09] Ingest SPY: Last=None Bid=None Ask=682.06
[01:02:09] Ingest SPY: Last=None Bid=682.05 Ask=None
[01:02:09] Ingest SPY-20MAR26-682-P: Last=None Bid=None Ask=12.63
[01:02:09] Ingest SPY-20MAR26-682-P: Last=None Bid=12.6 Ask=None
[01:02:09] Ingest ETH.PERP: Last=1886.0 Bid=1885.05 Ask=1885.1
[01:02:09] Ingest BTC: Last=65422.0 Bid=65358.0 Ask=65382.0
[01:02:09] Ingest ETH: Last=1886.9 Bid=1885.0 Ask=1885.7
[01:02:09] Ingest BTC.PERP: Last=65362.5 Bid=65352.5 Ask=65353.0
[01:02:09] Ingest QQQ-20MAR26-601-P: Last=None Bid=14.41 Ask=None
[01:02:09] Ingest QQQ-20MAR26-601-P: Last=None Bid=None Ask=14.48
[01:02:09] Ingest QQQ-20MAR26-601-P: Last=None Bid=14.44 Ask=None
[01:02:09] Ingest QQQ-20MAR26-601-P: Last=None Bid=None Ask=14.51
[01:02:09] Ingest ETH.PERP: Last=1886.0 Bid=1885.05 Ask=1885.1
[01:02:09] Ingest SPY-20MAR26-683-C: Last=None Bid=None Ask=12.98
[01:02:09] Ingest SPY-20MAR26-683-C: Last=None Bid=12.94 Ask=None
[01:02:09] Ingest ETH-6MAR26-1900-C: Last=0.0515 Bid=0.0425 Ask=0.0435
[01:02:09] Ingest BTC.PERP: Last=65362.5 Bid=65352.5 Ask=65353.0
[01:02:09] Ingest BTC-6MAR26-66000-C: Last=0.032 Bid=0.032 Ask=0.0325
[01:02:09] Ingest BTC-6MAR26-65000-P: Last=0.0355 Bid=0.035 Ask=0.036
[01:02:09] Ingest QQQ-20MAR26-602-C: Last=None Bid=15.46 Ask=None
[01:02:09] Ingest QQQ-20MAR26-602-C: Last=None Bid=None Ask=15.52
[01:02:09] Ingest QQQ-20MAR26-602-C: Last=None Bid=15.46 Ask=None
[01:02:09] Ingest QQQ-20MAR26-602-C: Last=None Bid=None Ask=15.52
[01:02:09] Ingest QQQ: Last=601.07 Bid=None Ask=None
[01:02:09] Ingest QQQ: Last=601.09 Bid=None Ask=None
[01:02:09] Ingest QQQ: Last=601.08 Bid=None Ask=None
[01:02:09] Ingest ETH.PERP: Last=1886.0 Bid=1885.05 Ask=1885.1
[01:02:09] Ingest SPY: Last=682.08 Bid=None Ask=None
[01:02:09] Ingest SPY: Last=682.08 Bid=None Ask=None
[01:02:09] Ingest BTC: Last=65422.0 Bid=65358.0 Ask=65381.0
[01:02:09] Ingest SPY: Last=682.08 Bid=None Ask=None
[01:02:09] Ingest QQQ: Last=601.102 Bid=None Ask=None
[01:02:09] Ingest BTC.PERP: Last=65362.5 Bid=65352.5 Ask=65353.0
[01:02:10] Ingest QQQ: Last=None Bid=None Ask=601.11
[01:02:10] Ingest QQQ: Last=None Bid=601.1 Ask=None
[01:02:10] Ingest SPY: Last=None Bid=682.09 Ask=None
[01:02:10] Ingest SPY: Last=None Bid=None Ask=682.1
[01:02:10] Ingest ETH.PERP: Last=1886.0 Bid=1885.05 Ask=1885.1
[01:02:10] Ingest BTC: Last=65422.0 Bid=65357.0 Ask=65381.0
[01:02:10] Ingest ETH: Last=1886.9 Bid=1885.0 Ask=1885.6
[01:02:10] Ingest BTC.PERP: Last=65362.5 Bid=65352.5 Ask=65353.0
[01:02:10] Ingest BTC-6MAR26-66000-C: Last=0.032 Bid=0.032 Ask=0.0325
[01:02:10] Ingest SPY-20MAR26-682-P: Last=None Bid=12.56 Ask=None
[01:02:10] Ingest SPY-20MAR26-682-P: Last=None Bid=None Ask=12.58
[01:02:10] Ingest SPY-20MAR26-682-P: Last=None Bid=None Ask=12.58
[01:02:10] Ingest SPY-20MAR26-682-P: Last=None Bid=12.56 Ask=None
[01:02:10] Ingest QQQ-20MAR26-601-P: Last=None Bid=14.41 Ask=None
[01:02:10] Ingest QQQ-20MAR26-601-P: Last=None Bid=None Ask=14.49
[01:02:10] Ingest QQQ-20MAR26-601-P: Last=None Bid=None Ask=14.48
[01:02:10] Ingest QQQ-20MAR26-601-P: Last=None Bid=14.41 Ask=None
[01:02:10] Ingest ETH.PERP: Last=1886.0 Bid=1885.05 Ask=1885.1
[01:02:10] Ingest BTC: Last=65422.0 Bid=65357.0 Ask=65376.0
[01:02:10] Ingest ETH: Last=1886.9 Bid=1884.5 Ask=1885.6
[01:02:10] Ingest BTC.PERP: Last=65362.5 Bid=65352.5 Ask=65353.0
[01:02:10] Ingest ETH-6MAR26-1850-P: Last=0.0375 Bid=0.038 Ask=0.0395
[01:02:10] Ingest ETH-6MAR26-1900-C: Last=0.0515 Bid=0.0425 Ask=0.0435
[01:02:10] Ingest SPY-20MAR26-683-C: Last=None Bid=12.96 Ask=None
[01:02:10] Ingest SPY-20MAR26-683-C: Last=None Bid=None Ask=13.0
[01:02:10] Ingest SPY-20MAR26-683-C: Last=None Bid=12.96 Ask=None
[01:02:10] Ingest BTC-6MAR26-66000-C: Last=0.032 Bid=0.032 Ask=0.0325
[01:02:10] Ingest BTC-6MAR26-65000-P: Last=0.0355 Bid=0.035 Ask=0.036
[01:02:10] Ingest QQQ-20MAR26-602-C: Last=None Bid=15.47 Ask=None
[01:02:10] Ingest QQQ-20MAR26-602-C: Last=None Bid=None Ask=15.53
[01:02:10] Ingest QQQ-20MAR26-602-C: Last=None Bid=None Ask=15.54
[01:02:10] Ingest QQQ-20MAR26-602-C: Last=None Bid=15.48 Ask=None
[01:02:10] Ingest ETH.PERP: Last=1886.0 Bid=1885.05 Ask=1885.1
[01:02:10] Ingest BTC: Last=65422.0 Bid=65333.0 Ask=65375.0
[01:02:10] Ingest QQQ: Last=601.1 Bid=None Ask=None
[01:02:10] Ingest QQQ: Last=601.1 Bid=None Ask=None
[01:02:10] Ingest SPY: Last=682.09 Bid=None Ask=None
[01:02:10] Ingest SPY: Last=682.09 Bid=None Ask=None
[01:02:10] Ingest SPY: Last=682.09 Bid=None Ask=None
[01:02:10] Ingest SPY: Last=682.09 Bid=None Ask=None
[01:02:10] Ingest BTC.PERP: Last=65352.5 Bid=65340.5 Ask=65341.0
[01:02:10] Ingest SPY: Last=682.09 Bid=None Ask=None
[01:02:10] Ingest QQQ: Last=601.09 Bid=None Ask=None
[01:02:10] Ingest SPY: Last=682.09 Bid=None Ask=None
[01:02:10] Ingest SPY: Last=682.09 Bid=None Ask=None
[01:02:10] Ingest ETH-6MAR26-1900-C: Last=0.0515 Bid=0.0425 Ask=0.0435
[01:02:10] Ingest ETH-6MAR26-1850-P: Last=0.0375 Bid=0.0385 Ask=0.0395
[01:02:10] Ingest QQQ: Last=601.11 Bid=None Ask=None
[01:02:10] Ingest QQQ: Last=601.11 Bid=None Ask=None
[01:02:10] Ingest QQQ: Last=601.11 Bid=None Ask=None
[01:02:10] Ingest QQQ: Last=601.11 Bid=None Ask=None
[01:02:10] Ingest QQQ: Last=601.11 Bid=None Ask=None
[01:02:10] Ingest QQQ: Last=601.11 Bid=None Ask=None
[01:02:10] Ingest QQQ: Last=601.11 Bid=None Ask=None
[01:02:10] Ingest SPY: Last=682.1 Bid=None Ask=None
[01:02:11] Ingest QQQ: Last=601.11 Bid=None Ask=None
[01:02:11] Ingest QQQ: Last=601.11 Bid=None Ask=None
[01:02:11] Ingest QQQ: Last=601.11 Bid=None Ask=None
[01:02:11] Ingest SPY: Last=682.1 Bid=None Ask=None
[01:02:11] Ingest SPY: Last=682.1 Bid=None Ask=None
[01:02:11] Ingest SPY: Last=682.1 Bid=None Ask=None
[01:02:11] Ingest SPY: Last=682.1 Bid=None Ask=None
[01:02:11] Ingest SPY: Last=682.1 Bid=None Ask=None
[01:02:11] Ingest SPY: Last=682.1 Bid=None Ask=None
[01:02:11] Ingest SPY: Last=682.1 Bid=None Ask=None
[01:02:11] Ingest SPY: Last=682.1 Bid=None Ask=None
[01:02:11] Ingest SPY: Last=682.1 Bid=None Ask=None
[01:02:11] Ingest SPY: Last=682.1 Bid=None Ask=None
[01:02:11] Ingest QQQ: Last=601.12 Bid=None Ask=None
[01:02:11] Ingest SPY: Last=682.11 Bid=None Ask=None
[01:02:11] Ingest SPY: Last=682.11 Bid=None Ask=None
[01:02:11] Ingest QQQ: Last=601.12 Bid=None Ask=None
[01:02:11] Ingest SPY: Last=682.11 Bid=None Ask=None
[01:02:11] Ingest SPY: Last=682.11 Bid=None Ask=None
[01:02:11] Ingest SPY: Last=682.11 Bid=None Ask=None
[01:02:11] Ingest SPY: Last=682.11 Bid=None Ask=None
[01:02:11] Ingest SPY: Last=682.11 Bid=None Ask=None
[01:02:11] Ingest SPY: Last=682.12 Bid=None Ask=None
[01:02:11] Ingest SPY: Last=682.12 Bid=None Ask=None
[01:02:11] Ingest SPY: Last=682.12 Bid=None Ask=None
[01:02:11] Ingest SPY: Last=682.12 Bid=None Ask=None
[01:02:11] Ingest SPY: Last=682.12 Bid=None Ask=None
[01:02:11] Ingest QQQ: Last=601.12 Bid=None Ask=None
[01:02:11] Ingest QQQ: Last=601.12 Bid=None Ask=None
[01:02:11] Ingest SPY: Last=682.12 Bid=None Ask=None
[01:02:11] Ingest SPY: Last=682.12 Bid=None Ask=None
[01:02:11] Ingest SPY: Last=682.12 Bid=None Ask=None
[01:02:11] Ingest QQQ: Last=601.13 Bid=None Ask=None
[01:02:11] Ingest QQQ: Last=601.13 Bid=None Ask=None
[01:02:11] Ingest QQQ: Last=601.13 Bid=None Ask=None
[01:02:11] Ingest QQQ: Last=601.13 Bid=None Ask=None
[01:02:11] Ingest QQQ: Last=601.13 Bid=None Ask=None
[01:02:11] Ingest QQQ: Last=601.14 Bid=None Ask=None
[01:02:11] Ingest QQQ: Last=601.15 Bid=None Ask=None
[01:02:11] Ingest QQQ: Last=601.15 Bid=None Ask=None
[01:02:11] Ingest QQQ: Last=601.15 Bid=None Ask=None
[01:02:11] Ingest QQQ: Last=601.15 Bid=None Ask=None
[01:02:11] Ingest SPY: Last=682.13 Bid=None Ask=None
[01:02:11] Ingest BTC-6MAR26-66000-C: Last=0.032 Bid=0.032 Ask=0.0325
[01:02:11] Ingest BTC-6MAR26-65000-P: Last=0.0355 Bid=0.035 Ask=0.036
[01:02:11] Ingest ETH.PERP: Last=1885.05 Bid=1885.0 Ask=1885.05
[01:02:11] Ingest BTC: Last=65422.0 Bid=65328.0 Ask=65371.0
[01:02:11] Ingest ETH: Last=1886.9 Bid=1884.0 Ask=1885.2
[01:02:11] Ingest QQQ: Last=None Bid=None Ask=601.15
[01:02:11] Ingest QQQ: Last=None Bid=601.14 Ask=None
[01:02:11] Ingest SPY: Last=None Bid=None Ask=682.14
[01:02:11] Ingest SPY: Last=None Bid=682.13 Ask=None
[01:02:11] Ingest BTC.PERP: Last=65340.0 Bid=65336.0 Ask=65336.5
[01:02:11] Ingest ETH-6MAR26-1850-P: Last=0.0375 Bid=0.0385 Ask=0.0395
[01:02:11] Ingest ETH-6MAR26-1900-C: Last=0.0515 Bid=0.0425 Ask=0.0435
[01:02:11] Ingest BTC-6MAR26-65000-P: Last=0.0355 Bid=0.0355 Ask=0.036
[01:02:11] Ingest QQQ-20MAR26-601-P: Last=None Bid=14.41 Ask=None
[01:02:11] Ingest QQQ-20MAR26-601-P: Last=None Bid=None Ask=14.48
[01:02:11] Ingest ETH.PERP: Last=1885.05 Bid=1885.0 Ask=1885.05
[01:02:11] Ingest BTC: Last=65422.0 Bid=65329.0 Ask=65372.0
[01:02:11] Ingest ETH: Last=1886.9 Bid=1884.2 Ask=1885.5
[01:02:11] Ingest BTC.PERP: Last=65340.0 Bid=65336.0 Ask=65336.5
[01:02:11] Ingest ETH-6MAR26-1850-P: Last=0.0375 Bid=0.0385 Ask=0.0395
[01:02:11] Ingest SPY-20MAR26-682-P: Last=None Bid=12.56 Ask=None
[01:02:11] Ingest SPY-20MAR26-682-P: Last=None Bid=None Ask=12.58
[01:02:11] Ingest SPY-20MAR26-682-P: Last=None Bid=None Ask=12.59
[01:02:11] Ingest SPY-20MAR26-682-P: Last=None Bid=12.56 Ask=None
[01:02:11] Ingest SPY-20MAR26-683-C: Last=None Bid=12.95 Ask=None
[01:02:11] Ingest SPY-20MAR26-683-C: Last=None Bid=None Ask=12.99
[01:02:11] Ingest BTC-6MAR26-65000-P: Last=0.0355 Bid=0.0355 Ask=0.036
[01:02:11] Ingest ETH.PERP: Last=1885.05 Bid=1885.0 Ask=1885.05
[01:02:11] Ingest ETH: Last=1886.9 Bid=1884.3 Ask=1885.4
[01:02:11] Ingest BTC: Last=65422.0 Bid=65329.0 Ask=65369.0
[01:02:11] Ingest BTC.PERP: Last=65340.0 Bid=65336.0 Ask=65336.5
[01:02:11] Ingest QQQ-20MAR26-602-C: Last=None Bid=15.48 Ask=None
[01:02:11] Ingest QQQ-20MAR26-602-C: Last=None Bid=None Ask=15.54
[01:02:11] Ingest QQQ-20MAR26-602-C: Last=None Bid=15.48 Ask=None
[01:02:11] Ingest QQQ-20MAR26-602-C: Last=None Bid=None Ask=15.54
[01:02:12] Ingest SPY: Last=682.13 Bid=None Ask=None
[01:02:12] Ingest QQQ: Last=601.14 Bid=None Ask=None
[01:02:12] Ingest SPY: Last=682.13 Bid=None Ask=None
[01:02:12] Ingest QQQ: Last=601.14 Bid=None Ask=None
[01:02:12] Ingest SPY: Last=682.13 Bid=None Ask=None
[01:02:12] Ingest QQQ: Last=601.14 Bid=None Ask=None
[01:02:12] Ingest QQQ: Last=601.15 Bid=None Ask=None
[01:02:12] Ingest QQQ: Last=601.15 Bid=None Ask=None
[01:02:12] Ingest QQQ: Last=601.16 Bid=None Ask=None
[01:02:12] Ingest SPY: Last=682.14 Bid=None Ask=None
[01:02:12] Ingest QQQ: Last=601.16 Bid=None Ask=None
[01:02:12] Ingest QQQ: Last=601.15 Bid=None Ask=None
[01:02:12] Ingest QQQ: Last=601.15 Bid=None Ask=None
[01:02:12] Ingest QQQ: Last=601.15 Bid=None Ask=None
[01:02:12] Ingest QQQ: Last=601.15 Bid=None Ask=None
[01:02:12] Ingest QQQ: Last=601.14 Bid=None Ask=None
[01:02:12] Ingest QQQ: Last=601.14 Bid=None Ask=None
[01:02:12] Ingest QQQ: Last=601.14 Bid=None Ask=None
[01:02:12] Ingest BTC-6MAR26-65000-P: Last=0.0355 Bid=0.0355 Ask=0.036
[01:02:12] Ingest SPY: Last=682.145 Bid=None Ask=None
[01:02:12] Ingest SPY: Last=682.15 Bid=None Ask=None
[01:02:12] Ingest SPY: Last=682.15 Bid=None Ask=None
[01:02:12] Ingest QQQ: Last=601.13 Bid=None Ask=None
[01:02:12] Ingest SPY: Last=682.12 Bid=None Ask=None
[01:02:12] Ingest SPY: Last=682.125 Bid=None Ask=None
[01:02:12] Ingest SPY: Last=682.13 Bid=None Ask=None
[01:02:12] Ingest SPY: Last=682.13 Bid=None Ask=None
[01:02:12] Ingest QQQ: Last=601.135 Bid=None Ask=None
[01:02:12] Ingest QQQ: Last=601.135 Bid=None Ask=None
[01:02:12] Ingest SPY: Last=682.115 Bid=None Ask=None
[01:02:12] Ingest QQQ: Last=601.12 Bid=None Ask=None
[01:02:12] Ingest ETH.PERP: Last=1885.05 Bid=1885.0 Ask=1885.05
[01:02:12] Ingest BTC: Last=65422.0 Bid=65329.0 Ask=65361.0
[01:02:12] Ingest ETH: Last=1886.9 Bid=1884.3 Ask=1885.3
[01:02:12] Ingest SPY: Last=682.12 Bid=None Ask=None
[01:02:12] Ingest SPY: Last=682.12 Bid=None Ask=None
[01:02:12] Ingest SPY: Last=682.12 Bid=None Ask=None
[01:02:12] Ingest SPY: Last=682.12 Bid=None Ask=None
[01:02:12] Ingest SPY: Last=682.12 Bid=None Ask=None
[01:02:12] Ingest SPY: Last=682.12 Bid=None Ask=None
[01:02:12] Ingest SPY: Last=682.11 Bid=None Ask=None
[01:02:12] Ingest QQQ: Last=601.13 Bid=None Ask=None
[01:02:12] Ingest QQQ: Last=601.13 Bid=None Ask=None
[01:02:12] Ingest SPY: Last=682.115 Bid=None Ask=None
[01:02:12] Ingest SPY: Last=682.11 Bid=None Ask=None
[01:02:12] Ingest QQQ: Last=601.14 Bid=None Ask=None
[01:02:12] Ingest QQQ: Last=601.14 Bid=None Ask=None
[01:02:12] Ingest QQQ: Last=601.14 Bid=None Ask=None
[01:02:12] Ingest QQQ: Last=601.14 Bid=None Ask=None
[01:02:12] Ingest QQQ: Last=601.14 Bid=None Ask=None
[01:02:12] Ingest QQQ: Last=601.14 Bid=None Ask=None
[01:02:12] Ingest QQQ: Last=601.14 Bid=None Ask=None
[01:02:12] Ingest QQQ: Last=601.12 Bid=None Ask=None
[01:02:12] Ingest QQQ: Last=601.12 Bid=None Ask=None
[01:02:12] Ingest SPY: Last=682.12 Bid=None Ask=None
[01:02:12] Ingest QQQ: Last=601.12 Bid=None Ask=None
[01:02:12] Ingest QQQ: Last=601.12 Bid=None Ask=None
[01:02:12] Ingest SPY: Last=682.125 Bid=None Ask=None
[01:02:12] Ingest SPY: Last=682.125 Bid=None Ask=None
[01:02:12] Ingest QQQ: Last=601.12 Bid=None Ask=None
[01:02:12] Ingest SPY: Last=682.13 Bid=None Ask=None
[01:02:12] Ingest SPY: Last=682.13 Bid=None Ask=None
[01:02:12] Ingest SPY: Last=682.13 Bid=None Ask=None
[01:02:12] Ingest QQQ: Last=601.12 Bid=None Ask=None
[01:02:12] Ingest QQQ: Last=601.12 Bid=None Ask=None
[01:02:12] Ingest QQQ: Last=601.12 Bid=None Ask=None
[01:02:12] Ingest SPY: Last=682.13 Bid=None Ask=None
[01:02:12] Ingest SPY: Last=682.13 Bid=None Ask=None
[01:02:12] Ingest SPY: Last=682.13 Bid=None Ask=None
[01:02:12] Ingest SPY: Last=682.13 Bid=None Ask=None
[01:02:12] Ingest BTC.PERP: Last=65333.0 Bid=65333.0 Ask=65333.5
[01:02:12] Ingest SPY: Last=682.13 Bid=None Ask=None
[01:02:12] Ingest SPY: Last=682.13 Bid=None Ask=None
[01:02:12] Ingest QQQ: Last=601.13 Bid=None Ask=None
[01:02:12] Ingest QQQ: Last=601.13 Bid=None Ask=None
[01:02:12] Ingest SPY: Last=682.13 Bid=None Ask=None
[01:02:12] Ingest SPY: Last=682.12 Bid=None Ask=None
[01:02:12] Ingest SPY: Last=682.12 Bid=None Ask=None
[01:02:12] Ingest SPY: Last=682.12 Bid=None Ask=None
[01:02:12] Ingest SPY: Last=682.12 Bid=None Ask=None
[01:02:12] Ingest SPY: Last=682.12 Bid=None Ask=None
[01:02:12] Ingest SPY: Last=682.12 Bid=None Ask=None
[01:02:12] Ingest SPY: Last=682.135 Bid=None Ask=None
[01:02:12] Ingest ETH-6MAR26-1900-C: Last=0.0515 Bid=0.0425 Ask=0.0435
[01:02:12] Ingest QQQ: Last=None Bid=601.14 Ask=None
[01:02:12] Ingest QQQ: Last=None Bid=None Ask=601.15
[01:02:12] Ingest SPY: Last=None Bid=682.15 Ask=None
[01:02:12] Ingest SPY: Last=None Bid=None Ask=682.16
[01:02:12] Ingest ETH.PERP: Last=1884.95 Bid=1884.5 Ask=1884.55
[01:02:12] Ingest BTC: Last=65422.0 Bid=65328.0 Ask=65360.0
[01:02:12] Ingest ETH: Last=1886.9 Bid=1884.0 Ask=1885.1
[01:02:12] Ingest QQQ-20MAR26-601-P: Last=None Bid=14.41 Ask=None
[01:02:12] Ingest QQQ-20MAR26-601-P: Last=None Bid=None Ask=14.48
[01:02:12] Ingest QQQ-20MAR26-601-P: Last=None Bid=None Ask=14.48
[01:02:12] Ingest BTC.PERP: Last=65333.0 Bid=65333.0 Ask=65333.5
[01:02:12] Ingest ETH-6MAR26-1900-C: Last=0.0515 Bid=0.0425 Ask=0.0435
[01:02:12] Ingest SPY-20MAR26-682-P: Last=None Bid=None Ask=12.58
[01:02:12] Ingest SPY-20MAR26-682-P: Last=None Bid=12.55 Ask=None
[01:02:12] Ingest BTC-6MAR26-66000-C: Last=0.032 Bid=0.032 Ask=0.0325
[01:02:12] Ingest BTC-6MAR26-65000-P: Last=0.0355 Bid=0.0355 Ask=0.036
[01:02:12] Ingest SPY-20MAR26-683-C: Last=None Bid=12.96 Ask=None
[01:02:12] Ingest SPY-20MAR26-683-C: Last=None Bid=None Ask=13.0
[01:02:12] Ingest ETH.PERP: Last=1884.95 Bid=1884.5 Ask=1884.55
[01:02:12] Ingest BTC: Last=65422.0 Bid=65328.0 Ask=65359.0
[01:02:12] Ingest ETH: Last=1886.9 Bid=1884.0 Ask=1885.0
[01:02:12] Ingest BTC.PERP: Last=65333.0 Bid=65333.0 Ask=65333.5
[01:02:13] Ingest QQQ-20MAR26-602-C: Last=None Bid=15.47 Ask=None
[01:02:13] Ingest QQQ-20MAR26-602-C: Last=None Bid=None Ask=15.53
[01:02:13] Ingest QQQ-20MAR26-602-C: Last=None Bid=None Ask=15.53
[01:02:13] Ingest QQQ-20MAR26-602-C: Last=None Bid=15.47 Ask=None
[01:02:13] Ingest ETH.PERP: Last=1884.95 Bid=1884.5 Ask=1884.55
[01:02:13] Ingest BTC: Last=65422.0 Bid=65328.0 Ask=65353.0
[01:02:13] Ingest ETH: Last=1886.9 Bid=1884.0 Ask=1885.0
[01:02:13] Ingest BTC.PERP: Last=65333.0 Bid=65320.5 Ask=65321.0
[01:02:13] Ingest QQQ: Last=601.145 Bid=None Ask=None
[01:02:13] Ingest QQQ: Last=601.145 Bid=None Ask=None
[01:02:13] Ingest QQQ: Last=601.145 Bid=None Ask=None
[01:02:13] Ingest QQQ: Last=601.145 Bid=None Ask=None
[01:02:13] Ingest SPY: Last=682.15 Bid=None Ask=None
[01:02:13] Ingest SPY: Last=682.15 Bid=None Ask=None
[01:02:13] Ingest ETH-6MAR26-1850-P: Last=0.0375 Bid=0.0385 Ask=0.0395
[01:02:13] Ingest QQQ: Last=601.15 Bid=None Ask=None
[01:02:13] Ingest QQQ: Last=601.15 Bid=None Ask=None
[01:02:13] Ingest QQQ: Last=601.15 Bid=None Ask=None
[01:02:13] Ingest QQQ: Last=601.15 Bid=None Ask=None
[01:02:13] Ingest QQQ: Last=601.16 Bid=None Ask=None
[01:02:13] Ingest QQQ: Last=601.155 Bid=None Ask=None
[01:02:13] Ingest QQQ: Last=601.155 Bid=None Ask=None
[01:02:13] Ingest QQQ: Last=601.155 Bid=None Ask=None
[01:02:13] Ingest QQQ: Last=601.155 Bid=None Ask=None
[01:02:13] Ingest QQQ: Last=601.16 Bid=None Ask=None
[01:02:13] Ingest QQQ: Last=601.155 Bid=None Ask=None
[01:02:13] Ingest QQQ: Last=601.155 Bid=None Ask=None
[01:02:13] Ingest QQQ: Last=601.15 Bid=None Ask=None
[01:02:13] Ingest QQQ: Last=601.16 Bid=None Ask=None
[01:02:13] Ingest QQQ: Last=601.16 Bid=None Ask=None
[01:02:13] Ingest QQQ: Last=601.16 Bid=None Ask=None
[01:02:13] Ingest QQQ: Last=601.16 Bid=None Ask=None
[01:02:13] Ingest QQQ: Last=601.17 Bid=None Ask=None
[01:02:13] Ingest QQQ: Last=601.17 Bid=None Ask=None
[01:02:13] Ingest QQQ: Last=601.17 Bid=None Ask=None
[01:02:13] Ingest QQQ: Last=601.17 Bid=None Ask=None
[01:02:13] Ingest QQQ: Last=601.17 Bid=None Ask=None
[01:02:13] Ingest QQQ: Last=601.17 Bid=None Ask=None
[01:02:13] Ingest QQQ: Last=601.17 Bid=None Ask=None
[01:02:13] Ingest QQQ: Last=601.17 Bid=None Ask=None
[01:02:13] Ingest QQQ: Last=601.17 Bid=None Ask=None
[01:02:13] Ingest QQQ: Last=601.17 Bid=None Ask=None
[01:02:13] Ingest QQQ: Last=601.17 Bid=None Ask=None
[01:02:13] Ingest QQQ: Last=601.17 Bid=None Ask=None
[01:02:13] Ingest QQQ: Last=601.17 Bid=None Ask=None
[01:02:13] Ingest QQQ: Last=601.17 Bid=None Ask=None
[01:02:13] Ingest QQQ: Last=601.17 Bid=None Ask=None
[01:02:13] Ingest QQQ: Last=601.17 Bid=None Ask=None
[01:02:13] Ingest QQQ: Last=601.17 Bid=None Ask=None
[01:02:13] Ingest QQQ: Last=601.17 Bid=None Ask=None
[01:02:13] Ingest QQQ: Last=601.17 Bid=None Ask=None
[01:02:13] Ingest QQQ: Last=601.17 Bid=None Ask=None
[01:02:13] Ingest SPY: Last=682.15 Bid=None Ask=None
[01:02:13] Ingest SPY: Last=682.15 Bid=None Ask=None
[01:02:13] Ingest SPY: Last=682.15 Bid=None Ask=None
[01:02:13] Ingest SPY: Last=682.15 Bid=None Ask=None
[01:02:13] Ingest QQQ: Last=601.17 Bid=None Ask=None
[01:02:13] Ingest QQQ: Last=601.17 Bid=None Ask=None
[01:02:13] Ingest QQQ: Last=601.17 Bid=None Ask=None
[01:02:13] Ingest QQQ: Last=601.16 Bid=None Ask=None
[01:02:13] Ingest SPY: Last=682.16 Bid=None Ask=None
[01:02:13] Ingest SPY: Last=682.16 Bid=None Ask=None
[01:02:13] Ingest QQQ: Last=601.16 Bid=None Ask=None
[01:02:13] Ingest QQQ: Last=601.16 Bid=None Ask=None
[01:02:13] Ingest SPY: Last=682.16 Bid=None Ask=None
[01:02:13] Ingest SPY: Last=682.16 Bid=None Ask=None
[01:02:13] Ingest SPY: Last=682.16 Bid=None Ask=None
[01:02:13] Ingest SPY: Last=682.16 Bid=None Ask=None
[01:02:13] Ingest BTC-6MAR26-66000-C: Last=0.032 Bid=0.0315 Ask=0.0325
[01:02:13] Ingest BTC-6MAR26-65000-P: Last=0.0355 Bid=0.0355 Ask=0.0365
[01:02:13] Ingest ETH.PERP: Last=1884.95 Bid=1884.5 Ask=1884.55
[01:02:13] Ingest BTC: Last=65422.0 Bid=65328.0 Ask=65353.0
[01:02:13] Ingest ETH: Last=1886.9 Bid=1884.0 Ask=1885.0
[01:02:13] Ingest BTC.PERP: Last=65333.0 Bid=65320.5 Ask=65321.0
[01:02:13] Ingest QQQ-20MAR26-601-P: Last=None Bid=14.39 Ask=None
[01:02:13] Ingest QQQ-20MAR26-601-P: Last=None Bid=None Ask=14.47
[01:02:13] Ingest QQQ-20MAR26-601-P: Last=None Bid=None Ask=14.47
[01:02:13] Ingest QQQ-20MAR26-601-P: Last=None Bid=14.4 Ask=None
[01:02:13] Ingest QQQ: Last=None Bid=None Ask=601.17
[01:02:13] Ingest QQQ: Last=None Bid=601.16 Ask=None
[01:02:13] Ingest SPY: Last=None Bid=None Ask=682.16
[01:02:13] Ingest SPY: Last=None Bid=682.15 Ask=None
[01:02:13] Ingest ETH-6MAR26-1850-P: Last=0.0375 Bid=0.0385 Ask=0.0395
[01:02:13] Ingest ETH-6MAR26-1900-C: Last=0.0515 Bid=0.042 Ask=0.0435
[01:02:13] Ingest BTC-6MAR26-66000-C: Last=0.032 Bid=0.0315 Ask=0.0325
[01:02:13] Ingest BTC-6MAR26-65000-P: Last=0.0355 Bid=0.0355 Ask=0.0365
[01:02:13] Ingest ETH.PERP: Last=1884.95 Bid=1884.5 Ask=1884.55
[01:02:13] Ingest ETH: Last=1886.9 Bid=1884.1 Ask=1885.0
[01:02:13] Ingest BTC: Last=65422.0 Bid=65328.0 Ask=65353.0
[01:02:13] Ingest SPY-20MAR26-682-P: Last=None Bid=None Ask=12.57
[01:02:13] Ingest SPY-20MAR26-682-P: Last=None Bid=12.54 Ask=None
[01:02:13] Ingest BTC.PERP: Last=65333.0 Bid=65320.5 Ask=65321.0
[01:02:13] Ingest SPY-20MAR26-683-C: Last=None Bid=12.97 Ask=None
[01:02:13] Ingest SPY-20MAR26-683-C: Last=None Bid=None Ask=13.02
[01:02:13] Ingest SPY-20MAR26-683-C: Last=None Bid=None Ask=13.01
[01:02:13] Ingest SPY-20MAR26-683-C: Last=None Bid=12.97 Ask=None
[01:02:14] Ingest QQQ-20MAR26-602-C: Last=None Bid=15.49 Ask=None
[01:02:14] Ingest QQQ-20MAR26-602-C: Last=None Bid=None Ask=15.55
[01:02:14] Ingest ETH.PERP: Last=1884.95 Bid=1884.8 Ask=1884.85
[01:02:14] Ingest BTC-6MAR26-66000-C: Last=0.032 Bid=0.0315 Ask=0.0325
[01:02:14] Ingest BTC: Last=65422.0 Bid=65329.0 Ask=65353.0
[01:02:14] Ingest ETH: Last=1886.9 Bid=1884.0 Ask=1885.0
[01:02:14] Ingest BTC.PERP: Last=65321.0 Bid=65329.5 Ask=65330.0
[01:02:14] Ingest ETH-6MAR26-1850-P: Last=0.0375 Bid=0.0385 Ask=0.0395
[01:02:14] Ingest ETH-6MAR26-1900-C: Last=0.0515 Bid=0.0425 Ask=0.0435
[01:02:14] Ingest QQQ: Last=601.16 Bid=None Ask=None
[01:02:14] Ingest QQQ: Last=601.155 Bid=None Ask=None
[01:02:14] Ingest QQQ: Last=601.16 Bid=None Ask=None
[01:02:14] Ingest QQQ: Last=601.16 Bid=None Ask=None
[01:02:14] Ingest QQQ: Last=601.16 Bid=None Ask=None
[01:02:14] Ingest QQQ: Last=601.17 Bid=None Ask=None
[01:02:14] Ingest SPY: Last=682.15 Bid=None Ask=None
[01:02:14] Ingest SPY: Last=682.15 Bid=None Ask=None
[01:02:14] Ingest QQQ: Last=601.14 Bid=None Ask=None
[01:02:14] Ingest QQQ: Last=601.14 Bid=None Ask=None
[01:02:14] Ingest SPY: Last=682.16 Bid=None Ask=None
[01:02:14] Ingest SPY: Last=682.16 Bid=None Ask=None
[01:02:14] Ingest SPY: Last=682.16 Bid=None Ask=None
[01:02:14] Ingest QQQ: Last=601.12 Bid=None Ask=None
[01:02:14] Ingest QQQ: Last=601.11 Bid=None Ask=None
[01:02:14] Ingest QQQ: Last=601.11 Bid=None Ask=None
[01:02:14] Ingest QQQ: Last=601.11 Bid=None Ask=None
[01:02:14] Ingest QQQ: Last=601.1 Bid=None Ask=None
[01:02:14] Ingest SPY: Last=682.11 Bid=None Ask=None
[01:02:14] Ingest SPY: Last=682.11 Bid=None Ask=None
[01:02:14] Ingest SPY: Last=682.11 Bid=None Ask=None
[01:02:14] Ingest SPY: Last=682.11 Bid=None Ask=None
[01:02:14] Ingest QQQ: Last=601.08 Bid=None Ask=None
[01:02:14] Ingest SPY: Last=682.11 Bid=None Ask=None
[01:02:14] Ingest SPY: Last=682.11 Bid=None Ask=None
[01:02:14] Ingest SPY: Last=682.11 Bid=None Ask=None
[01:02:14] Ingest QQQ: Last=601.08 Bid=None Ask=None
[01:02:14] Ingest QQQ: Last=601.07 Bid=None Ask=None
[01:02:14] Ingest QQQ: Last=601.07 Bid=None Ask=None
[01:02:14] Ingest QQQ: Last=601.07 Bid=None Ask=None
[01:02:14] Ingest SPY: Last=682.11 Bid=None Ask=None
[01:02:14] Ingest QQQ: Last=601.07 Bid=None Ask=None
[01:02:14] Ingest ETH.PERP: Last=1884.95 Bid=1885.0 Ask=1885.05
[01:02:14] Ingest BTC: Last=65422.0 Bid=65336.0 Ask=65384.0
[01:02:14] Ingest ETH: Last=1886.9 Bid=1884.5 Ask=1885.6
[01:02:14] Ingest QQQ: Last=601.08 Bid=None Ask=None
[01:02:14] Ingest QQQ: Last=601.08 Bid=None Ask=None
[01:02:14] Ingest BTC-6MAR26-66000-C: Last=0.032 Bid=0.0315 Ask=0.0325
[01:02:14] Ingest SPY: Last=682.07 Bid=None Ask=None
[01:02:14] Ingest SPY: Last=682.07 Bid=None Ask=None
[01:02:14] Ingest SPY: Last=682.07 Bid=None Ask=None
[01:02:14] Ingest BTC-6MAR26-65000-P: Last=0.0355 Bid=0.0355 Ask=0.036
[01:02:14] Ingest SPY: Last=682.07 Bid=None Ask=None
[01:02:14] Ingest SPY: Last=682.07 Bid=None Ask=None
[01:02:14] Ingest SPY: Last=682.07 Bid=None Ask=None
[01:02:14] Ingest SPY: Last=682.07 Bid=None Ask=None
[01:02:14] Ingest SPY: Last=682.07 Bid=None Ask=None
[01:02:14] Ingest SPY: Last=682.07 Bid=None Ask=None
[01:02:14] Ingest SPY: Last=682.07 Bid=None Ask=None
[01:02:14] Ingest SPY: Last=682.07 Bid=None Ask=None
[01:02:14] Ingest BTC.PERP: Last=65321.0 Bid=65336.5 Ask=65337.0
[01:02:14] Ingest SPY: Last=682.07 Bid=None Ask=None
[01:02:14] Ingest SPY: Last=682.08 Bid=None Ask=None
[01:02:14] Ingest SPY: Last=682.08 Bid=None Ask=None
[01:02:14] Ingest SPY: Last=682.08 Bid=None Ask=None
[01:02:14] Ingest QQQ-20MAR26-601-P: Last=None Bid=14.4 Ask=None
[01:02:14] Ingest QQQ-20MAR26-601-P: Last=None Bid=None Ask=14.47
[01:02:14] Ingest QQQ-20MAR26-601-P: Last=None Bid=14.44 Ask=None
[01:02:14] Ingest QQQ-20MAR26-601-P: Last=None Bid=None Ask=14.51
[01:02:14] Ingest ETH-6MAR26-1850-P: Last=0.0375 Bid=0.0385 Ask=0.0395
[01:02:14] Ingest ETH-6MAR26-1900-C: Last=0.0515 Bid=0.0425 Ask=0.0435
[01:02:14] Ingest QQQ: Last=None Bid=None Ask=601.08
[01:02:14] Ingest QQQ: Last=None Bid=601.07 Ask=None
[01:02:14] Ingest SPY: Last=None Bid=None Ask=682.08
[01:02:14] Ingest SPY: Last=None Bid=682.07 Ask=None
[01:02:14] Ingest ETH.PERP: Last=1884.95 Bid=1885.0 Ask=1885.05
[01:02:14] Ingest ETH: Last=1886.9 Bid=1884.6 Ask=1885.5
[01:02:14] Ingest BTC: Last=65422.0 Bid=65336.0 Ask=65379.0
[01:02:14] Ingest BTC-6MAR26-66000-C: Last=0.032 Bid=0.0315 Ask=0.0325
[01:02:14] Ingest BTC-6MAR26-65000-P: Last=0.0355 Bid=0.0355 Ask=0.036
[01:02:14] Ingest BTC.PERP: Last=65321.0 Bid=65336.5 Ask=65337.0
[01:02:14] Ingest SPY-20MAR26-683-C: Last=None Bid=12.93 Ask=None
[01:02:14] Ingest SPY-20MAR26-683-C: Last=None Bid=None Ask=12.98
[01:02:14] Ingest SPY-20MAR26-683-C: Last=None Bid=12.93 Ask=None
[01:02:14] Ingest SPY-20MAR26-683-C: Last=None Bid=None Ask=12.97
[01:02:14] Ingest SPY-20MAR26-682-P: Last=None Bid=None Ask=12.61
[01:02:14] Ingest SPY-20MAR26-682-P: Last=None Bid=12.58 Ask=None
[01:02:15] Ingest QQQ-20MAR26-602-C: Last=None Bid=15.49 Ask=None
[01:02:15] Ingest QQQ-20MAR26-602-C: Last=None Bid=None Ask=15.55
[01:02:15] Ingest QQQ-20MAR26-602-C: Last=None Bid=None Ask=15.53
[01:02:15] Ingest QQQ-20MAR26-602-C: Last=None Bid=15.47 Ask=None
[01:02:15] Ingest ETH.PERP: Last=1884.95 Bid=1885.0 Ask=1885.05
[01:02:15] Ingest BTC: Last=65422.0 Bid=65336.0 Ask=65377.0
[01:02:15] Ingest ETH: Last=1886.9 Bid=1884.6 Ask=1885.5
[01:02:15] Ingest BTC.PERP: Last=65321.0 Bid=65336.5 Ask=65337.0
[01:02:15] Ingest ETH.PERP: Last=1884.95 Bid=1884.5 Ask=1884.55
[01:02:15] Ingest BTC: Last=65422.0 Bid=65328.0 Ask=65370.0
[01:02:15] Ingest ETH: Last=1886.9 Bid=1884.0 Ask=1885.2
[01:02:15] Ingest QQQ: Last=601.06 Bid=None Ask=None
[01:02:15] Ingest QQQ: Last=601.05 Bid=None Ask=None
[01:02:15] Ingest BTC.PERP: Last=65321.0 Bid=65336.5 Ask=65337.0
[01:02:15] Ingest QQQ: Last=601.04 Bid=None Ask=None
[01:02:15] Ingest QQQ: Last=601.04 Bid=None Ask=None
[01:02:15] Ingest SPY: Last=682.07 Bid=None Ask=None
[01:02:15] Ingest QQQ: Last=601.04 Bid=None Ask=None
[01:02:15] Ingest QQQ: Last=601.04 Bid=None Ask=None
[01:02:15] Ingest QQQ: Last=601.04 Bid=None Ask=None
[01:02:15] Ingest QQQ: Last=601.04 Bid=None Ask=None
[01:02:15] Ingest QQQ: Last=601.04 Bid=None Ask=None
[01:02:15] Ingest QQQ: Last=601.04 Bid=None Ask=None
[01:02:15] Ingest SPY: Last=682.06 Bid=None Ask=None
[01:02:15] Ingest SPY: Last=682.06 Bid=None Ask=None
[01:02:15] Ingest SPY: Last=682.06 Bid=None Ask=None
[01:02:15] Ingest SPY: Last=682.06 Bid=None Ask=None
[01:02:15] Ingest SPY: Last=682.06 Bid=None Ask=None
[01:02:15] Ingest SPY: Last=682.04 Bid=None Ask=None
[01:02:15] Ingest SPY: Last=682.04 Bid=None Ask=None
[01:02:15] Ingest SPY: Last=682.04 Bid=None Ask=None
[01:02:15] Ingest SPY: Last=682.04 Bid=None Ask=None
[01:02:15] Ingest SPY: Last=682.04 Bid=None Ask=None
[01:02:15] Ingest SPY: Last=682.04 Bid=None Ask=None
[01:02:15] Ingest QQQ: Last=601.05 Bid=None Ask=None
[01:02:15] Ingest SPY: Last=682.04 Bid=None Ask=None
[01:02:15] Ingest QQQ: Last=601.04 Bid=None Ask=None
[01:02:15] Ingest QQQ: Last=601.03 Bid=None Ask=None
[01:02:15] Ingest QQQ: Last=601.03 Bid=None Ask=None
[01:02:15] Ingest ETH-6MAR26-1850-P: Last=0.0375 Bid=0.0385 Ask=0.0395
[01:02:15] Ingest QQQ: Last=601.03 Bid=None Ask=None
[01:02:15] Ingest ETH-6MAR26-1900-C: Last=0.0515 Bid=0.0425 Ask=0.0435
[01:02:15] Ingest QQQ: Last=601.03 Bid=None Ask=None
[01:02:15] Ingest QQQ: Last=601.03 Bid=None Ask=None
[01:02:15] Ingest QQQ: Last=601.03 Bid=None Ask=None
[01:02:15] Ingest QQQ: Last=601.03 Bid=None Ask=None
[01:02:15] Ingest SPY: Last=682.058 Bid=None Ask=None
[01:02:15] Ingest QQQ-20MAR26-601-P: Last=None Bid=14.45 Ask=None
[01:02:15] Ingest QQQ-20MAR26-601-P: Last=None Bid=None Ask=14.52
[01:02:15] Ingest QQQ-20MAR26-601-P: Last=None Bid=14.46 Ask=None
[01:02:15] Ingest QQQ-20MAR26-601-P: Last=None Bid=None Ask=14.53
[01:02:15] Ingest SPY: Last=682.04 Bid=None Ask=None
[01:02:15] Ingest SPY: Last=682.04 Bid=None Ask=None
[01:02:15] Ingest QQQ: Last=601.06 Bid=None Ask=None
[01:02:15] Ingest QQQ: Last=601.06 Bid=None Ask=None
[01:02:15] Ingest QQQ: Last=601.06 Bid=None Ask=None
[01:02:15] Ingest QQQ: Last=601.055 Bid=None Ask=None
[01:02:15] Ingest SPY: Last=682.04 Bid=None Ask=None
[01:02:15] Ingest SPY: Last=682.05 Bid=None Ask=None
[01:02:15] Ingest SPY: Last=682.05 Bid=None Ask=None
[01:02:15] Ingest ETH.PERP: Last=1884.95 Bid=1884.5 Ask=1884.55
[01:02:15] Ingest BTC: Last=65422.0 Bid=65329.0 Ask=65365.0
[01:02:15] Ingest ETH: Last=1886.9 Bid=1884.0 Ask=1885.0
[01:02:15] Ingest QQQ: Last=None Bid=601.03 Ask=None
[01:02:15] Ingest QQQ: Last=None Bid=None Ask=601.04
[01:02:15] Ingest BTC-6MAR26-66000-C: Last=0.032 Bid=0.0315 Ask=0.0325
[01:02:15] Ingest BTC-6MAR26-65000-P: Last=0.0355 Bid=0.0355 Ask=0.036
[01:02:15] Ingest BTC.PERP: Last=65321.0 Bid=65336.5 Ask=65337.0
[01:02:15] Ingest SPY: Last=None Bid=None Ask=682.04
[01:02:15] Ingest SPY: Last=None Bid=682.04 Ask=None
[01:02:16] Ingest ETH.PERP: Last=1884.95 Bid=1884.5 Ask=1884.55
[01:02:16] Ingest BTC: Last=65422.0 Bid=65329.0 Ask=65363.0
[01:02:16] Ingest ETH: Last=1886.9 Bid=1884.0 Ask=1885.0
[01:02:16] Ingest SPY-20MAR26-683-C: Last=None Bid=12.92 Ask=None
[01:02:16] Ingest SPY-20MAR26-683-C: Last=None Bid=None Ask=12.96
[01:02:16] Ingest QQQ-20MAR26-602-C: Last=None Bid=15.43 Ask=None
[01:02:16] Ingest QQQ-20MAR26-602-C: Last=None Bid=None Ask=15.5
[01:02:16] Ingest BTC.PERP: Last=65321.0 Bid=65336.5 Ask=65337.0
[01:02:16] Ingest QQQ-20MAR26-602-C: Last=None Bid=None Ask=15.49
[01:02:16] Ingest QQQ-20MAR26-602-C: Last=None Bid=15.44 Ask=None
[01:02:16] Ingest SPY-20MAR26-682-P: Last=None Bid=12.6 Ask=None
[01:02:16] Ingest SPY-20MAR26-682-P: Last=None Bid=None Ask=12.63
[01:02:16] Ingest SPY-20MAR26-682-P: Last=None Bid=None Ask=12.64
[01:02:16] Ingest SPY-20MAR26-682-P: Last=None Bid=12.61 Ask=None
[01:02:16] Ingest ETH.PERP: Last=1884.95 Bid=1884.5 Ask=1884.55
[01:02:16] Ingest ETH: Last=1886.9 Bid=1884.0 Ask=1885.0
[01:02:16] Ingest BTC.PERP: Last=65321.0 Bid=65336.5 Ask=65337.0
[01:02:16] Ingest ETH.PERP: Last=1884.95 Bid=1884.5 Ask=1884.55
[01:02:16] Ingest BTC: Last=65422.0 Bid=65329.0 Ask=65363.0
[01:02:16] Ingest ETH: Last=1886.9 Bid=1884.0 Ask=1885.0
[01:02:16] Ingest QQQ-20MAR26-601-P: Last=None Bid=14.47 Ask=None
[01:02:16] Ingest QQQ-20MAR26-601-P: Last=None Bid=None Ask=14.53
[01:02:16] Ingest QQQ-20MAR26-601-P: Last=None Bid=None Ask=14.53
[01:02:16] Ingest QQQ-20MAR26-601-P: Last=None Bid=14.46 Ask=None
[01:02:16] Ingest QQQ: Last=601.04 Bid=None Ask=None
[01:02:16] Ingest QQQ: Last=601.035 Bid=None Ask=None
[01:02:16] Ingest QQQ: Last=601.03 Bid=None Ask=None
[01:02:16] Ingest QQQ: Last=601.03 Bid=None Ask=None
[01:02:16] Ingest QQQ: Last=601.03 Bid=None Ask=None
[01:02:16] Ingest QQQ: Last=601.035 Bid=None Ask=None
[01:02:16] Ingest QQQ: Last=601.03 Bid=None Ask=None
[01:02:16] Ingest QQQ: Last=601.04 Bid=None Ask=None
[01:02:16] Ingest QQQ: Last=601.035 Bid=None Ask=None
[01:02:16] Ingest QQQ: Last=601.02 Bid=None Ask=None
[01:02:16] Ingest QQQ: Last=601.02 Bid=None Ask=None
[01:02:16] Ingest QQQ: Last=601.025 Bid=None Ask=None
[01:02:16] Ingest SPY: Last=682.03 Bid=None Ask=None
[01:02:16] Ingest QQQ: Last=601.03 Bid=None Ask=None
[01:02:16] Ingest QQQ: Last=601.03 Bid=None Ask=None
[01:02:16] Ingest QQQ: Last=601.03 Bid=None Ask=None
[01:02:16] Ingest BTC.PERP: Last=65321.0 Bid=65336.5 Ask=65337.0
[01:02:16] Ingest QQQ: Last=601.03 Bid=None Ask=None
[01:02:16] Ingest QQQ: Last=601.03 Bid=None Ask=None
[01:02:16] Ingest BTC-6MAR26-66000-C: Last=0.032 Bid=0.032 Ask=0.0325
[01:02:16] Ingest BTC-6MAR26-65000-P: Last=0.0355 Bid=0.0355 Ask=0.036
[01:02:16] Ingest SPY: Last=682.03 Bid=None Ask=None
[01:02:16] Ingest SPY: Last=682.03 Bid=None Ask=None
[01:02:16] Ingest SPY: Last=682.03 Bid=None Ask=None
[01:02:16] Ingest SPY: Last=682.03 Bid=None Ask=None
[01:02:16] Ingest SPY: Last=682.03 Bid=None Ask=None
[01:02:16] Ingest QQQ: Last=601.033 Bid=None Ask=None
[01:02:16] Ingest QQQ: Last=601.04 Bid=None Ask=None
[01:02:16] Ingest QQQ: Last=601.04 Bid=None Ask=None
[01:02:16] Ingest QQQ: Last=601.04 Bid=None Ask=None
[01:02:16] Ingest QQQ: Last=601.04 Bid=None Ask=None
[01:02:16] Ingest QQQ: Last=601.04 Bid=None Ask=None
[01:02:16] Ingest QQQ: Last=601.04 Bid=None Ask=None
[01:02:16] Ingest QQQ: Last=601.05 Bid=None Ask=None
[01:02:16] Ingest QQQ: Last=601.04 Bid=None Ask=None
[01:02:16] Ingest QQQ: Last=601.04 Bid=None Ask=None
[01:02:16] Ingest SPY: Last=682.05 Bid=None Ask=None
[01:02:17] Ingest ETH-6MAR26-1850-P: Last=0.0375 Bid=0.0385 Ask=0.0395
[01:02:17] Ingest QQQ: Last=None Bid=601.02 Ask=None
[01:02:17] Ingest QQQ: Last=None Bid=None Ask=601.03
[01:02:17] Ingest SPY: Last=None Bid=None Ask=682.03
[01:02:17] Ingest SPY: Last=None Bid=682.02 Ask=None
[01:02:17] Ingest ETH.PERP: Last=1884.5 Bid=1884.25 Ask=1884.3
[01:02:17] Ingest BTC: Last=65422.0 Bid=65325.0 Ask=65363.0
[01:02:17] Ingest ETH: Last=1886.9 Bid=1884.0 Ask=1884.9
[01:02:17] Ingest SPY-20MAR26-683-C: Last=None Bid=12.92 Ask=None
[01:02:17] Ingest SPY-20MAR26-683-C: Last=None Bid=None Ask=12.95
[01:02:17] Ingest BTC.PERP: Last=65321.0 Bid=65336.5 Ask=65337.0
[01:02:17] Ingest QQQ-20MAR26-602-C: Last=None Bid=None Ask=15.49
[01:02:17] Ingest QQQ-20MAR26-602-C: Last=None Bid=15.43 Ask=None
[01:02:17] Ingest SPY-20MAR26-682-P: Last=None Bid=12.61 Ask=None
[01:02:17] Ingest SPY-20MAR26-682-P: Last=None Bid=None Ask=12.64
[01:02:17] Ingest ETH-6MAR26-1900-C: Last=0.0515 Bid=0.0425 Ask=0.0435
[01:02:17] Ingest ETH.PERP: Last=1884.5 Bid=1884.25 Ask=1884.3
[01:02:17] Ingest BTC: Last=65422.0 Bid=65325.0 Ask=65363.0
[01:02:17] Ingest ETH: Last=1886.9 Bid=1884.0 Ask=1884.9
[01:02:17] Ingest BTC.PERP: Last=65321.0 Bid=65336.5 Ask=65337.0
[01:02:17] Ingest ETH-6MAR26-1850-P: Last=0.0375 Bid=0.0385 Ask=0.0395
[01:02:17] Ingest QQQ-20MAR26-601-P: Last=None Bid=14.48 Ask=None
[01:02:17] Ingest QQQ-20MAR26-601-P: Last=None Bid=None Ask=14.55
[01:02:17] Ingest QQQ-20MAR26-601-P: Last=None Bid=14.47 Ask=None
[01:02:17] Ingest QQQ-20MAR26-601-P: Last=None Bid=None Ask=14.55
[01:02:17] Ingest ETH.PERP: Last=1884.5 Bid=1884.25 Ask=1884.3
[01:02:17] Ingest BTC: Last=65422.0 Bid=65325.0 Ask=65363.0
[01:02:17] Ingest ETH: Last=1886.9 Bid=1884.0 Ask=1884.8
[01:02:17] Ingest BTC.PERP: Last=65321.0 Bid=65336.5 Ask=65337.0
[01:02:17] Ingest BTC-6MAR26-66000-C: Last=0.032 Bid=0.032 Ask=0.0325
[01:02:17] Ingest QQQ: Last=601.025 Bid=None Ask=None
[01:02:17] Ingest QQQ: Last=601.03 Bid=None Ask=None
[01:02:17] Ingest QQQ: Last=601.03 Bid=None Ask=None
[01:02:18] Ingest SPY: Last=682.03 Bid=None Ask=None
[01:02:18] Ingest QQQ: Last=601.03 Bid=None Ask=None
[01:02:18] Ingest QQQ: Last=601.03 Bid=None Ask=None
[01:02:18] Ingest SPY: Last=682.04 Bid=None Ask=None
[01:02:18] Ingest SPY: Last=682.04 Bid=None Ask=None
[01:02:18] Ingest QQQ: Last=601.02 Bid=None Ask=None
[01:02:18] Ingest SPY: Last=682.03 Bid=None Ask=None
[01:02:18] Ingest QQQ: Last=601.01 Bid=None Ask=None
[01:02:18] Ingest SPY: Last=682.02 Bid=None Ask=None
[01:02:18] Ingest SPY: Last=682.02 Bid=None Ask=None
[01:02:18] Ingest QQQ: Last=601.0 Bid=None Ask=None
[01:02:18] Ingest QQQ: Last=601.0 Bid=None Ask=None
[01:02:18] Ingest SPY: Last=682.02 Bid=None Ask=None
[01:02:18] Ingest SPY: Last=682.02 Bid=None Ask=None
[01:02:18] Ingest SPY: Last=682.02 Bid=None Ask=None
[01:02:18] Ingest SPY: Last=682.02 Bid=None Ask=None
[01:02:18] Ingest SPY: Last=682.01 Bid=None Ask=None
[01:02:18] Ingest SPY: Last=682.01 Bid=None Ask=None
[01:02:18] Ingest SPY: Last=682.01 Bid=None Ask=None
[01:02:18] Ingest QQQ: Last=601.0 Bid=None Ask=None
[01:02:18] Ingest SPY: Last=682.01 Bid=None Ask=None
[01:02:18] Ingest SPY: Last=682.01 Bid=None Ask=None
[01:02:18] Ingest SPY: Last=682.01 Bid=None Ask=None
[01:02:18] Ingest QQQ: Last=601.0 Bid=None Ask=None
[01:02:18] Ingest SPY: Last=682.01 Bid=None Ask=None
[01:02:18] Ingest SPY: Last=682.01 Bid=None Ask=None
[01:02:18] Ingest SPY: Last=682.01 Bid=None Ask=None
[01:02:18] Ingest QQQ: Last=600.99 Bid=None Ask=None
[01:02:18] Ingest QQQ: Last=600.99 Bid=None Ask=None
[01:02:18] Ingest SPY: Last=682.01 Bid=None Ask=None
[01:02:18] Ingest SPY: Last=682.01 Bid=None Ask=None
[01:02:18] Ingest QQQ: Last=600.985 Bid=None Ask=None
[01:02:18] Ingest QQQ: Last=600.99 Bid=None Ask=None
[01:02:18] Ingest SPY: Last=682.01 Bid=None Ask=None
[01:02:18] Ingest SPY: Last=682.01 Bid=None Ask=None
[01:02:18] Ingest SPY: Last=682.01 Bid=None Ask=None
[01:02:18] Ingest SPY: Last=682.01 Bid=None Ask=None
[01:02:18] Ingest SPY: Last=682.01 Bid=None Ask=None
[01:02:18] Ingest SPY: Last=682.01 Bid=None Ask=None
[01:02:18] Ingest QQQ: Last=601.01 Bid=None Ask=None
[01:02:18] Ingest QQQ: Last=601.02 Bid=None Ask=None
[01:02:18] Ingest SPY: Last=682.01 Bid=None Ask=None
[01:02:18] Ingest SPY: Last=682.01 Bid=None Ask=None
[01:02:18] Ingest SPY: Last=682.01 Bid=None Ask=None
[01:02:18] Ingest ETH.PERP: Last=1884.5 Bid=1884.25 Ask=1884.3
[01:02:18] Ingest BTC: Last=65422.0 Bid=65326.0 Ask=65363.0
[01:02:18] Ingest ETH: Last=1886.9 Bid=1884.0 Ask=1885.0
[01:02:18] Ingest SPY: Last=682.02 Bid=None Ask=None
[01:02:18] Ingest QQQ: Last=601.05 Bid=None Ask=None
[01:02:18] Ingest QQQ: Last=601.05 Bid=None Ask=None
[01:02:18] Ingest SPY: Last=682.045 Bid=None Ask=None
[01:02:18] Ingest QQQ: Last=601.045 Bid=None Ask=None
[01:02:18] Ingest SPY: Last=682.05 Bid=None Ask=None
[01:02:18] Ingest BTC.PERP: Last=65321.0 Bid=65336.5 Ask=65337.0
[01:02:18] Ingest SPY: Last=682.055 Bid=None Ask=None
[01:02:18] Ingest SPY: Last=682.06 Bid=None Ask=None
[01:02:18] Ingest SPY: Last=682.055 Bid=None Ask=None
[01:02:18] Ingest QQQ: Last=601.043 Bid=None Ask=None
[01:02:18] Ingest BTC-6MAR26-66000-C: Last=0.032 Bid=0.032 Ask=0.0325
[01:02:18] Ingest SPY-20MAR26-683-C: Last=None Bid=12.9 Ask=None
[01:02:18] Ingest SPY-20MAR26-683-C: Last=None Bid=None Ask=12.95
[01:02:18] Ingest QQQ-20MAR26-602-C: Last=None Bid=15.42 Ask=None
[01:02:18] Ingest QQQ-20MAR26-602-C: Last=None Bid=None Ask=15.48
[01:02:18] Ingest QQQ-20MAR26-602-C: Last=None Bid=15.42 Ask=None
[01:02:18] Ingest QQQ-20MAR26-602-C: Last=None Bid=None Ask=15.49
[01:02:18] Ingest QQQ: Last=None Bid=601.04 Ask=None
[01:02:18] Ingest QQQ: Last=None Bid=None Ask=601.05
[01:02:18] Ingest QQQ: Last=601.05 Bid=None Ask=None
[01:02:18] Ingest QQQ: Last=601.04 Bid=None Ask=None
[01:02:18] Ingest QQQ: Last=601.04 Bid=None Ask=None
[01:02:18] Ingest QQQ: Last=601.04 Bid=None Ask=None
[01:02:18] Ingest QQQ: Last=601.04 Bid=None Ask=None
[01:02:18] Ingest QQQ: Last=601.04 Bid=None Ask=None
[01:02:18] Ingest SPY: Last=682.05 Bid=None Ask=None
[01:02:18] Ingest SPY: Last=682.04 Bid=None Ask=None
[01:02:18] Ingest SPY: Last=682.04 Bid=None Ask=None
[01:02:18] Ingest SPY: Last=None Bid=682.03 Ask=None
[01:02:18] Ingest SPY: Last=None Bid=None Ask=682.04
[01:02:18] Ingest QQQ: Last=601.03 Bid=None Ask=None
[01:02:18] Ingest SPY: Last=682.03 Bid=None Ask=None
[01:02:18] Ingest SPY: Last=682.05 Bid=None Ask=None
[01:02:18] Ingest SPY: Last=682.035 Bid=None Ask=None
[01:02:18] Ingest SPY: Last=682.045 Bid=None Ask=None
[01:02:18] Ingest SPY: Last=682.045 Bid=None Ask=None
[01:02:18] Ingest SPY: Last=682.045 Bid=None Ask=None
[01:02:18] Ingest SPY: Last=682.04 Bid=None Ask=None
[01:02:18] Ingest SPY: Last=682.04 Bid=None Ask=None
[01:02:18] Ingest QQQ: Last=601.04 Bid=None Ask=None
[01:02:18] Ingest QQQ: Last=601.05 Bid=None Ask=None
[01:02:18] Ingest QQQ: Last=601.05 Bid=None Ask=None
[01:02:18] Ingest SPY-20MAR26-682-P: Last=None Bid=12.61 Ask=None
[01:02:18] Ingest SPY-20MAR26-682-P: Last=None Bid=None Ask=12.64
[01:02:18] Ingest SPY-20MAR26-682-P: Last=None Bid=None Ask=12.63
[01:02:18] Ingest SPY-20MAR26-682-P: Last=None Bid=12.61 Ask=None
[01:02:18] Ingest ETH.PERP: Last=1884.5 Bid=1884.25 Ask=1884.3
[01:02:18] Ingest BTC.PERP: Last=65321.0 Bid=65336.5 Ask=65337.0
[01:02:18] Ingest QQQ: Last=None Bid=601.04 Ask=None
[01:02:18] Ingest QQQ: Last=None Bid=None Ask=601.05
[01:02:18] Ingest SPY: Last=None Bid=682.04 Ask=None
[01:02:18] Ingest SPY: Last=None Bid=None Ask=682.05
[01:02:18] Ingest SPY-20MAR26-682-P: Last=None Bid=12.61 Ask=None
[01:02:18] Ingest SPY-20MAR26-682-P: Last=None Bid=None Ask=12.63
[01:02:18] Ingest SPY-20MAR26-682-P: Last=None Bid=12.6 Ask=None
[01:02:18] Ingest SPY-20MAR26-682-P: Last=None Bid=None Ask=12.63
[01:02:18] Ingest ETH.PERP: Last=1884.5 Bid=1884.25 Ask=1884.3
[01:02:18] Ingest ETH: Last=1886.9 Bid=1884.0 Ask=1884.9
[01:02:18] Ingest BTC.PERP: Last=65321.0 Bid=65327.5 Ask=65328.0
[01:02:18] Ingest QQQ-20MAR26-601-P: Last=None Bid=14.47 Ask=None
[01:02:18] Ingest QQQ-20MAR26-601-P: Last=None Bid=None Ask=14.54
[01:02:18] Ingest QQQ-20MAR26-601-P: Last=None Bid=14.47 Ask=None
[01:02:18] Ingest QQQ-20MAR26-601-P: Last=None Bid=None Ask=14.54
[01:02:18] Ingest BTC-6MAR26-66000-C: Last=0.032 Bid=0.032 Ask=0.0325
[01:02:19] Ingest ETH-6MAR26-1850-P: Last=0.0375 Bid=0.0385 Ask=0.0395
[01:02:19] Ingest ETH-6MAR26-1900-C: Last=0.0515 Bid=0.0425 Ask=0.0435
[01:02:19] Ingest ETH.PERP: Last=1884.5 Bid=1884.35 Ask=1884.4
[01:02:19] Ingest BTC: Last=65422.0 Bid=65329.0 Ask=65376.0
[01:02:19] Ingest ETH: Last=1886.9 Bid=1884.1 Ask=1885.0
[01:02:19] Ingest BTC.PERP: Last=65321.0 Bid=65327.5 Ask=65328.0
[01:02:19] Ingest SPY-20MAR26-683-C: Last=12.93 Bid=None Ask=None
[01:02:19] Ingest QQQ-20MAR26-602-C: Last=None Bid=15.43 Ask=None
[01:02:19] Ingest QQQ-20MAR26-602-C: Last=None Bid=None Ask=15.49
[01:02:19] Ingest QQQ-20MAR26-602-C: Last=None Bid=None Ask=15.49
[01:02:19] Ingest QQQ: Last=601.035 Bid=None Ask=None
[01:02:19] Ingest SPY: Last=682.04 Bid=None Ask=None
[01:02:19] Ingest SPY: Last=682.04 Bid=None Ask=None
[01:02:19] Ingest SPY: Last=682.045 Bid=None Ask=None
[01:02:19] Ingest SPY: Last=682.045 Bid=None Ask=None
[01:02:19] Ingest SPY: Last=682.045 Bid=None Ask=None
[01:02:19] Ingest ETH-6MAR26-1900-C: Last=0.0515 Bid=0.0425 Ask=0.0435
[01:02:19] Ingest QQQ: Last=601.03 Bid=None Ask=None
[01:02:19] Ingest SPY: Last=682.03 Bid=None Ask=None
[01:02:19] Ingest SPY: Last=682.02 Bid=None Ask=None
[01:02:19] Ingest QQQ: Last=601.01 Bid=None Ask=None
[01:02:19] Ingest QQQ: Last=601.01 Bid=None Ask=None
[01:02:19] Ingest SPY: Last=682.03 Bid=None Ask=None
[01:02:19] Ingest QQQ: Last=601.02 Bid=None Ask=None
[01:02:19] Ingest QQQ: Last=601.02 Bid=None Ask=None
[01:02:19] Ingest SPY: Last=682.03 Bid=None Ask=None
[01:02:19] Ingest SPY: Last=682.03 Bid=None Ask=None
[01:02:19] Ingest QQQ: Last=601.025 Bid=None Ask=None
[01:02:19] Ingest SPY: Last=682.03 Bid=None Ask=None
[01:02:19] Ingest SPY-20MAR26-683-C: Last=None Bid=None Ask=12.95
[01:02:19] Ingest SPY-20MAR26-683-C: Last=None Bid=12.9 Ask=None
[01:02:19] Ingest SPY: Last=682.035 Bid=None Ask=None
[01:02:19] Ingest QQQ: Last=601.02 Bid=None Ask=None
[01:02:19] Ingest ETH.PERP: Last=1884.5 Bid=1884.35 Ask=1884.4
[01:02:19] Ingest BTC: Last=65422.0 Bid=65329.0 Ask=65374.0
[01:02:19] Ingest BTC.PERP: Last=65321.0 Bid=65327.5 Ask=65328.0
[01:02:19] Ingest BTC-6MAR26-65000-P: Last=0.0355 Bid=0.0355 Ask=0.036
[01:02:19] Ingest SPY: Last=None Bid=None Ask=682.03
[01:02:19] Ingest SPY: Last=None Bid=682.02 Ask=None
[01:02:19] Ingest QQQ: Last=None Bid=601.01 Ask=None
[01:02:19] Ingest QQQ: Last=None Bid=None Ask=601.02
[01:02:19] Ingest SPY-20MAR26-682-P: Last=None Bid=12.62 Ask=None
[01:02:19] Ingest SPY-20MAR26-682-P: Last=None Bid=None Ask=12.64
[01:02:19] Ingest QQQ-20MAR26-601-P: Last=None Bid=None Ask=14.54
[01:02:19] Ingest QQQ-20MAR26-601-P: Last=None Bid=14.47 Ask=None
[01:03:05] Ingest BTC: Last=65364.0 Bid=65334.0 Ask=65371.0
[01:03:05] Ingest BTC.PERP: Last=65339.0 Bid=65327.5 Ask=65328.0
[01:03:06] Ingest BTC.PERP: Last=65339.0 Bid=65327.5 Ask=65328.0
[01:03:06] Ingest BTC: Last=65364.0 Bid=65334.0 Ask=65358.0
[01:03:06] Ingest BTC.PERP: Last=65339.0 Bid=65327.5 Ask=65328.0
[01:03:06] Ingest BTC: Last=65364.0 Bid=65334.0 Ask=65357.0
[01:03:06] Ingest BTC.PERP: Last=65339.0 Bid=65327.5 Ask=65328.0
[01:03:06] Ingest BTC: Last=65364.0 Bid=65334.0 Ask=65358.0
[01:03:07] Ingest BTC.PERP: Last=65318.0 Bid=65318.0 Ask=65318.5
[01:03:07] Ingest BTC: Last=65364.0 Bid=65302.0 Ask=65351.0
[01:03:07] Ingest BTC.PERP: Last=65318.0 Bid=65312.0 Ask=65312.5
[01:03:07] Ingest BTC: Last=65364.0 Bid=65303.0 Ask=65342.0
[01:03:07] Ingest BTC-6MAR26-66000-C: Last=0.032 Bid=0.0315 Ask=0.0325
[01:03:07] Ingest BTC-6MAR26-65000-P: Last=0.0355 Bid=0.0355 Ask=0.0365
[01:03:07] Ingest BTC-6MAR26-66000-C: Last=0.032 Bid=0.0315 Ask=0.0325
[01:03:07] Ingest BTC-6MAR26-65000-P: Last=0.0355 Bid=0.0355 Ask=0.0365
[01:03:07] Ingest BTC.PERP: Last=65318.0 Bid=65312.0 Ask=65312.5
[01:03:07] Ingest BTC: Last=65364.0 Bid=65302.0 Ask=65352.0
[01:03:08] Ingest BTC-6MAR26-66000-C: Last=0.032 Bid=0.0315 Ask=0.0325
[01:03:08] Ingest BTC-6MAR26-65000-P: Last=0.0355 Bid=0.0355 Ask=0.0365
[01:03:08] Ingest BTC.PERP: Last=65318.0 Bid=65312.0 Ask=65312.5
[01:03:08] Ingest BTC: Last=65364.0 Bid=65316.0 Ask=65356.0
[01:03:08] Ingest BTC-6MAR26-66000-C: Last=0.032 Bid=0.0315 Ask=0.0325
[01:03:08] Ingest BTC.PERP: Last=65312.0 Bid=65312.0 Ask=65312.5
[01:03:08] Ingest BTC: Last=65364.0 Bid=65316.0 Ask=65356.0
[01:03:08] Ingest BTC.PERP: Last=65312.0 Bid=65312.0 Ask=65312.5
[01:03:09] Ingest BTC.PERP: Last=65312.0 Bid=65312.0 Ask=65312.5
[01:03:09] Ingest BTC: Last=65364.0 Bid=65318.0 Ask=65356.0
[01:03:09] Ingest BTC.PERP: Last=65312.0 Bid=65312.0 Ask=65312.5
[01:03:09] Ingest BTC: Last=65364.0 Bid=65318.0 Ask=65356.0
[01:03:09] Ingest BTC-6MAR26-66000-C: Last=0.032 Bid=0.0315 Ask=0.0325
[01:03:09] Ingest BTC-6MAR26-65000-P: Last=0.0355 Bid=0.0355 Ask=0.0365
[01:03:09] Ingest BTC.PERP: Last=65312.0 Bid=65312.0 Ask=65312.5
[01:03:10] Ingest BTC.PERP: Last=65312.0 Bid=65312.0 Ask=65312.5
[01:03:10] Ingest BTC: Last=65364.0 Bid=65318.0 Ask=65354.0
[01:03:10] Ingest BTC.PERP: Last=65312.0 Bid=65312.0 Ask=65312.5
[01:03:10] Ingest BTC: Last=65364.0 Bid=65318.0 Ask=65349.0
[01:03:10] Ingest BTC.PERP: Last=65312.0 Bid=65312.0 Ask=65312.5
[01:03:10] Ingest BTC: Last=65364.0 Bid=65318.0 Ask=65356.0
[01:03:11] Ingest BTC-6MAR26-66000-C: Last=0.032 Bid=0.0315 Ask=0.0325
[01:03:11] Ingest BTC.PERP: Last=65312.0 Bid=65312.0 Ask=65312.5
[01:03:11] Ingest BTC.PERP: Last=65312.0 Bid=65312.0 Ask=65312.5
[01:03:11] Ingest BTC.PERP: Last=65312.0 Bid=65312.0 Ask=65312.5
[01:03:12] Ingest BTC.PERP: Last=65312.0 Bid=65312.0 Ask=65312.5
[01:03:12] Ingest BTC: Last=65364.0 Bid=65318.0 Ask=65356.0
[01:03:12] Ingest BTC-6MAR26-66000-C: Last=0.032 Bid=0.0315 Ask=0.0325
[01:03:12] Ingest BTC.PERP: Last=65312.0 Bid=65312.0 Ask=65312.5
[01:03:12] Ingest BTC: Last=65364.0 Bid=65325.0 Ask=65363.0
[01:03:12] Ingest BTC.PERP: Last=65312.0 Bid=65312.0 Ask=65312.5
[01:03:12] Ingest BTC: Last=65364.0 Bid=65325.0 Ask=65363.0
[01:03:13] Ingest BTC.PERP: Last=65312.0 Bid=65312.0 Ask=65312.5
[01:03:13] Ingest BTC: Last=65364.0 Bid=65326.0 Ask=65362.0
[01:03:13] Ingest BTC.PERP: Last=65312.5 Bid=65326.0 Ask=65326.5
[01:03:13] Ingest BTC-6MAR26-65000-P: Last=0.0355 Bid=0.0355 Ask=0.036
[01:03:13] Ingest BTC: Last=65364.0 Bid=65329.0 Ask=65362.0
[01:03:13] Ingest BTC.PERP: Last=65312.5 Bid=65326.0 Ask=65326.5
[01:03:13] Ingest BTC-6MAR26-66000-C: Last=0.032 Bid=0.0315 Ask=0.0325
[01:03:13] Ingest BTC: Last=65364.0 Bid=65329.0 Ask=65370.0
[01:03:13] Ingest BTC-6MAR26-65000-P: Last=0.0355 Bid=0.0355 Ask=0.036
[01:03:14] Ingest BTC.PERP: Last=65312.5 Bid=65326.0 Ask=65326.5
[01:03:14] Ingest BTC.PERP: Last=65312.5 Bid=65326.0 Ask=65326.5
[01:03:14] Ingest BTC: Last=65364.0 Bid=65329.0 Ask=65370.0
[01:03:14] Ingest BTC.PERP: Last=65312.5 Bid=65326.0 Ask=65326.5
[01:03:14] Ingest BTC: Last=65364.0 Bid=65330.0 Ask=65372.0
[01:03:15] Ingest BTC.PERP: Last=65312.5 Bid=65326.0 Ask=65326.5
[01:03:15] Ingest BTC: Last=65364.0 Bid=65332.0 Ask=65372.0
[01:03:15] Ingest BTC.PERP: Last=65312.5 Bid=65326.0 Ask=65326.5
[01:03:15] Ingest BTC: Last=65364.0 Bid=65332.0 Ask=65371.0
[01:03:15] Ingest BTC.PERP: Last=65312.5 Bid=65326.0 Ask=65326.5
[01:03:15] Ingest BTC: Last=65364.0 Bid=65332.0 Ask=65370.0
[01:03:15] Ingest BTC-6MAR26-65000-P: Last=0.0355 Bid=0.035 Ask=0.036
[01:03:16] Ingest BTC.PERP: Last=65312.5 Bid=65326.0 Ask=65326.5
[01:03:16] Ingest BTC-6MAR26-65000-P: Last=0.0355 Bid=0.0355 Ask=0.036
[01:03:16] Ingest BTC.PERP: Last=65326.5 Bid=65343.0 Ask=65343.5
[01:03:16] Ingest BTC: Last=65364.0 Bid=65337.0 Ask=65372.0
[01:03:16] Ingest BTC-6MAR26-66000-C: Last=0.032 Bid=0.032 Ask=0.0325
[01:03:16] Ingest BTC-6MAR26-65000-P: Last=0.0355 Bid=0.035 Ask=0.036
[01:03:16] Ingest BTC.PERP: Last=65326.5 Bid=65343.0 Ask=65343.5
[01:03:16] Ingest BTC: Last=65364.0 Bid=65345.0 Ask=65388.0
[01:03:16] Ingest BTC-6MAR26-66000-C: Last=0.032 Bid=0.032 Ask=0.0325
[01:03:16] Ingest BTC-6MAR26-65000-P: Last=0.0355 Bid=0.035 Ask=0.036
[01:03:17] Ingest BTC.PERP: Last=65326.5 Bid=65343.0 Ask=65343.5
[01:03:17] Ingest BTC: Last=65364.0 Bid=65344.0 Ask=65386.0
[01:03:17] Ingest BTC.PERP: Last=65326.5 Bid=65343.0 Ask=65343.5
[01:03:17] Ingest BTC: Last=65364.0 Bid=65345.0 Ask=65387.0
[01:03:17] Ingest BTC.PERP: Last=65326.5 Bid=65343.0 Ask=65343.5
[01:03:17] Ingest BTC: Last=65364.0 Bid=65345.0 Ask=65386.0
[01:03:17] Ingest BTC-6MAR26-65000-P: Last=0.0355 Bid=0.035 Ask=0.036
[01:03:18] Ingest BTC.PERP: Last=65326.5 Bid=65343.0 Ask=65343.5
[01:03:18] Ingest BTC: Last=65364.0 Bid=65345.0 Ask=65383.0
[01:03:18] Ingest BTC.PERP: Last=65326.5 Bid=65343.0 Ask=65343.5
[01:03:18] Ingest BTC: Last=65364.0 Bid=65345.0 Ask=65383.0
[01:03:18] Ingest BTC-6MAR26-66000-C: Last=0.032 Bid=0.032 Ask=0.0325
[01:03:18] Ingest BTC.PERP: Last=65326.5 Bid=65343.0 Ask=65343.5
[01:03:18] Ingest BTC-6MAR26-66000-C: Last=0.032 Bid=0.032 Ask=0.0325
[01:03:19] Ingest BTC.PERP: Last=65326.5 Bid=65343.0 Ask=65343.5
[01:03:19] Ingest BTC: Last=65364.0 Bid=65348.0 Ask=65379.0
[01:03:19] Ingest BTC-6MAR26-66000-C: Last=0.032 Bid=0.032 Ask=0.0325
[01:03:19] Ingest BTC.PERP: Last=65326.5 Bid=65343.0 Ask=65343.5
[01:03:19] Ingest BTC: Last=65364.0 Bid=65348.0 Ask=65381.0
[01:03:19] Ingest BTC.PERP: Last=65326.5 Bid=65343.0 Ask=65343.5
[01:03:19] Ingest BTC-6MAR26-66000-C: Last=0.032 Bid=0.032 Ask=0.0325
[01:03:20] Ingest BTC.PERP: Last=65326.5 Bid=65343.0 Ask=65343.5
[01:03:20] Ingest BTC: Last=65364.0 Bid=65348.0 Ask=65386.0
[01:03:20] Ingest BTC-6MAR26-66000-C: Last=0.032 Bid=0.032 Ask=0.0325
[01:03:20] Ingest BTC.PERP: Last=65326.5 Bid=65343.0 Ask=65343.5
[01:03:20] Ingest BTC: Last=65364.0 Bid=65347.0 Ask=65379.0
[01:03:20] Ingest BTC-6MAR26-66000-C: Last=0.032 Bid=0.032 Ask=0.0325
[01:03:20] Ingest BTC-6MAR26-65000-P: Last=0.0355 Bid=0.035 Ask=0.036
[01:03:20] Ingest BTC.PERP: Last=65343.0 Bid=65330.0 Ask=65330.5
[01:03:20] Ingest BTC: Last=65364.0 Bid=65327.0 Ask=65368.0
[01:03:20] Ingest BTC-6MAR26-66000-C: Last=0.032 Bid=0.0315 Ask=0.0325
[01:03:20] Ingest BTC-6MAR26-65000-P: Last=0.0355 Bid=0.035 Ask=0.036
[01:03:21] Ingest BTC.PERP: Last=65343.0 Bid=65330.0 Ask=65330.5
[01:03:21] Ingest BTC: Last=65364.0 Bid=65325.0 Ask=65364.0
[01:03:21] Ingest BTC.PERP: Last=65343.0 Bid=65330.0 Ask=65330.5
[01:03:21] Ingest BTC: Last=65364.0 Bid=65325.0 Ask=65364.0
[01:03:21] Ingest BTC.PERP: Last=65343.0 Bid=65330.0 Ask=65330.5
[01:03:21] Ingest BTC: Last=65364.0 Bid=65326.0 Ask=65362.0
[01:03:21] Ingest BTC-6MAR26-66000-C: Last=0.032 Bid=0.0315 Ask=0.0325
[01:03:22] Ingest BTC.PERP: Last=65343.0 Bid=65330.0 Ask=65330.5
[01:03:22] Ingest BTC: Last=65364.0 Bid=65326.0 Ask=65359.0
[01:03:22] Ingest BTC-6MAR26-65000-P: Last=0.0355 Bid=0.0355 Ask=0.036
[01:03:22] Ingest BTC.PERP: Last=65343.0 Bid=65330.0 Ask=65330.5
[01:03:22] Ingest BTC: Last=65364.0 Bid=65326.0 Ask=65365.0
[01:03:22] Ingest BTC-6MAR26-66000-C: Last=0.032 Bid=0.0315 Ask=0.0325
[01:03:22] Ingest BTC.PERP: Last=65324.0 Bid=65324.0 Ask=65324.5
[01:03:22] Ingest BTC-6MAR26-66000-C: Last=0.032 Bid=0.0315 Ask=0.0325
[01:03:22] Ingest BTC-6MAR26-65000-P: Last=0.0355 Bid=0.0355 Ask=0.036
[01:03:22] Ingest BTC.PERP: Last=65324.0 Bid=65324.0 Ask=65324.5
[01:03:23] Ingest BTC: Last=65364.0 Bid=65326.0 Ask=65365.0
[01:03:23] Ingest BTC-6MAR26-66000-C: Last=0.032 Bid=0.0315 Ask=0.0325
[01:03:23] Ingest BTC-6MAR26-65000-P: Last=0.0355 Bid=0.035 Ask=0.036
[01:03:23] Ingest BTC.PERP: Last=65324.0 Bid=65324.0 Ask=65324.5
[01:03:23] Ingest BTC: Last=65364.0 Bid=65326.0 Ask=65365.0
[01:03:23] Ingest BTC.PERP: Last=65324.0 Bid=65324.0 Ask=65324.5
[01:03:23] Ingest BTC: Last=65364.0 Bid=65326.0 Ask=65362.0
[01:03:23] Ingest BTC-6MAR26-65000-P: Last=0.0355 Bid=0.035 Ask=0.036
[01:03:23] Ingest BTC.PERP: Last=65324.0 Bid=65324.0 Ask=65324.5
[01:03:24] Ingest BTC: Last=65364.0 Bid=65326.0 Ask=65362.0
[01:03:24] Ingest BTC-6MAR26-65000-P: Last=0.0355 Bid=0.0355 Ask=0.036
[01:03:24] Ingest BTC.PERP: Last=65324.0 Bid=65324.0 Ask=65324.5
[01:03:24] Ingest BTC: Last=65364.0 Bid=65321.0 Ask=65364.0
[01:03:24] Ingest BTC-6MAR26-66000-C: Last=0.032 Bid=0.0315 Ask=0.0325
[01:03:24] Ingest BTC.PERP: Last=65324.0 Bid=65324.0 Ask=65324.5
[01:03:24] Ingest BTC-6MAR26-65000-P: Last=0.0355 Bid=0.0355 Ask=0.036
[01:03:24] Ingest BTC.PERP: Last=65324.0 Bid=65324.0 Ask=65324.5
[01:03:25] Ingest BTC: Last=65364.0 Bid=65321.0 Ask=65365.0
[01:03:25] Ingest BTC-6MAR26-66000-C: Last=0.032 Bid=0.0315 Ask=0.0325
[01:03:25] [Bloomberg] Subscription Status: CID: {[ valueType=INT classId=0 internalClassId=0 value=1 ]}
RequestId: 869ca40c-35b9-44bf-0000-804ba8c00600
SubscriptionStarted = {
    exceptions[] = {
    }
    streamIds[] = {
        "1"
    }
    receivedFrom = {
        address = "localhost:8194"
    }
    reason = "Subscriber made a subscription"
}

[01:03:25] [Bloomberg] Subscription Status: CID: {[ valueType=INT classId=0 internalClassId=0 value=1 ]}
RequestId: 049cfb0c-35c1-44bf-0000-804ba8c00600
SubscriptionStreamsActivated = {
    streams[] = {
        streams = {
            id = "1"
            endpoint = {
                address = "localhost:8194"
                serverId = "bbcomm-Galaxy-Clive-5324899"
            }
        }
    }
    reason = "Subscriber made a subscription"
}

[01:03:25] Ingest BTC.PERP: Last=65324.0 Bid=65324.0 Ask=65324.5
[01:03:25] Ingest BTC: Last=65364.0 Bid=65321.0 Ask=65365.0
[01:03:25] Ingest SPY: Last=681.92 Bid=681.92 Ask=681.93
[01:03:25] Ingest SPY: Last=681.92 Bid=681.92 Ask=681.93
[01:03:25] Ingest SPY: Last=681.92 Bid=681.92 Ask=681.93
[01:03:25] Ingest BTC.PERP: Last=65324.0 Bid=65324.0 Ask=65324.5
[01:03:25] Ingest SPY: Last=681.935 Bid=None Ask=None
[01:03:25] Ingest SPY: Last=681.94 Bid=None Ask=None
[01:03:25] Ingest SPY: Last=681.95 Bid=None Ask=None
[01:03:25] Ingest SPY: Last=681.95 Bid=None Ask=None
[01:03:25] Ingest SPY: Last=681.95 Bid=None Ask=None
[01:03:25] Ingest SPY: Last=681.95 Bid=None Ask=None
[01:03:25] Ingest SPY: Last=681.95 Bid=None Ask=None
[01:03:25] Ingest SPY: Last=681.95 Bid=None Ask=None
[01:03:25] Ingest SPY: Last=681.95 Bid=None Ask=None
[01:03:25] Ingest SPY: Last=681.95 Bid=None Ask=None
[01:03:25] Ingest SPY: Last=681.92 Bid=None Ask=None
[01:03:25] Ingest SPY: Last=681.92 Bid=None Ask=None
[01:03:25] Ingest SPY: Last=681.92 Bid=None Ask=None
[01:03:25] Ingest SPY: Last=681.92 Bid=None Ask=None
[01:03:25] Ingest SPY: Last=681.9 Bid=None Ask=None
[01:03:25] Ingest SPY: Last=681.9 Bid=None Ask=None
[01:03:25] Ingest SPY: Last=681.9 Bid=None Ask=None
[01:03:25] Ingest SPY: Last=681.9 Bid=None Ask=None
[01:03:25] Ingest BTC.PERP: Last=65324.0 Bid=65324.0 Ask=65324.5
[01:03:26] Ingest SPY: Last=None Bid=681.9 Ask=None
[01:03:26] Ingest SPY: Last=None Bid=None Ask=681.91
[01:03:26] Ingest BTC-6MAR26-65000-P: Last=0.0355 Bid=0.035 Ask=0.036
[01:03:26] Ingest BTC.PERP: Last=65324.5 Bid=65324.0 Ask=65324.5
[01:03:26] Ingest BTC: Last=65364.0 Bid=65341.0 Ask=65390.0
[01:03:26] Ingest BTC-6MAR26-65000-P: Last=0.0355 Bid=0.035 Ask=0.036
[01:03:26] Ingest BTC.PERP: Last=65324.5 Bid=65324.0 Ask=65324.5
[01:03:26] Ingest BTC: Last=65364.0 Bid=65341.0 Ask=65373.0
[01:03:27] Ingest BTC-6MAR26-65000-P: Last=0.0355 Bid=0.035 Ask=0.036
[01:03:27] Ingest BTC.PERP: Last=65324.5 Bid=65324.0 Ask=65324.5
[01:03:27] Ingest SPY: Last=681.915 Bid=None Ask=None
[01:03:27] Ingest BTC: Last=65364.0 Bid=65341.0 Ask=65370.0
[01:03:27] Ingest SPY: Last=681.915 Bid=None Ask=None
[01:03:27] Ingest SPY: Last=681.915 Bid=None Ask=None
[01:03:27] Ingest SPY: Last=681.91 Bid=None Ask=None
[01:03:27] Ingest SPY: Last=681.915 Bid=None Ask=None
[01:03:27] Ingest SPY: Last=681.915 Bid=None Ask=None
[01:03:27] Ingest SPY: Last=681.89 Bid=None Ask=None
[01:03:27] Ingest BTC.PERP: Last=65324.5 Bid=65324.0 Ask=65324.5
[01:03:27] Ingest SPY: Last=None Bid=681.88 Ask=None
[01:03:27] Ingest SPY: Last=None Bid=None Ask=681.89
[01:03:27] [Bloomberg] Subscription Status: CID: {[ valueType=INT classId=0 internalClassId=0 value=2 ]}
RequestId: 4a9c540c-35d8-44bf-0000-804ba8c00600
SubscriptionStarted = {
    exceptions[] = {
    }
    streamIds[] = {
        "2"
    }
    receivedFrom = {
        address = "localhost:8194"
    }
    reason = "Subscriber made a subscription"
}

[01:03:27] [Bloomberg] Subscription Status: CID: {[ valueType=INT classId=0 internalClassId=0 value=3 ]}
RequestId: 4a9c540c-35d8-44bf-0000-804ba8c00600
SubscriptionStarted = {
    exceptions[] = {
    }
    streamIds[] = {
        "3"
    }
    receivedFrom = {
        address = "localhost:8194"
    }
    reason = "Subscriber made a subscription"
}

[01:03:27] Ingest BTC: Last=65364.0 Bid=65340.0 Ask=65374.0
[01:03:27] [Bloomberg] Subscription Status: CID: {[ valueType=INT classId=0 internalClassId=0 value=2 ]}
RequestId: 909c5f0c-35e0-44bf-0000-804ba8c00600
SubscriptionStreamsActivated = {
    streams[] = {
        streams = {
            id = "2"
            endpoint = {
                address = "localhost:8194"
                serverId = "bbcomm-Galaxy-Clive-5324899"
            }
        }
    }
    reason = "Subscriber made a subscription"
}

[01:03:27] [Bloomberg] Subscription Status: CID: {[ valueType=INT classId=0 internalClassId=0 value=3 ]}
RequestId: 909c5f0c-35e0-44bf-0000-804ba8c00600
SubscriptionStreamsActivated = {
    streams[] = {
        streams = {
            id = "3"
            endpoint = {
                address = "localhost:8194"
                serverId = "bbcomm-Galaxy-Clive-5324899"
            }
        }
    }
    reason = "Subscriber made a subscription"
}

[01:03:27] Ingest BTC.PERP: Last=65324.0 Bid=65324.0 Ask=65324.5
[01:03:27] Ingest BTC: Last=65364.0 Bid=65341.0 Ask=65370.0
[01:03:27] Ingest SPY-20MAR26-681-P: Last=12.3 Bid=12.35 Ask=12.38
[01:03:27] Ingest SPY-20MAR26-682-C: Last=13.66 Bid=13.5 Ask=13.54
[01:03:27] Ingest BTC.PERP: Last=65324.0 Bid=65324.0 Ask=65324.5
[01:03:28] Ingest BTC: Last=65364.0 Bid=65341.0 Ask=65368.0
[01:03:28] Ingest SPY: Last=681.89 Bid=None Ask=None
[01:03:28] Ingest SPY: Last=681.89 Bid=None Ask=None
[01:03:28] Ingest SPY: Last=681.89 Bid=None Ask=None
[01:03:28] Ingest SPY: Last=681.86 Bid=None Ask=None
[01:03:28] Ingest SPY: Last=681.86 Bid=None Ask=None
[01:03:28] Ingest SPY: Last=681.86 Bid=None Ask=None
[01:03:28] Ingest SPY: Last=681.86 Bid=None Ask=None
[01:03:28] Ingest SPY: Last=681.87 Bid=None Ask=None
[01:03:28] Ingest SPY: Last=681.87 Bid=None Ask=None
[01:03:28] Ingest SPY: Last=681.87 Bid=None Ask=None
[01:03:28] Ingest SPY-20MAR26-681-P: Last=None Bid=12.35 Ask=None
[01:03:28] Ingest SPY-20MAR26-681-P: Last=None Bid=None Ask=12.38
[01:03:28] Ingest SPY-20MAR26-681-P: Last=None Bid=None Ask=12.38
[01:03:28] Ingest SPY-20MAR26-681-P: Last=None Bid=12.35 Ask=None
[01:03:28] Ingest SPY: Last=681.87 Bid=None Ask=None
[01:03:28] Ingest SPY: Last=681.87 Bid=None Ask=None
[01:03:28] Ingest SPY: Last=681.87 Bid=None Ask=None
[01:03:28] Ingest SPY: Last=681.87 Bid=None Ask=None
[01:03:28] Ingest SPY: Last=681.87 Bid=None Ask=None
[01:03:28] Ingest SPY: Last=681.87 Bid=None Ask=None
[01:03:28] Ingest SPY: Last=681.879 Bid=None Ask=None
[01:03:28] Ingest SPY: Last=681.875 Bid=None Ask=None
[01:03:28] Ingest SPY: Last=681.88 Bid=None Ask=None
[01:03:28] Ingest SPY: Last=681.88 Bid=None Ask=None
[01:03:28] Ingest SPY: Last=681.88 Bid=None Ask=None
[01:03:28] Ingest SPY: Last=681.88 Bid=None Ask=None
[01:03:28] Ingest SPY: Last=681.88 Bid=None Ask=None
[01:03:28] Ingest SPY: Last=681.89 Bid=None Ask=None
[01:03:28] Ingest SPY: Last=681.9 Bid=None Ask=None
[01:03:28] Ingest SPY: Last=681.9 Bid=None Ask=None
[01:03:28] Ingest SPY: Last=681.9 Bid=None Ask=None
[01:03:28] Ingest SPY: Last=681.9 Bid=None Ask=None
[01:03:28] Ingest SPY: Last=681.9 Bid=None Ask=None
[01:03:28] Ingest SPY: Last=681.9 Bid=None Ask=None
[01:03:28] Ingest SPY: Last=681.896 Bid=None Ask=None
[01:03:28] Ingest BTC.PERP: Last=65324.0 Bid=65324.0 Ask=65324.5
[01:03:28] Ingest SPY: Last=681.92 Bid=None Ask=None
[01:03:28] Ingest SPY: Last=681.92 Bid=None Ask=None
[01:03:28] Ingest SPY: Last=681.925 Bid=None Ask=None
[01:03:28] Ingest SPY: Last=681.925 Bid=None Ask=None
[01:03:28] Ingest SPY: Last=681.925 Bid=None Ask=None
[01:03:28] Ingest SPY: Last=681.93 Bid=None Ask=None
[01:03:28] Ingest SPY: Last=681.93 Bid=None Ask=None
[01:03:28] Ingest SPY: Last=681.93 Bid=None Ask=None
[01:03:28] Ingest BTC: Last=65364.0 Bid=65333.0 Ask=65366.0
[01:03:28] Ingest SPY: Last=681.93 Bid=None Ask=None
[01:03:28] Ingest SPY: Last=681.93 Bid=None Ask=None
[01:03:28] Ingest SPY: Last=None Bid=None Ask=681.92
[01:03:28] Ingest SPY: Last=None Bid=681.91 Ask=None
[01:03:28] Ingest SPY-20MAR26-682-C: Last=None Bid=13.5 Ask=None
[01:03:28] Ingest SPY-20MAR26-682-C: Last=None Bid=None Ask=13.55
[01:03:28] Ingest SPY-20MAR26-682-C: Last=None Bid=None Ask=13.56
[01:03:28] Ingest SPY-20MAR26-682-C: Last=None Bid=13.5 Ask=None
[01:03:28] Ingest BTC.PERP: Last=65324.0 Bid=65324.0 Ask=65324.5
[01:03:29] Ingest BTC.PERP: Last=65324.0 Bid=65324.0 Ask=65324.5
[01:03:29] [Bloomberg] Subscription Status: CID: {[ valueType=INT classId=0 internalClassId=0 value=4 ]}
RequestId: 589c550c-35f3-44bf-0000-804ba8c00600
SubscriptionStarted = {
    exceptions[] = {
    }
    streamIds[] = {
        "4"
    }
    receivedFrom = {
        address = "localhost:8194"
    }
    reason = "Subscriber made a subscription"
}

[01:03:29] Ingest BTC-6MAR26-65000-P: Last=0.0355 Bid=0.035 Ask=0.036
[01:03:29] [Bloomberg] Subscription Status: CID: {[ valueType=INT classId=0 internalClassId=0 value=4 ]}
RequestId: d39c100c-35fa-44bf-0000-804ba8c00600
SubscriptionStreamsActivated = {
    streams[] = {
        streams = {
            id = "4"
            endpoint = {
                address = "localhost:8194"
                serverId = "bbcomm-Galaxy-Clive-5324899"
            }
        }
    }
    reason = "Subscriber made a subscription"
}

[01:03:29] Ingest BTC.PERP: Last=65324.0 Bid=65324.0 Ask=65324.5
[01:03:29] Ingest SPY-20MAR26-681-P: Last=None Bid=12.31 Ask=None
[01:03:29] Ingest SPY-20MAR26-681-P: Last=None Bid=None Ask=12.36
[01:03:29] Ingest SPY-20MAR26-681-P: Last=None Bid=12.33 Ask=None
[01:03:29] Ingest SPY-20MAR26-681-P: Last=None Bid=None Ask=12.37
[01:03:29] Ingest QQQ: Last=600.819 Bid=None Ask=None
[01:03:29] Ingest QQQ: Last=600.819 Bid=None Ask=None
[01:03:29] Ingest QQQ: Last=600.819 Bid=600.81 Ask=600.82
[01:03:29] Ingest SPY: Last=681.91 Bid=None Ask=None
[01:03:29] Ingest SPY: Last=681.91 Bid=None Ask=None
[01:03:29] Ingest SPY: Last=681.91 Bid=None Ask=None
[01:03:29] Ingest SPY: Last=681.91 Bid=None Ask=None
[01:03:29] Ingest SPY: Last=681.91 Bid=None Ask=None
[01:03:29] Ingest SPY: Last=681.91 Bid=None Ask=None
[01:03:29] Ingest SPY: Last=681.905 Bid=None Ask=None
[01:03:29] Ingest SPY: Last=681.905 Bid=None Ask=None
[01:03:29] Ingest SPY: Last=681.905 Bid=None Ask=None
[01:03:29] Ingest SPY: Last=681.9 Bid=None Ask=None
[01:03:29] Ingest BTC.PERP: Last=65324.0 Bid=65324.0 Ask=65324.5
[01:03:29] Ingest SPY-20MAR26-682-C: Last=None Bid=13.49 Ask=None
[01:03:29] Ingest SPY-20MAR26-682-C: Last=None Bid=None Ask=13.55
[01:03:29] Ingest SPY: Last=None Bid=681.89 Ask=None
[01:03:29] Ingest SPY: Last=None Bid=None Ask=681.9
[01:03:29] Ingest BTC.PERP: Last=65324.0 Bid=65324.0 Ask=65324.5
[01:03:30] Ingest BTC: Last=65364.0 Bid=65333.0 Ask=65366.0
[01:03:30] Ingest QQQ: Last=600.81 Bid=None Ask=None
[01:03:30] Ingest QQQ: Last=600.81 Bid=None Ask=None
[01:03:30] Ingest QQQ: Last=600.81 Bid=None Ask=None
[01:03:30] Ingest QQQ: Last=600.79 Bid=None Ask=None
[01:03:30] Ingest QQQ: Last=600.78 Bid=None Ask=None
[01:03:30] Ingest BTC.PERP: Last=65324.0 Bid=65324.0 Ask=65324.5
[01:03:30] Ingest QQQ: Last=None Bid=600.77 Ask=None
[01:03:30] Ingest QQQ: Last=None Bid=None Ask=600.78
[01:03:30] Ingest SPY: Last=681.88 Bid=None Ask=None
[01:03:30] Ingest SPY-20MAR26-681-P: Last=None Bid=12.33 Ask=None
[01:03:30] Ingest SPY-20MAR26-681-P: Last=None Bid=None Ask=12.37
[01:03:30] Ingest BTC.PERP: Last=65324.0 Bid=65324.0 Ask=65324.5
[01:03:30] Ingest SPY: Last=681.87 Bid=None Ask=None
[01:03:30] Ingest SPY: Last=681.87 Bid=None Ask=None
[01:03:30] Ingest SPY: Last=681.88 Bid=None Ask=None
[01:03:30] Ingest SPY: Last=681.88 Bid=None Ask=None
[01:03:30] Ingest SPY: Last=681.88 Bid=None Ask=None
[01:03:30] Ingest SPY: Last=681.88 Bid=None Ask=None
[01:03:30] Ingest SPY: Last=681.88 Bid=None Ask=None
[01:03:30] Ingest SPY-20MAR26-682-C: Last=None Bid=13.48 Ask=None
[01:03:30] Ingest SPY-20MAR26-682-C: Last=None Bid=None Ask=13.54
[01:03:30] Ingest SPY: Last=None Bid=None Ask=681.89
[01:03:30] Ingest SPY: Last=None Bid=681.88 Ask=None
[01:03:30] Ingest BTC.PERP: Last=65324.0 Bid=65324.0 Ask=65324.5
[01:03:30] Ingest BTC-6MAR26-66000-C: Last=0.032 Bid=0.0315 Ask=0.0325
[01:03:30] Ingest BTC: Last=65364.0 Bid=65333.0 Ask=65365.0
[01:03:31] [Bloomberg] Subscription Status: CID: {[ valueType=INT classId=0 internalClassId=0 value=5 ]}
RequestId: 079cf60c-3512-44c0-0000-804ba8c00600
SubscriptionStarted = {
    exceptions[] = {
    }
    streamIds[] = {
        "5"
    }
    receivedFrom = {
        address = "localhost:8194"
    }
    reason = "Subscriber made a subscription"
}

[01:03:31] [Bloomberg] Subscription Status: CID: {[ valueType=INT classId=0 internalClassId=0 value=6 ]}
RequestId: 079cf60c-3512-44c0-0000-804ba8c00600
SubscriptionStarted = {
    exceptions[] = {
    }
    streamIds[] = {
        "6"
    }
    receivedFrom = {
        address = "localhost:8194"
    }
    reason = "Subscriber made a subscription"
}

[01:03:31] [Bloomberg] Subscription Status: CID: {[ valueType=INT classId=0 internalClassId=0 value=5 ]}
RequestId: d29c020c-3519-44c0-0000-804ba8c00600
SubscriptionStreamsActivated = {
    streams[] = {
        streams = {
            id = "5"
            endpoint = {
                address = "localhost:8194"
                serverId = "bbcomm-Galaxy-Clive-5324899"
            }
        }
    }
    reason = "Subscriber made a subscription"
}

[01:03:31] [Bloomberg] Subscription Status: CID: {[ valueType=INT classId=0 internalClassId=0 value=6 ]}
RequestId: d29c020c-3519-44c0-0000-804ba8c00600
SubscriptionStreamsActivated = {
    streams[] = {
        streams = {
            id = "6"
            endpoint = {
                address = "localhost:8194"
                serverId = "bbcomm-Galaxy-Clive-5324899"
            }
        }
    }
    reason = "Subscriber made a subscription"
}

[01:03:31] Ingest QQQ: Last=600.77 Bid=None Ask=None
[01:03:31] Ingest QQQ: Last=600.77 Bid=None Ask=None
[01:03:31] Ingest QQQ: Last=600.77 Bid=None Ask=None
[01:03:31] Ingest QQQ: Last=600.765 Bid=None Ask=None
[01:03:31] Ingest QQQ: Last=600.76 Bid=None Ask=None
[01:03:31] Ingest QQQ: Last=600.76 Bid=None Ask=None
[01:03:31] Ingest QQQ: Last=600.752 Bid=None Ask=None
[01:03:31] Ingest QQQ: Last=600.75 Bid=None Ask=None
[01:03:31] Ingest QQQ: Last=600.75 Bid=None Ask=None
[01:03:31] Ingest QQQ: Last=600.75 Bid=None Ask=None
[01:03:31] Ingest QQQ: Last=600.75 Bid=None Ask=None
[01:03:31] Ingest QQQ: Last=600.75 Bid=None Ask=None
[01:03:31] Ingest QQQ: Last=600.75 Bid=None Ask=None
[01:03:31] Ingest QQQ: Last=600.75 Bid=None Ask=None
[01:03:31] Ingest QQQ: Last=600.75 Bid=None Ask=None
[01:03:31] Ingest QQQ: Last=600.75 Bid=None Ask=None
[01:03:31] Ingest QQQ: Last=600.75 Bid=None Ask=None
[01:03:31] Ingest QQQ: Last=600.74 Bid=None Ask=None
[01:03:31] Ingest QQQ: Last=600.74 Bid=None Ask=None
[01:03:31] Ingest QQQ: Last=600.74 Bid=None Ask=None
[01:03:31] Ingest QQQ: Last=600.74 Bid=None Ask=None
[01:03:31] Ingest QQQ: Last=600.74 Bid=None Ask=None
[01:03:31] Ingest QQQ: Last=600.74 Bid=None Ask=None
[01:03:31] Ingest QQQ: Last=600.74 Bid=None Ask=None
[01:03:31] Ingest QQQ: Last=600.74 Bid=None Ask=None
[01:03:31] Ingest QQQ: Last=600.74 Bid=None Ask=None
[01:03:31] Ingest QQQ: Last=600.74 Bid=None Ask=None
[01:03:31] Ingest QQQ: Last=600.74 Bid=None Ask=None
[01:03:31] Ingest QQQ: Last=600.74 Bid=None Ask=None
[01:03:31] Ingest QQQ: Last=600.74 Bid=None Ask=None
[01:03:31] Ingest QQQ: Last=600.74 Bid=None Ask=None
[01:03:31] Ingest QQQ: Last=600.74 Bid=None Ask=None
[01:03:31] Ingest QQQ: Last=600.74 Bid=None Ask=None
[01:03:31] Ingest QQQ: Last=600.74 Bid=None Ask=None
[01:03:31] Ingest QQQ: Last=600.74 Bid=None Ask=None
[01:03:31] Ingest QQQ: Last=600.74 Bid=None Ask=None
[01:03:31] Ingest QQQ: Last=600.74 Bid=None Ask=None
[01:03:31] Ingest QQQ: Last=600.745 Bid=None Ask=None
[01:03:31] Ingest QQQ: Last=600.74 Bid=None Ask=None
[01:03:31] Ingest QQQ: Last=600.75 Bid=None Ask=None
[01:03:31] Ingest QQQ: Last=600.74 Bid=None Ask=None
[01:03:31] Ingest QQQ: Last=600.75 Bid=None Ask=None
[01:03:31] Ingest QQQ: Last=600.75 Bid=None Ask=None
[01:03:31] Ingest QQQ: Last=600.75 Bid=None Ask=None
[01:03:31] Ingest QQQ: Last=600.75 Bid=None Ask=None
[01:03:31] Ingest QQQ: Last=600.75 Bid=None Ask=None
[01:03:31] Ingest BTC.PERP: Last=65324.0 Bid=65324.0 Ask=65324.5
[01:03:31] Ingest QQQ: Last=600.751 Bid=None Ask=None
[01:03:31] Ingest QQQ: Last=600.76 Bid=None Ask=None
[01:03:31] Ingest QQQ: Last=600.76 Bid=None Ask=None
[01:03:31] Ingest QQQ: Last=600.76 Bid=None Ask=None
[01:03:31] Ingest QQQ: Last=600.78 Bid=None Ask=None
[01:03:31] Ingest QQQ: Last=600.78 Bid=None Ask=None
[01:03:31] Ingest QQQ: Last=600.78 Bid=None Ask=None
[01:03:31] Ingest BTC: Last=65364.0 Bid=65333.0 Ask=65366.0
[01:03:31] Ingest QQQ: Last=600.8 Bid=None Ask=None
[01:03:31] Ingest QQQ: Last=600.8 Bid=None Ask=None
[01:03:31] Ingest QQQ: Last=600.8 Bid=None Ask=None
[01:03:31] Ingest QQQ: Last=600.8 Bid=None Ask=None
[01:03:31] Ingest QQQ: Last=600.8 Bid=None Ask=None
[01:03:31] Ingest QQQ: Last=600.8 Bid=None Ask=None
[01:03:31] Ingest QQQ: Last=600.8 Bid=None Ask=None
[01:03:31] Ingest QQQ: Last=600.8 Bid=None Ask=None
[01:03:31] Ingest QQQ: Last=600.81 Bid=None Ask=None
[01:03:31] Ingest QQQ: Last=600.81 Bid=None Ask=None
[01:03:31] Ingest QQQ: Last=600.8 Bid=None Ask=None
[01:03:31] Ingest QQQ: Last=None Bid=600.8 Ask=None
[01:03:31] Ingest QQQ: Last=None Bid=None Ask=600.81
[01:03:31] Ingest BTC.PERP: Last=65324.0 Bid=65324.0 Ask=65324.5
[01:03:31] Ingest SPY-20MAR26-681-P: Last=None Bid=None Ask=12.36
[01:03:31] Ingest SPY-20MAR26-681-P: Last=None Bid=12.32 Ask=None
[01:03:31] Ingest QQQ-20MAR26-600-P: Last=14.13 Bid=14.24 Ask=14.29
[01:03:31] Ingest QQQ-20MAR26-601-C: Last=16.25 Bid=15.95 Ask=16.01
[01:03:31] Ingest SPY: Last=681.89 Bid=None Ask=None
[01:03:31] Ingest SPY: Last=681.89 Bid=None Ask=None
[01:03:31] Ingest SPY: Last=681.905 Bid=None Ask=None
[01:03:31] Ingest SPY: Last=681.905 Bid=None Ask=None
[01:03:31] Ingest SPY: Last=681.904 Bid=None Ask=None
[01:03:31] Ingest SPY: Last=681.904 Bid=None Ask=None
[01:03:31] Ingest SPY: Last=681.91 Bid=None Ask=None
[01:03:31] Ingest SPY: Last=681.91 Bid=None Ask=None
[01:03:31] Ingest SPY: Last=681.905 Bid=None Ask=None
[01:03:31] Ingest SPY: Last=681.91 Bid=None Ask=None
[01:03:31] Ingest SPY: Last=681.91 Bid=None Ask=None
[01:03:31] Ingest SPY: Last=681.91 Bid=None Ask=None
[01:03:31] Ingest SPY-20MAR26-682-C: Last=None Bid=13.49 Ask=None
[01:03:31] Ingest SPY-20MAR26-682-C: Last=None Bid=None Ask=13.56
[01:03:32] Ingest BTC.PERP: Last=65324.0 Bid=65324.0 Ask=65324.5
[01:03:32] Ingest QQQ-20MAR26-600-P: Last=None Bid=14.22 Ask=None
[01:03:32] Ingest QQQ-20MAR26-600-P: Last=None Bid=None Ask=14.28
[01:03:32] Ingest SPY: Last=None Bid=681.91 Ask=None
[01:03:32] Ingest SPY: Last=None Bid=None Ask=681.92
[01:03:32] Ingest BTC.PERP: Last=65324.0 Bid=65324.0 Ask=65324.5
[01:03:32] Ingest QQQ: Last=600.8 Bid=None Ask=None
[01:03:32] Ingest QQQ: Last=600.8 Bid=None Ask=None
[01:03:32] Ingest QQQ: Last=600.8 Bid=None Ask=None
[01:03:32] Ingest QQQ: Last=600.79 Bid=None Ask=None
[01:03:32] Ingest QQQ: Last=600.79 Bid=None Ask=None
[01:03:32] Ingest QQQ: Last=600.775 Bid=None Ask=None
[01:03:32] Ingest QQQ: Last=600.77 Bid=None Ask=None
[01:03:32] Ingest QQQ: Last=600.775 Bid=None Ask=None
[01:03:32] Ingest QQQ: Last=600.77 Bid=None Ask=None
[01:03:32] Ingest QQQ: Last=600.77 Bid=None Ask=None
[01:03:32] Ingest QQQ: Last=600.77 Bid=None Ask=None
[01:03:32] Ingest QQQ: Last=600.77 Bid=None Ask=None
[01:03:32] Ingest QQQ: Last=600.77 Bid=None Ask=None
[01:03:32] Ingest QQQ: Last=600.77 Bid=None Ask=None
[01:03:32] Ingest QQQ: Last=600.77 Bid=None Ask=None
[01:03:32] Ingest QQQ: Last=600.77 Bid=None Ask=None
[01:03:32] Ingest QQQ: Last=600.77 Bid=None Ask=None
[01:03:32] Ingest QQQ: Last=600.77 Bid=None Ask=None
[01:03:32] Ingest QQQ: Last=600.77 Bid=None Ask=None
[01:03:32] Ingest QQQ: Last=600.77 Bid=None Ask=None
[01:03:32] Ingest QQQ: Last=600.77 Bid=None Ask=None
[01:03:32] Ingest QQQ: Last=600.77 Bid=None Ask=None
[01:03:32] Ingest QQQ: Last=600.77 Bid=None Ask=None
[01:03:32] Ingest QQQ: Last=600.77 Bid=None Ask=None
[01:03:32] Ingest QQQ: Last=600.77 Bid=None Ask=None
[01:03:32] Ingest QQQ: Last=600.77 Bid=None Ask=None
[01:03:32] Ingest QQQ: Last=600.77 Bid=None Ask=None
[01:03:32] Ingest QQQ: Last=600.77 Bid=None Ask=None
[01:03:32] Ingest QQQ: Last=600.76 Bid=None Ask=None
[01:03:32] Ingest QQQ: Last=600.76 Bid=None Ask=None
[01:03:32] Ingest QQQ: Last=600.76 Bid=None Ask=None
[01:03:32] Ingest QQQ: Last=600.76 Bid=None Ask=None
[01:03:32] Ingest QQQ: Last=600.76 Bid=None Ask=None
[01:03:32] Ingest QQQ: Last=600.76 Bid=None Ask=None
[01:03:32] Ingest QQQ: Last=600.76 Bid=None Ask=None
[01:03:32] Ingest QQQ: Last=600.76 Bid=None Ask=None
[01:03:32] Ingest QQQ: Last=600.76 Bid=None Ask=None
[01:03:32] Ingest QQQ: Last=600.76 Bid=None Ask=None
[01:03:32] Ingest QQQ-20MAR26-601-C: Last=None Bid=15.93 Ask=None
[01:03:32] Ingest QQQ-20MAR26-601-C: Last=None Bid=None Ask=15.99
[01:03:32] Ingest QQQ-20MAR26-601-C: Last=None Bid=None Ask=15.99
[01:03:32] Ingest QQQ-20MAR26-601-C: Last=None Bid=15.93 Ask=None
[01:03:32] Ingest BTC.PERP: Last=65324.0 Bid=65324.0 Ask=65324.5
[01:03:32] Ingest BTC: Last=65364.0 Bid=65335.0 Ask=65365.0
[01:03:32] Ingest QQQ: Last=None Bid=600.75 Ask=None
[01:03:32] Ingest QQQ: Last=None Bid=None Ask=600.76
[01:03:32] Ingest SPY-20MAR26-681-P: Last=None Bid=12.33 Ask=None
[01:03:32] Ingest SPY-20MAR26-681-P: Last=None Bid=None Ask=12.37
[01:03:32] Ingest SPY-20MAR26-681-P: Last=None Bid=12.34 Ask=None
[01:03:32] Ingest SPY-20MAR26-681-P: Last=None Bid=None Ask=12.38
[01:03:32] Ingest SPY-20MAR26-682-C: Last=None Bid=13.48 Ask=None
[01:03:32] Ingest SPY-20MAR26-682-C: Last=None Bid=None Ask=13.54
[01:03:32] Ingest SPY-20MAR26-682-C: Last=None Bid=13.48 Ask=None
[01:03:32] Ingest SPY: Last=681.91 Bid=None Ask=None
[01:03:32] Ingest SPY: Last=681.89 Bid=None Ask=None
[01:03:32] Ingest SPY: Last=681.89 Bid=None Ask=None
[01:03:32] Ingest SPY: Last=681.88 Bid=None Ask=None
[01:03:32] Ingest SPY: Last=681.88 Bid=None Ask=None
[01:03:32] Ingest SPY: Last=681.88 Bid=None Ask=None
[01:03:32] Ingest SPY: Last=681.88 Bid=None Ask=None
[01:03:32] Ingest SPY: Last=681.88 Bid=None Ask=None
[01:03:32] Ingest BTC.PERP: Last=65324.0 Bid=65324.0 Ask=65324.5
[01:03:33] Ingest QQQ-20MAR26-600-P: Last=None Bid=14.24 Ask=None
[01:03:33] Ingest QQQ-20MAR26-600-P: Last=None Bid=None Ask=14.3
[01:03:33] Ingest SPY: Last=None Bid=None Ask=681.88
[01:03:33] Ingest SPY: Last=None Bid=681.87 Ask=None
[01:03:33] Ingest BTC.PERP: Last=65324.5 Bid=65324.0 Ask=65324.5
[01:03:33] Ingest BTC: Last=65364.0 Bid=65340.0 Ask=65382.0
[01:03:33] Ingest BTC-6MAR26-66000-C: Last=0.032 Bid=0.0315 Ask=0.0325
[01:03:33] Ingest QQQ: Last=600.76 Bid=None Ask=None
[01:03:33] Ingest QQQ: Last=600.76 Bid=None Ask=None
[01:03:33] Ingest QQQ: Last=600.76 Bid=None Ask=None
[01:03:33] Ingest QQQ: Last=600.76 Bid=None Ask=None
[01:03:33] Ingest QQQ: Last=600.76 Bid=None Ask=None
[01:03:33] Ingest QQQ: Last=600.76 Bid=None Ask=None
[01:03:33] Ingest QQQ: Last=600.76 Bid=None Ask=None
[01:03:33] Ingest QQQ: Last=600.76 Bid=None Ask=None
[01:03:33] Ingest QQQ: Last=600.76 Bid=None Ask=None
[01:03:33] Ingest QQQ: Last=600.76 Bid=None Ask=None
[01:03:33] Ingest QQQ: Last=600.75 Bid=None Ask=None
[01:03:33] Ingest QQQ: Last=600.75 Bid=None Ask=None
[01:03:33] Ingest QQQ: Last=600.75 Bid=None Ask=None
[01:03:33] Ingest QQQ: Last=600.755 Bid=None Ask=None
[01:03:33] Ingest QQQ: Last=600.75 Bid=None Ask=None
[01:03:33] Ingest BTC.PERP: Last=65342.5 Bid=65337.5 Ask=65338.0
[01:03:33] Ingest QQQ-20MAR26-601-C: Last=None Bid=15.93 Ask=None
[01:03:33] Ingest BTC: Last=65364.0 Bid=65341.0 Ask=65375.0
[01:03:33] Ingest BTC-6MAR26-66000-C: Last=0.032 Bid=0.0315 Ask=0.0325
[01:03:33] Ingest QQQ: Last=None Bid=None Ask=600.76
[01:03:33] Ingest QQQ: Last=None Bid=600.75 Ask=None
[01:03:33] Ingest BTC.PERP: Last=65342.5 Bid=65337.5 Ask=65338.0
[01:03:33] Ingest BTC: Last=65364.0 Bid=65340.0 Ask=65374.0
[01:03:34] Ingest BTC-6MAR26-66000-C: Last=0.032 Bid=0.0315 Ask=0.0325
[01:03:34] Ingest QQQ-20MAR26-600-P: Last=None Bid=14.24 Ask=None
[01:03:34] Ingest QQQ-20MAR26-600-P: Last=None Bid=None Ask=14.3
[01:03:34] Ingest SPY: Last=None Bid=None Ask=681.88
[01:03:34] Ingest SPY: Last=None Bid=681.87 Ask=None
[01:03:34] Ingest BTC.PERP: Last=65342.5 Bid=65337.5 Ask=65338.0
[01:03:34] Ingest BTC: Last=65364.0 Bid=65340.0 Ask=65374.0
[01:03:34] Ingest BTC.PERP: Last=65342.5 Bid=65337.5 Ask=65338.0
[01:03:34] Ingest BTC: Last=65364.0 Bid=65341.0 Ask=65370.0
[01:03:34] Ingest BTC-6MAR26-65000-P: Last=0.0355 Bid=0.035 Ask=0.036
[01:03:34] Ingest QQQ: Last=600.75 Bid=None Ask=None
[01:03:34] Ingest QQQ: Last=600.75 Bid=None Ask=None
[01:03:34] Ingest QQQ: Last=600.75 Bid=None Ask=None
[01:03:34] Ingest QQQ: Last=600.75 Bid=None Ask=None
[01:03:34] Ingest QQQ: Last=600.75 Bid=None Ask=None
[01:03:34] Ingest QQQ: Last=600.74 Bid=None Ask=None
[01:03:34] Ingest QQQ: Last=600.75 Bid=None Ask=None
[01:03:34] Ingest QQQ: Last=600.75 Bid=None Ask=None
[01:03:34] Ingest QQQ-20MAR26-601-C: Last=None Bid=None Ask=15.98
[01:03:34] Ingest QQQ-20MAR26-601-C: Last=None Bid=15.93 Ask=None
[01:03:34] Ingest SPY-20MAR26-681-P: Last=None Bid=12.35 Ask=None
[01:03:34] Ingest SPY-20MAR26-681-P: Last=None Bid=None Ask=12.38
[01:03:34] Ingest SPY-20MAR26-682-C: Last=None Bid=13.49 Ask=None
[01:03:34] Ingest BTC.PERP: Last=65342.5 Bid=65337.5 Ask=65338.0
[01:03:34] Ingest QQQ: Last=None Bid=600.74 Ask=None
[01:03:34] Ingest QQQ: Last=None Bid=None Ask=600.75
[01:03:34] Ingest BTC: Last=65364.0 Bid=65334.0 Ask=65373.0
[01:03:34] Ingest SPY: Last=681.88 Bid=None Ask=None
[01:03:35] Ingest SPY: Last=681.87 Bid=None Ask=None
[01:03:35] Ingest SPY: Last=681.87 Bid=None Ask=None
[01:03:35] Ingest SPY: Last=681.86 Bid=None Ask=None
[01:03:35] Ingest SPY: Last=681.86 Bid=None Ask=None
[01:03:35] Ingest SPY: Last=681.86 Bid=None Ask=None
[01:03:35] Ingest SPY: Last=681.86 Bid=None Ask=None
[01:03:35] Ingest SPY: Last=681.86 Bid=None Ask=None
[01:03:35] Ingest SPY: Last=681.86 Bid=None Ask=None
[01:03:35] Ingest SPY: Last=681.86 Bid=None Ask=None
[01:03:35] Ingest SPY: Last=681.87 Bid=None Ask=None
[01:03:35] Ingest BTC-6MAR26-65000-P: Last=0.0355 Bid=0.0355 Ask=0.036
[01:03:35] Ingest BTC.PERP: Last=65336.5 Bid=65324.5 Ask=65325.0
[01:03:35] Ingest BTC: Last=65364.0 Bid=65324.0 Ask=65363.0
[01:03:35] Ingest SPY: Last=None Bid=None Ask=681.87
[01:03:35] Ingest SPY: Last=None Bid=681.86 Ask=None
[01:03:35] Ingest BTC-6MAR26-66000-C: Last=0.032 Bid=0.0315 Ask=0.0325
[01:03:35] Ingest BTC.PERP: Last=65336.5 Bid=65324.5 Ask=65325.0
[01:03:35] Ingest BTC: Last=65364.0 Bid=65322.0 Ask=65359.0
[01:03:35] Ingest QQQ-20MAR26-601-C: Last=None Bid=15.9 Ask=None
[01:03:35] Ingest QQQ-20MAR26-601-C: Last=None Bid=None Ask=15.96
[01:03:35] Ingest QQQ-20MAR26-601-C: Last=None Bid=15.9 Ask=None
[01:03:35] Ingest QQQ-20MAR26-601-C: Last=None Bid=None Ask=15.97
[01:03:35] Ingest QQQ: Last=600.75 Bid=None Ask=None
[01:03:35] Ingest QQQ: Last=600.75 Bid=None Ask=None
[01:03:35] Ingest QQQ: Last=600.75 Bid=None Ask=None
[01:03:35] Ingest QQQ: Last=600.75 Bid=None Ask=None
[01:03:35] Ingest QQQ: Last=600.74 Bid=None Ask=None
[01:03:35] Ingest QQQ: Last=600.73 Bid=None Ask=None
[01:03:35] Ingest QQQ: Last=600.73 Bid=None Ask=None
[01:03:35] Ingest QQQ: Last=600.72 Bid=None Ask=None
[01:03:35] Ingest QQQ: Last=600.72 Bid=None Ask=None
[01:03:35] Ingest QQQ: Last=600.72 Bid=None Ask=None
[01:03:35] Ingest QQQ: Last=600.71 Bid=None Ask=None
[01:03:35] Ingest QQQ: Last=600.71 Bid=None Ask=None
[01:03:35] Ingest QQQ: Last=600.71 Bid=None Ask=None
[01:03:35] Ingest QQQ: Last=600.71 Bid=None Ask=None
[01:03:35] Ingest QQQ: Last=600.71 Bid=None Ask=None
[01:03:35] Ingest QQQ: Last=600.71 Bid=None Ask=None
[01:03:35] Ingest QQQ: Last=600.71 Bid=None Ask=None
[01:03:35] Ingest QQQ: Last=600.7 Bid=None Ask=None
[01:03:35] Ingest BTC-6MAR26-66000-C: Last=0.032 Bid=0.0315 Ask=0.0325
[01:03:35] Ingest QQQ: Last=600.7 Bid=None Ask=None
[01:03:35] Ingest QQQ: Last=600.7 Bid=None Ask=None
[01:03:35] Ingest QQQ: Last=600.7 Bid=None Ask=None
[01:03:35] Ingest QQQ: Last=600.7 Bid=None Ask=None
[01:03:35] Ingest QQQ: Last=600.7 Bid=None Ask=None
[01:03:35] Ingest QQQ: Last=600.69 Bid=None Ask=None
[01:03:35] Ingest BTC-6MAR26-65000-P: Last=0.0355 Bid=0.0355 Ask=0.036
[01:03:35] Ingest QQQ: Last=600.69 Bid=None Ask=None
[01:03:35] Ingest QQQ: Last=600.69 Bid=None Ask=None
[01:03:35] Ingest QQQ: Last=600.69 Bid=None Ask=None
[01:03:35] Ingest QQQ: Last=600.69 Bid=None Ask=None
[01:03:35] Ingest QQQ: Last=600.69 Bid=None Ask=None
[01:03:35] Ingest QQQ: Last=600.69 Bid=None Ask=None
[01:03:35] Ingest QQQ: Last=600.68 Bid=None Ask=None
[01:03:35] Ingest QQQ: Last=600.68 Bid=None Ask=None
[01:03:35] Ingest QQQ: Last=600.68 Bid=None Ask=None
[01:03:35] Ingest QQQ: Last=600.69 Bid=None Ask=None
[01:03:35] Ingest QQQ: Last=600.69 Bid=None Ask=None
[01:03:35] Ingest QQQ: Last=600.69 Bid=None Ask=None
[01:03:35] Ingest QQQ: Last=600.69 Bid=None Ask=None
[01:03:35] Ingest QQQ: Last=600.69 Bid=None Ask=None
[01:03:35] Ingest QQQ: Last=600.69 Bid=None Ask=None
[01:03:35] Ingest QQQ: Last=600.69 Bid=None Ask=None
[01:03:35] Ingest QQQ: Last=600.69 Bid=None Ask=None
[01:03:35] Ingest QQQ: Last=600.69 Bid=None Ask=None
[01:03:35] Ingest QQQ: Last=600.7 Bid=None Ask=None
[01:03:35] Ingest QQQ: Last=600.7 Bid=None Ask=None
[01:03:35] Ingest QQQ: Last=600.7 Bid=None Ask=None
[01:03:35] Ingest QQQ: Last=600.7 Bid=None Ask=None
[01:03:35] Ingest QQQ: Last=600.7 Bid=None Ask=None
[01:03:35] Ingest QQQ: Last=600.7 Bid=None Ask=None
[01:03:35] Ingest QQQ: Last=600.7 Bid=None Ask=None
[01:03:35] Ingest QQQ: Last=600.72 Bid=None Ask=None
[01:03:35] Ingest QQQ: Last=600.72 Bid=None Ask=None
[01:03:35] Ingest QQQ: Last=600.72 Bid=None Ask=None
[01:03:35] Ingest QQQ: Last=600.715 Bid=None Ask=None
[01:03:35] Ingest SPY-20MAR26-681-P: Last=None Bid=12.37 Ask=None
[01:03:35] Ingest SPY-20MAR26-681-P: Last=None Bid=None Ask=12.4
[01:03:35] Ingest SPY-20MAR26-681-P: Last=None Bid=None Ask=12.39
[01:03:35] Ingest SPY-20MAR26-681-P: Last=None Bid=12.36 Ask=None
[01:03:35] Ingest SPY-20MAR26-682-C: Last=None Bid=13.48 Ask=None
[01:03:35] Ingest SPY-20MAR26-682-C: Last=None Bid=None Ask=13.52
[01:03:35] Ingest BTC.PERP: Last=65336.5 Bid=65324.5 Ask=65325.0
[01:03:35] Ingest BTC: Last=65364.0 Bid=65322.0 Ask=65358.0
[01:03:35] Ingest QQQ: Last=None Bid=600.71 Ask=None
[01:03:35] Ingest QQQ: Last=None Bid=None Ask=600.72
[01:03:36] Ingest SPY: Last=681.87 Bid=None Ask=None
[01:03:36] Ingest SPY: Last=681.87 Bid=None Ask=None
[01:03:36] Ingest SPY: Last=681.87 Bid=None Ask=None
[01:03:36] Ingest SPY: Last=681.87 Bid=None Ask=None
[01:03:36] Ingest SPY: Last=681.86 Bid=None Ask=None
[01:03:36] Ingest SPY: Last=681.86 Bid=None Ask=None
[01:03:36] Ingest BTC-6MAR26-65000-P: Last=0.0355 Bid=0.0355 Ask=0.036
[01:03:36] Ingest SPY: Last=681.86 Bid=None Ask=None
[01:03:36] Ingest SPY: Last=681.86 Bid=None Ask=None
[01:03:36] Ingest SPY: Last=681.86 Bid=None Ask=None
[01:03:36] Ingest SPY: Last=681.86 Bid=None Ask=None
[01:03:36] Ingest SPY: Last=681.86 Bid=None Ask=None
[01:03:36] Ingest SPY: Last=681.86 Bid=None Ask=None
[01:03:36] Ingest SPY: Last=681.85 Bid=None Ask=None
[01:03:36] Ingest SPY: Last=681.85 Bid=None Ask=None
[01:03:36] Ingest QQQ-20MAR26-600-P: Last=None Bid=14.26 Ask=None
[01:03:36] Ingest QQQ-20MAR26-600-P: Last=None Bid=None Ask=14.34
[01:03:36] Ingest SPY: Last=681.82 Bid=None Ask=None
[01:03:36] Ingest SPY: Last=681.82 Bid=None Ask=None
[01:03:36] Ingest SPY: Last=681.82 Bid=None Ask=None
[01:03:36] Ingest SPY: Last=681.82 Bid=None Ask=None
[01:03:36] Ingest SPY: Last=681.83 Bid=None Ask=None
[01:03:36] Ingest SPY: Last=681.83 Bid=None Ask=None
[01:03:36] Ingest SPY: Last=681.83 Bid=None Ask=None
[01:03:36] Ingest SPY: Last=681.85 Bid=None Ask=None
[01:03:36] Ingest SPY: Last=681.85 Bid=None Ask=None
[01:03:36] Ingest BTC.PERP: Last=65336.5 Bid=65324.5 Ask=65325.0
[01:03:36] Ingest SPY: Last=681.87 Bid=None Ask=None
[01:03:36] Ingest SPY: Last=681.87 Bid=None Ask=None
[01:03:36] Ingest SPY: Last=681.86 Bid=None Ask=None
[01:03:36] Ingest BTC: Last=65364.0 Bid=65322.0 Ask=65357.0
[01:03:36] Ingest SPY: Last=681.85 Bid=None Ask=None
[01:03:36] Ingest SPY: Last=681.855 Bid=None Ask=None
[01:03:36] Ingest SPY: Last=None Bid=None Ask=681.86
[01:03:36] Ingest SPY: Last=None Bid=681.85 Ask=None
[01:03:36] Ingest BTC.PERP: Last=65336.5 Bid=65324.5 Ask=65325.0
[01:03:36] Ingest BTC-6MAR26-66000-C: Last=0.032 Bid=0.0315 Ask=0.0325
[01:03:36] Ingest BTC-6MAR26-65000-P: Last=0.0355 Bid=0.0355 Ask=0.036
[01:03:36] Ingest QQQ-20MAR26-601-C: Last=None Bid=15.91 Ask=None
[01:03:36] Ingest QQQ-20MAR26-601-C: Last=None Bid=None Ask=15.97
[01:03:36] Ingest QQQ-20MAR26-601-C: Last=None Bid=15.91 Ask=None
[01:03:36] Ingest QQQ-20MAR26-601-C: Last=None Bid=None Ask=15.97
[01:03:36] Ingest QQQ: Last=600.715 Bid=None Ask=None
[01:03:36] Ingest QQQ: Last=600.72 Bid=None Ask=None
[01:03:36] Ingest QQQ: Last=600.72 Bid=None Ask=None
[01:03:36] Ingest QQQ: Last=600.73 Bid=None Ask=None
[01:03:36] Ingest QQQ: Last=600.73 Bid=None Ask=None
[01:03:36] Ingest QQQ: Last=600.75 Bid=None Ask=None
[01:03:36] Ingest QQQ: Last=600.74 Bid=None Ask=None
[01:03:36] Ingest QQQ: Last=600.73 Bid=None Ask=None
[01:03:36] Ingest QQQ: Last=600.73 Bid=None Ask=None
[01:03:36] Ingest QQQ: Last=600.72 Bid=None Ask=None
[01:03:36] Ingest BTC.PERP: Last=65336.5 Bid=65324.5 Ask=65325.0
[01:03:36] Ingest QQQ: Last=600.72 Bid=None Ask=None
[01:03:36] Ingest QQQ: Last=600.72 Bid=None Ask=None
[01:03:36] Ingest QQQ: Last=600.72 Bid=None Ask=None
[01:03:36] Ingest BTC: Last=65364.0 Bid=65322.0 Ask=65355.0
[01:03:36] Ingest SPY-20MAR26-682-C: Last=None Bid=13.49 Ask=None
[01:03:36] Ingest SPY-20MAR26-682-C: Last=None Bid=None Ask=13.53
[01:03:36] Ingest SPY-20MAR26-682-C: Last=None Bid=13.49 Ask=None
[01:03:36] Ingest SPY-20MAR26-682-C: Last=None Bid=None Ask=13.53
[01:03:37] Ingest BTC-6MAR26-66000-C: Last=0.032 Bid=0.0315 Ask=0.0325
[01:03:37] Ingest SPY-20MAR26-681-P: Last=None Bid=12.36 Ask=None
[01:03:37] Ingest SPY-20MAR26-681-P: Last=None Bid=None Ask=12.39
[01:03:37] Ingest BTC-6MAR26-65000-P: Last=0.0355 Bid=0.0355 Ask=0.036
[01:03:37] Ingest QQQ: Last=None Bid=None Ask=600.72
[01:03:37] Ingest QQQ: Last=None Bid=600.71 Ask=None
[01:03:37] Ingest QQQ-20MAR26-600-P: Last=None Bid=14.26 Ask=None
[01:03:37] Ingest QQQ-20MAR26-600-P: Last=None Bid=None Ask=14.34
[01:03:37] Ingest QQQ-20MAR26-600-P: Last=None Bid=14.26 Ask=None
[01:03:37] Ingest QQQ-20MAR26-600-P: Last=None Bid=None Ask=14.33
[01:03:37] Ingest BTC.PERP: Last=65336.5 Bid=65324.5 Ask=65325.0
[01:03:37] Ingest BTC: Last=65364.0 Bid=65322.0 Ask=65353.0
[01:03:37] Ingest SPY: Last=681.86 Bid=None Ask=None
[01:03:37] Ingest SPY: Last=681.86 Bid=None Ask=None
[01:03:37] Ingest SPY: Last=681.86 Bid=None Ask=None
[01:03:37] Ingest SPY: Last=681.86 Bid=None Ask=None
[01:03:37] Ingest SPY: Last=681.86 Bid=None Ask=None
[01:03:37] Ingest SPY: Last=681.86 Bid=None Ask=None
[01:03:37] Ingest SPY: Last=681.86 Bid=None Ask=None
[01:03:37] Ingest SPY: Last=681.86 Bid=None Ask=None
[01:03:37] Ingest SPY: Last=681.86 Bid=None Ask=None
[01:03:37] Ingest SPY: Last=681.86 Bid=None Ask=None
[01:03:37] Ingest SPY: Last=681.86 Bid=None Ask=None
[01:03:37] Ingest SPY: Last=681.86 Bid=None Ask=None
[01:03:37] Ingest SPY: Last=681.86 Bid=None Ask=None
[01:03:37] Ingest SPY: Last=681.86 Bid=None Ask=None
[01:03:37] Ingest SPY: Last=681.86 Bid=None Ask=None
[01:03:37] Ingest SPY: Last=681.86 Bid=None Ask=None
[01:03:37] Ingest SPY: Last=681.87 Bid=None Ask=None
[01:03:37] Ingest SPY: Last=681.87 Bid=None Ask=None
[01:03:37] Ingest SPY: Last=681.87 Bid=None Ask=None
[01:03:37] Ingest BTC.PERP: Last=65324.5 Bid=65314.0 Ask=65314.5
[01:03:37] Ingest BTC: Last=65364.0 Bid=65322.0 Ask=65348.0
[01:03:37] Ingest SPY: Last=None Bid=681.87 Ask=None
[01:03:37] Ingest SPY: Last=None Bid=None Ask=681.88
[01:03:37] Ingest BTC-6MAR26-66000-C: Last=0.032 Bid=0.0315 Ask=0.0325
[01:03:37] Ingest BTC-6MAR26-65000-P: Last=0.0355 Bid=0.0355 Ask=0.0365
[01:03:37] Ingest QQQ-20MAR26-601-C: Last=None Bid=15.92 Ask=None
[01:03:37] Ingest QQQ-20MAR26-601-C: Last=None Bid=None Ask=15.98
[01:03:37] Ingest QQQ-20MAR26-601-C: Last=None Bid=15.93 Ask=None
[01:03:37] Ingest QQQ-20MAR26-601-C: Last=None Bid=None Ask=15.99
[01:03:37] Ingest BTC.PERP: Last=65324.5 Bid=65314.0 Ask=65314.5
[01:03:37] Ingest QQQ: Last=600.72 Bid=None Ask=None
[01:03:37] Ingest QQQ: Last=600.72 Bid=None Ask=None
[01:03:37] Ingest QQQ: Last=600.72 Bid=None Ask=None
[01:03:37] Ingest QQQ: Last=600.72 Bid=None Ask=None
[01:03:37] Ingest QQQ: Last=600.725 Bid=None Ask=None
[01:03:37] Ingest QQQ: Last=600.723 Bid=None Ask=None
[01:03:37] Ingest BTC: Last=65364.0 Bid=65300.0 Ask=65345.0
[01:03:37] Ingest QQQ: Last=600.725 Bid=None Ask=None
[01:03:37] Ingest QQQ: Last=600.74 Bid=None Ask=None
[01:03:37] Ingest QQQ: Last=600.74 Bid=None Ask=None
[01:03:37] Ingest QQQ: Last=600.74 Bid=None Ask=None
[01:03:37] Ingest QQQ: Last=600.74 Bid=None Ask=None
[01:03:37] Ingest QQQ: Last=600.75 Bid=None Ask=None
[01:03:38] Ingest SPY-20MAR26-682-C: Last=None Bid=13.5 Ask=None
[01:03:38] Ingest SPY-20MAR26-682-C: Last=None Bid=None Ask=13.54
[01:03:38] Ingest BTC-6MAR26-66000-C: Last=0.032 Bid=0.0315 Ask=0.0325
[01:03:38] Ingest BTC-6MAR26-65000-P: Last=0.0355 Bid=0.0355 Ask=0.0365
[01:03:38] Ingest SPY-20MAR26-681-P: Last=None Bid=None Ask=12.38
[01:03:38] Ingest SPY-20MAR26-681-P: Last=None Bid=12.36 Ask=None
[01:03:38] Ingest BTC.PERP: Last=65324.5 Bid=65314.0 Ask=65314.5
[01:03:38] Ingest QQQ: Last=None Bid=None Ask=600.76
[01:03:38] Ingest QQQ: Last=None Bid=600.75 Ask=None
[01:03:38] Ingest QQQ-20MAR26-600-P: Last=None Bid=14.26 Ask=None
[01:03:38] Ingest QQQ-20MAR26-600-P: Last=None Bid=None Ask=14.33
[01:03:38] Ingest QQQ-20MAR26-600-P: Last=None Bid=14.25 Ask=None
[01:03:38] Ingest QQQ-20MAR26-600-P: Last=None Bid=None Ask=14.31
[01:03:38] Ingest BTC: Last=65364.0 Bid=65300.0 Ask=65339.0
[01:03:38] Ingest SPY: Last=681.88 Bid=None Ask=None
[01:03:38] Ingest SPY: Last=681.89 Bid=None Ask=None
[01:03:38] Ingest SPY: Last=681.88 Bid=None Ask=None
[01:03:38] Ingest SPY: Last=681.88 Bid=None Ask=None
[01:03:38] Ingest SPY: Last=681.88 Bid=None Ask=None
[01:03:38] Ingest SPY: Last=681.88 Bid=None Ask=None
[01:03:38] Ingest BTC-6MAR26-66000-C: Last=0.032 Bid=0.0315 Ask=0.0325
[01:03:38] Ingest BTC-6MAR26-65000-P: Last=0.0355 Bid=0.0355 Ask=0.0365
[01:03:38] Ingest SPY: Last=681.865 Bid=None Ask=None
[01:03:38] Ingest BTC.PERP: Last=65308.5 Bid=65303.0 Ask=65303.5
[01:03:38] Ingest BTC: Last=65364.0 Bid=65300.0 Ask=65344.0
[01:03:38] Ingest SPY: Last=None Bid=None Ask=681.85
[01:03:38] Ingest SPY: Last=None Bid=681.84 Ask=None
[01:03:38] Ingest BTC-6MAR26-65000-P: Last=0.0355 Bid=0.0355 Ask=0.0365
[01:03:38] Ingest QQQ-20MAR26-601-C: Last=None Bid=15.93 Ask=None
[01:03:38] Ingest QQQ-20MAR26-601-C: Last=None Bid=None Ask=15.99
[01:03:38] Ingest QQQ-20MAR26-601-C: Last=None Bid=15.91 Ask=None
[01:03:38] Ingest QQQ-20MAR26-601-C: Last=None Bid=None Ask=15.98
[01:03:38] Ingest BTC.PERP: Last=65308.5 Bid=65303.0 Ask=65303.5
[01:03:38] Ingest BTC: Last=65364.0 Bid=65301.0 Ask=65338.0
[01:03:39] Ingest QQQ: Last=600.76 Bid=None Ask=None
[01:03:39] Ingest QQQ: Last=600.77 Bid=None Ask=None
[01:03:39] Ingest QQQ: Last=600.77 Bid=None Ask=None
[01:03:39] Ingest QQQ: Last=600.77 Bid=None Ask=None
[01:03:39] Ingest QQQ: Last=600.77 Bid=None Ask=None
[01:03:39] Ingest QQQ: Last=600.765 Bid=None Ask=None
[01:03:39] Ingest QQQ: Last=600.76 Bid=None Ask=None
[01:03:39] Ingest QQQ: Last=600.76 Bid=None Ask=None
[01:03:39] Ingest QQQ: Last=600.76 Bid=None Ask=None
[01:03:39] Ingest QQQ: Last=600.76 Bid=None Ask=None
[01:03:39] Ingest QQQ: Last=600.76 Bid=None Ask=None
[01:03:39] Ingest QQQ: Last=600.75 Bid=None Ask=None
[01:03:39] Ingest SPY-20MAR26-682-C: Last=None Bid=13.49 Ask=None
[01:03:39] Ingest SPY-20MAR26-682-C: Last=None Bid=None Ask=13.54
[01:03:39] Ingest SPY-20MAR26-682-C: Last=None Bid=None Ask=13.53
[01:03:39] Ingest SPY-20MAR26-682-C: Last=None Bid=13.49 Ask=None
[01:03:39] Ingest QQQ: Last=600.72 Bid=None Ask=None
[01:03:39] Ingest BTC-6MAR26-65000-P: Last=0.0355 Bid=0.0355 Ask=0.0365
[01:03:39] Ingest SPY-20MAR26-681-P: Last=None Bid=12.35 Ask=None
[01:03:39] Ingest SPY-20MAR26-681-P: Last=None Bid=None Ask=12.37
[01:03:39] Ingest SPY-20MAR26-681-P: Last=None Bid=None Ask=12.39
[01:03:39] Ingest SPY-20MAR26-681-P: Last=None Bid=12.37 Ask=None
[01:03:39] Ingest BTC.PERP: Last=65308.5 Bid=65303.0 Ask=65303.5
[01:03:39] Ingest BTC: Last=65364.0 Bid=65301.0 Ask=65338.0
[01:03:39] Ingest QQQ-20MAR26-600-P: Last=None Bid=14.26 Ask=None
[01:03:39] Ingest QQQ-20MAR26-600-P: Last=None Bid=None Ask=14.32
[01:03:39] Ingest QQQ-20MAR26-600-P: Last=None Bid=None Ask=14.33
[01:03:39] Ingest QQQ-20MAR26-600-P: Last=None Bid=14.26 Ask=None
[01:03:39] Ingest QQQ: Last=None Bid=None Ask=600.72
[01:03:39] Ingest QQQ: Last=None Bid=600.71 Ask=None
[01:03:39] Ingest BTC.PERP: Last=65303.0 Bid=65303.0 Ask=65303.5
[01:03:39] Ingest SPY: Last=681.85 Bid=None Ask=None
[01:03:39] Ingest SPY: Last=681.87 Bid=None Ask=None
[01:03:39] Ingest SPY: Last=681.87 Bid=None Ask=None
[01:03:39] Ingest SPY: Last=681.87 Bid=None Ask=None
[01:03:39] Ingest SPY: Last=681.87 Bid=None Ask=None
[01:03:39] Ingest SPY: Last=681.88 Bid=None Ask=None
[01:03:39] Ingest SPY: Last=681.88 Bid=None Ask=None
[01:03:39] Ingest SPY: Last=681.88 Bid=None Ask=None
[01:03:39] Ingest SPY: Last=681.88 Bid=None Ask=None
[01:03:39] Ingest SPY: Last=681.88 Bid=None Ask=None
[01:03:39] Ingest SPY: Last=681.844 Bid=None Ask=None
[01:03:39] Ingest SPY: Last=681.88 Bid=None Ask=None
[01:03:39] Ingest SPY: Last=681.88 Bid=None Ask=None
[01:03:39] Ingest SPY: Last=681.88 Bid=None Ask=None
[01:03:39] Ingest SPY: Last=681.88 Bid=None Ask=None
[01:03:39] Ingest SPY: Last=681.88 Bid=None Ask=None
[01:03:39] Ingest BTC-6MAR26-66000-C: Last=0.032 Bid=0.0315 Ask=0.0325
[01:03:39] Ingest SPY: Last=None Bid=None Ask=681.88
[01:03:39] Ingest BTC-6MAR26-65000-P: Last=0.0355 Bid=0.0355 Ask=0.0365
[01:03:39] Ingest BTC.PERP: Last=65303.0 Bid=65303.0 Ask=65303.5
[01:03:39] Ingest SPY: Last=None Bid=681.87 Ask=None
[01:03:39] Ingest BTC: Last=65364.0 Bid=65301.0 Ask=65337.0
[01:03:39] Ingest QQQ-20MAR26-601-C: Last=None Bid=15.93 Ask=None
[01:03:39] Ingest QQQ-20MAR26-601-C: Last=None Bid=None Ask=15.99
[01:03:40] Ingest BTC.PERP: Last=65303.0 Bid=65303.0 Ask=65303.5
[01:03:40] Ingest QQQ: Last=600.72 Bid=None Ask=None
[01:03:40] Ingest QQQ: Last=600.72 Bid=None Ask=None
[01:03:40] Ingest QQQ: Last=600.72 Bid=None Ask=None
[01:03:40] Ingest QQQ: Last=600.73 Bid=None Ask=None
[01:03:40] Ingest QQQ: Last=600.73 Bid=None Ask=None
[01:03:40] Ingest QQQ: Last=600.73 Bid=None Ask=None
[01:03:40] Ingest QQQ: Last=600.74 Bid=None Ask=None
[01:03:40] Ingest QQQ: Last=600.76 Bid=None Ask=None
[01:03:40] Ingest QQQ: Last=600.76 Bid=None Ask=None
[01:03:40] Ingest QQQ: Last=600.765 Bid=None Ask=None
[01:03:40] Ingest QQQ: Last=600.76 Bid=None Ask=None
[01:03:40] Ingest QQQ: Last=600.765 Bid=None Ask=None
[01:03:40] Ingest QQQ: Last=600.765 Bid=None Ask=None
[01:03:40] Ingest QQQ: Last=600.765 Bid=None Ask=None
[01:03:40] Ingest QQQ: Last=600.76 Bid=None Ask=None
[01:03:40] Ingest QQQ: Last=600.76 Bid=None Ask=None
[01:03:40] Ingest QQQ: Last=600.76 Bid=None Ask=None
[01:03:40] Ingest QQQ: Last=600.76 Bid=None Ask=None
[01:03:40] Ingest QQQ: Last=600.75 Bid=None Ask=None
[01:03:40] Ingest QQQ: Last=600.75 Bid=None Ask=None
[01:03:40] Ingest QQQ: Last=600.75 Bid=None Ask=None
[01:03:40] Ingest QQQ: Last=600.75 Bid=None Ask=None
[01:03:40] Ingest QQQ: Last=600.75 Bid=None Ask=None
[01:03:40] Ingest QQQ: Last=600.75 Bid=None Ask=None
[01:03:40] Ingest QQQ: Last=600.75 Bid=None Ask=None
[01:03:40] Ingest QQQ: Last=600.75 Bid=None Ask=None
[01:03:40] Ingest QQQ: Last=600.75 Bid=None Ask=None
[01:03:40] Ingest QQQ: Last=600.75 Bid=None Ask=None
[01:03:40] Ingest SPY-20MAR26-682-C: Last=None Bid=13.5 Ask=None
[01:03:40] Ingest SPY-20MAR26-682-C: Last=None Bid=None Ask=13.54
[01:03:40] Ingest SPY-20MAR26-682-C: Last=None Bid=13.5 Ask=None
[01:03:40] Ingest SPY-20MAR26-682-C: Last=None Bid=None Ask=13.54
[01:03:40] Ingest QQQ: Last=600.76 Bid=None Ask=None
[01:03:40] Ingest QQQ: Last=600.76 Bid=None Ask=None
[01:03:40] Ingest QQQ: Last=600.75 Bid=None Ask=None
[01:03:40] Ingest QQQ: Last=600.75 Bid=None Ask=None
[01:03:40] Ingest BTC: Last=65364.0 Bid=65301.0 Ask=65337.0
[01:03:40] Ingest QQQ: Last=600.75 Bid=None Ask=None
[01:03:40] Ingest QQQ: Last=600.75 Bid=None Ask=None
[01:03:40] Ingest QQQ: Last=600.75 Bid=None Ask=None
[01:03:40] Ingest QQQ: Last=600.75 Bid=None Ask=None
[01:03:40] Ingest QQQ: Last=600.75 Bid=None Ask=None
[01:03:40] Ingest QQQ: Last=600.75 Bid=None Ask=None
[01:03:40] Ingest QQQ: Last=600.75 Bid=None Ask=None
[01:03:40] Ingest QQQ: Last=600.76 Bid=None Ask=None
[01:03:40] Ingest QQQ: Last=600.76 Bid=None Ask=None
[01:03:40] Ingest QQQ: Last=600.76 Bid=None Ask=None
[01:03:40] Ingest QQQ: Last=600.76 Bid=None Ask=None
[01:03:40] Ingest QQQ: Last=600.77 Bid=None Ask=None
[01:03:40] Ingest QQQ: Last=600.77 Bid=None Ask=None
[01:03:40] Ingest QQQ: Last=600.77 Bid=None Ask=None
[01:03:40] Ingest QQQ: Last=600.77 Bid=None Ask=None
[01:03:40] Ingest QQQ: Last=600.77 Bid=None Ask=None
[01:03:40] Ingest QQQ: Last=600.75 Bid=None Ask=None
[01:03:40] Ingest QQQ: Last=600.75 Bid=None Ask=None
[01:03:40] Ingest QQQ: Last=600.75 Bid=None Ask=None
[01:03:40] Ingest QQQ: Last=600.75 Bid=None Ask=None
[01:03:40] Ingest QQQ: Last=600.75 Bid=None Ask=None
[01:03:40] Ingest QQQ: Last=600.75 Bid=None Ask=None
[01:03:40] Ingest QQQ: Last=600.75 Bid=None Ask=None
[01:03:40] Ingest QQQ: Last=600.75 Bid=None Ask=None
[01:03:40] Ingest QQQ: Last=600.75 Bid=None Ask=None
[01:03:40] Ingest SPY-20MAR26-681-P: Last=None Bid=12.35 Ask=None
[01:03:40] Ingest SPY-20MAR26-681-P: Last=None Bid=None Ask=12.37
[01:03:40] Ingest SPY-20MAR26-681-P: Last=None Bid=12.35 Ask=None
[01:03:40] Ingest SPY-20MAR26-681-P: Last=None Bid=None Ask=12.37
[01:03:40] Ingest QQQ: Last=600.75 Bid=None Ask=None
[01:03:40] Ingest QQQ-20MAR26-600-P: Last=None Bid=None Ask=14.31
[01:03:40] Ingest QQQ-20MAR26-600-P: Last=None Bid=14.25 Ask=None
[01:03:40] Ingest QQQ: Last=600.74 Bid=None Ask=None
[01:03:40] Ingest QQQ: Last=600.74 Bid=None Ask=None
[01:03:40] Ingest QQQ: Last=600.74 Bid=None Ask=None
[01:03:40] Ingest QQQ: Last=600.74 Bid=None Ask=None
[01:03:40] Ingest QQQ: Last=600.755 Bid=None Ask=None
[01:03:40] Ingest QQQ: Last=600.75 Bid=None Ask=None
[01:03:40] Ingest QQQ: Last=600.75 Bid=None Ask=None
[01:03:40] Ingest QQQ: Last=None Bid=600.74 Ask=None
[01:03:40] Ingest QQQ: Last=None Bid=None Ask=600.75
[01:03:40] Ingest BTC.PERP: Last=65303.0 Bid=65303.0 Ask=65303.5
[01:03:40] Ingest BTC: Last=65364.0 Bid=65301.0 Ask=65338.0
[01:03:40] Ingest SPY: Last=681.875 Bid=None Ask=None
[01:03:40] Ingest SPY: Last=681.875 Bid=None Ask=None
[01:03:40] Ingest SPY: Last=681.88 Bid=None Ask=None
[01:03:40] Ingest SPY: Last=681.88 Bid=None Ask=None
[01:03:40] Ingest SPY: Last=681.88 Bid=None Ask=None
[01:03:40] Ingest SPY: Last=681.88 Bid=None Ask=None
[01:03:40] Ingest SPY: Last=681.88 Bid=None Ask=None
[01:03:40] Ingest SPY: Last=681.89 Bid=None Ask=None
[01:03:40] Ingest SPY: Last=681.895 Bid=None Ask=None
[01:03:40] Ingest SPY: Last=681.88 Bid=None Ask=None
[01:03:40] Ingest SPY: Last=681.89 Bid=None Ask=None
[01:03:40] Ingest SPY: Last=681.89 Bid=None Ask=None
[01:03:40] Ingest SPY: Last=681.88 Bid=None Ask=None
[01:03:40] Ingest SPY: Last=681.892 Bid=None Ask=None
[01:03:40] Ingest SPY: Last=681.89 Bid=None Ask=None
[01:03:40] Ingest BTC-6MAR26-65000-P: Last=0.0355 Bid=0.0355 Ask=0.0365
[01:03:40] Ingest BTC.PERP: Last=65303.5 Bid=65303.0 Ask=65303.5
[01:03:40] Ingest BTC: Last=65364.0 Bid=65319.0 Ask=65363.0
[01:03:40] Ingest SPY: Last=None Bid=None Ask=681.89
[01:03:40] Ingest SPY: Last=None Bid=681.88 Ask=None
[01:03:41] Ingest QQQ-20MAR26-601-C: Last=None Bid=15.93 Ask=None
[01:03:41] Ingest QQQ-20MAR26-601-C: Last=None Bid=None Ask=15.99
[01:03:41] Ingest QQQ-20MAR26-601-C: Last=None Bid=None Ask=15.98
[01:03:41] Ingest QQQ-20MAR26-601-C: Last=None Bid=15.92 Ask=None
[01:03:41] Ingest BTC-6MAR26-65000-P: Last=0.0355 Bid=0.0355 Ask=0.0365
[01:03:41] Ingest BTC.PERP: Last=65323.0 Bid=65322.5 Ask=65323.0
[01:03:41] Ingest SPY-20MAR26-682-C: Last=None Bid=None Ask=13.55
[01:03:41] Ingest BTC: Last=65364.0 Bid=65319.0 Ask=65362.0
[01:03:41] Ingest SPY-20MAR26-682-C: Last=None Bid=13.51 Ask=None
[01:03:41] Ingest QQQ: Last=600.745 Bid=None Ask=None
[01:03:41] Ingest QQQ: Last=600.74 Bid=None Ask=None
[01:03:41] Ingest QQQ: Last=600.74 Bid=None Ask=None
[01:03:41] Ingest QQQ: Last=600.74 Bid=None Ask=None
[01:03:41] Ingest QQQ: Last=600.74 Bid=None Ask=None
[01:03:41] Ingest QQQ: Last=600.755 Bid=None Ask=None
[01:03:41] Ingest QQQ: Last=600.76 Bid=None Ask=None
[01:03:41] Ingest QQQ: Last=600.76 Bid=None Ask=None
[01:03:41] Ingest QQQ: Last=600.755 Bid=None Ask=None
[01:03:41] Ingest QQQ: Last=600.755 Bid=None Ask=None
[01:03:41] Ingest QQQ: Last=600.76 Bid=None Ask=None
[01:03:41] Ingest QQQ: Last=600.765 Bid=None Ask=None
[01:03:41] Ingest QQQ: Last=600.77 Bid=None Ask=None
[01:03:41] Ingest QQQ: Last=600.77 Bid=None Ask=None
[01:03:41] Ingest QQQ-20MAR26-600-P: Last=None Bid=None Ask=14.31
[01:03:41] Ingest QQQ: Last=600.77 Bid=None Ask=None
[01:03:41] Ingest QQQ: Last=600.77 Bid=None Ask=None
[01:03:41] Ingest QQQ: Last=600.77 Bid=None Ask=None
[01:03:41] Ingest QQQ: Last=600.77 Bid=None Ask=None
[01:03:41] Ingest QQQ: Last=600.77 Bid=None Ask=None
[01:03:41] Ingest QQQ: Last=600.77 Bid=None Ask=None
[01:03:41] Ingest QQQ: Last=600.785 Bid=None Ask=None
[01:03:41] Ingest QQQ: Last=600.78 Bid=None Ask=None
[01:03:41] Ingest QQQ: Last=600.785 Bid=None Ask=None
[01:03:41] Ingest QQQ: Last=600.785 Bid=None Ask=None
[01:03:41] Ingest QQQ: Last=600.785 Bid=None Ask=None
[01:03:41] Ingest QQQ: Last=600.785 Bid=None Ask=None
[01:03:41] Ingest QQQ: Last=600.78 Bid=None Ask=None
[01:03:41] Ingest QQQ: Last=600.78 Bid=None Ask=None
[01:03:41] Ingest QQQ: Last=600.78 Bid=None Ask=None
[01:03:41] Ingest QQQ: Last=600.785 Bid=None Ask=None
[01:03:41] Ingest QQQ: Last=600.78 Bid=None Ask=None
[01:03:41] Ingest QQQ: Last=600.79 Bid=None Ask=None
[01:03:41] Ingest QQQ: Last=600.79 Bid=None Ask=None
[01:03:41] Ingest QQQ: Last=600.79 Bid=None Ask=None
[01:03:41] Ingest QQQ: Last=600.79 Bid=None Ask=None
[01:03:41] Ingest QQQ: Last=600.79 Bid=None Ask=None
[01:03:41] Ingest QQQ: Last=600.787 Bid=None Ask=None
[01:03:41] Ingest QQQ: Last=600.78 Bid=None Ask=None
[01:03:41] Ingest QQQ: Last=600.78 Bid=None Ask=None
[01:03:41] Ingest QQQ: Last=600.78 Bid=None Ask=None
[01:03:41] Ingest QQQ: Last=600.75 Bid=None Ask=None
[01:03:41] Ingest QQQ: Last=600.75 Bid=None Ask=None
[01:03:41] Ingest QQQ: Last=600.75 Bid=None Ask=None
[01:03:41] Ingest BTC.PERP: Last=65323.0 Bid=65322.5 Ask=65323.0
[01:03:41] Ingest QQQ: Last=600.75 Bid=None Ask=None
[01:03:41] Ingest QQQ: Last=600.75 Bid=None Ask=None
[01:03:41] Ingest QQQ: Last=600.75 Bid=None Ask=None
[01:03:41] Ingest QQQ: Last=600.75 Bid=None Ask=None
[01:03:41] Ingest QQQ: Last=600.75 Bid=None Ask=None
[01:03:41] Ingest QQQ: Last=600.75 Bid=None Ask=None
[01:03:41] Ingest QQQ: Last=600.75 Bid=None Ask=None
[01:03:41] Ingest QQQ: Last=600.75 Bid=None Ask=None
[01:03:41] Ingest QQQ: Last=600.75 Bid=None Ask=None
[01:03:41] Ingest QQQ: Last=600.75 Bid=None Ask=None
[01:03:41] Ingest QQQ: Last=600.75 Bid=None Ask=None
[01:03:41] Ingest QQQ: Last=600.745 Bid=None Ask=None
[01:03:41] Ingest QQQ: Last=600.75 Bid=None Ask=None
[01:03:41] Ingest QQQ: Last=600.75 Bid=None Ask=None
[01:03:41] Ingest SPY-20MAR26-681-P: Last=None Bid=12.33 Ask=None
[01:03:41] Ingest SPY-20MAR26-681-P: Last=None Bid=None Ask=12.36
[01:03:41] Ingest SPY-20MAR26-681-P: Last=None Bid=12.33 Ask=None
[01:03:41] Ingest SPY-20MAR26-681-P: Last=None Bid=None Ask=12.36
[01:03:41] Ingest BTC: Last=65364.0 Bid=65318.0 Ask=65360.0
[01:03:41] Ingest QQQ: Last=None Bid=None Ask=600.76
[01:03:41] Ingest QQQ: Last=None Bid=600.75 Ask=None
[01:03:41] Ingest SPY: Last=681.885 Bid=None Ask=None
[01:03:41] Ingest SPY: Last=681.89 Bid=None Ask=None
[01:03:41] Ingest SPY: Last=681.9 Bid=None Ask=None
[01:03:41] Ingest SPY: Last=681.91 Bid=None Ask=None
[01:03:41] Ingest SPY: Last=681.915 Bid=None Ask=None
[01:03:41] Ingest BTC.PERP: Last=65323.0 Bid=65322.5 Ask=65323.0
[01:03:41] Ingest SPY: Last=681.92 Bid=None Ask=None
[01:03:41] Ingest SPY: Last=681.92 Bid=None Ask=None
[01:03:41] Ingest SPY: Last=681.92 Bid=None Ask=None
[01:03:41] Ingest SPY: Last=681.92 Bid=None Ask=None
[01:03:41] Ingest SPY: Last=681.92 Bid=None Ask=None
[01:03:41] Ingest SPY: Last=681.92 Bid=None Ask=None
[01:03:41] Ingest SPY: Last=681.92 Bid=None Ask=None
[01:03:41] Ingest SPY: Last=681.92 Bid=None Ask=None
[01:03:41] Ingest SPY: Last=681.92 Bid=None Ask=None
[01:03:41] Ingest SPY: Last=681.91 Bid=None Ask=None
[01:03:41] Ingest SPY: Last=681.9 Bid=None Ask=None
[01:03:41] Ingest BTC: Last=65364.0 Bid=65318.0 Ask=65359.0
[01:03:41] Ingest SPY: Last=681.885 Bid=None Ask=None
[01:03:41] Ingest SPY: Last=681.885 Bid=None Ask=None
[01:03:41] Ingest SPY: Last=681.89 Bid=None Ask=None
[01:03:42] Ingest QQQ-20MAR26-601-C: Last=None Bid=15.93 Ask=None
[01:03:42] Ingest QQQ-20MAR26-601-C: Last=None Bid=None Ask=15.99
[01:03:42] Ingest QQQ-20MAR26-601-C: Last=None Bid=None Ask=15.99
[01:03:42] Ingest QQQ-20MAR26-601-C: Last=None Bid=15.94 Ask=None
[01:03:42] Ingest SPY: Last=None Bid=None Ask=681.89
[01:03:42] Ingest SPY: Last=None Bid=681.88 Ask=None
[01:03:42] Ingest BTC.PERP: Last=65323.0 Bid=65322.5 Ask=65323.0
[01:03:42] Ingest BTC: Last=65364.0 Bid=65321.0 Ask=65360.0
[01:03:42] Ingest SPY-20MAR26-682-C: Last=None Bid=13.52 Ask=None
[01:03:42] Ingest SPY-20MAR26-682-C: Last=None Bid=None Ask=13.56
[01:03:42] Ingest SPY-20MAR26-682-C: Last=None Bid=None Ask=13.55
[01:03:42] Ingest SPY-20MAR26-682-C: Last=None Bid=13.51 Ask=None
[01:03:42] Ingest QQQ-20MAR26-600-P: Last=None Bid=14.25 Ask=None
[01:03:42] Ingest QQQ-20MAR26-600-P: Last=None Bid=None Ask=14.31
[01:03:42] Ingest QQQ-20MAR26-600-P: Last=None Bid=14.25 Ask=None
[01:03:42] Ingest QQQ-20MAR26-600-P: Last=None Bid=None Ask=14.3
[01:03:42] Ingest BTC-6MAR26-66000-C: Last=0.032 Bid=0.0315 Ask=0.0325
[01:03:42] Ingest BTC-6MAR26-65000-P: Last=0.0355 Bid=0.0355 Ask=0.0365
[01:03:42] Ingest BTC.PERP: Last=65323.0 Bid=65322.5 Ask=65323.0
[01:03:42] Ingest QQQ: Last=600.76 Bid=None Ask=None
[01:03:42] Ingest BTC: Last=65364.0 Bid=65321.0 Ask=65360.0
[01:03:42] Ingest QQQ: Last=600.75 Bid=None Ask=None
[01:03:42] Ingest QQQ: Last=600.76 Bid=None Ask=None
[01:03:42] Ingest QQQ: Last=600.76 Bid=None Ask=None
[01:03:42] Ingest QQQ: Last=600.76 Bid=None Ask=None
[01:03:42] Ingest QQQ: Last=600.76 Bid=None Ask=None
[01:03:42] Ingest QQQ: Last=600.76 Bid=None Ask=None
[01:03:42] Ingest QQQ: Last=600.76 Bid=None Ask=None
[01:03:42] Ingest QQQ: Last=600.77 Bid=None Ask=None
[01:03:42] Ingest QQQ: Last=600.77 Bid=None Ask=None
[01:03:42] Ingest QQQ: Last=600.77 Bid=None Ask=None
[01:03:42] Ingest QQQ: Last=600.77 Bid=None Ask=None
[01:03:42] Ingest QQQ: Last=600.77 Bid=None Ask=None
[01:03:42] Ingest QQQ: Last=600.77 Bid=None Ask=None
[01:03:42] Ingest QQQ: Last=600.78 Bid=None Ask=None
[01:03:42] Ingest QQQ: Last=600.79 Bid=None Ask=None
[01:03:42] Ingest QQQ: Last=600.785 Bid=None Ask=None
[01:03:42] Ingest QQQ: Last=600.77 Bid=None Ask=None
[01:03:42] Ingest SPY-20MAR26-681-P: Last=None Bid=12.33 Ask=None
[01:03:42] Ingest SPY-20MAR26-681-P: Last=None Bid=None Ask=12.36
[01:03:42] Ingest SPY-20MAR26-681-P: Last=None Bid=None Ask=12.36
[01:03:42] Ingest BTC.PERP: Last=65323.0 Bid=65322.5 Ask=65323.0
[01:03:42] Ingest QQQ: Last=None Bid=600.77 Ask=None
[01:03:42] Ingest QQQ: Last=None Bid=None Ask=600.78
[01:03:42] Ingest BTC: Last=65364.0 Bid=65321.0 Ask=65360.0
[01:03:42] Ingest SPY: Last=681.89 Bid=None Ask=None
[01:03:42] Ingest SPY: Last=681.89 Bid=None Ask=None
[01:03:42] Ingest SPY: Last=681.89 Bid=None Ask=None
[01:03:42] Ingest SPY: Last=681.89 Bid=None Ask=None
[01:03:42] Ingest SPY: Last=681.89 Bid=None Ask=None
[01:03:42] Ingest SPY: Last=681.89 Bid=None Ask=None
[01:03:42] Ingest SPY: Last=681.89 Bid=None Ask=None
[01:03:42] Ingest SPY: Last=681.9 Bid=None Ask=None
[01:03:42] Ingest SPY: Last=681.9 Bid=None Ask=None
[01:03:42] Ingest SPY: Last=681.9 Bid=None Ask=None
[01:03:42] Ingest SPY: Last=681.9 Bid=None Ask=None
[01:03:42] Ingest SPY: Last=681.91 Bid=None Ask=None
[01:03:42] Ingest SPY: Last=681.92 Bid=None Ask=None
[01:03:42] Ingest SPY: Last=681.92 Bid=None Ask=None
[01:03:42] Ingest SPY: Last=681.925 Bid=None Ask=None
[01:03:43] Ingest SPY: Last=681.91 Bid=None Ask=None
[01:03:43] Ingest SPY: Last=681.91 Bid=None Ask=None
[01:03:43] Ingest SPY: Last=681.91 Bid=None Ask=None
[01:03:43] Ingest SPY: Last=681.91 Bid=None Ask=None
[01:03:43] Ingest SPY: Last=681.91 Bid=None Ask=None
[01:03:43] Ingest SPY: Last=681.915 Bid=None Ask=None
[01:03:43] Ingest SPY: Last=681.915 Bid=None Ask=None
[01:03:43] Ingest SPY: Last=681.92 Bid=None Ask=None
[01:03:43] Ingest SPY: Last=681.91 Bid=None Ask=None
[01:03:43] Ingest QQQ-20MAR26-601-C: Last=None Bid=15.93 Ask=None
[01:03:43] Ingest QQQ-20MAR26-601-C: Last=None Bid=None Ask=15.99
[01:03:43] Ingest QQQ-20MAR26-601-C: Last=None Bid=15.94 Ask=None
[01:03:43] Ingest QQQ-20MAR26-601-C: Last=None Bid=None Ask=16.01
[01:03:43] Ingest BTC.PERP: Last=65323.0 Bid=65322.5 Ask=65323.0
[01:03:43] Ingest BTC-6MAR26-65000-P: Last=0.0355 Bid=0.0355 Ask=0.0365
[01:03:43] Ingest BTC: Last=65364.0 Bid=65320.0 Ask=65367.0
[01:03:43] Ingest SPY: Last=None Bid=None Ask=681.92
[01:03:43] Ingest SPY: Last=None Bid=681.91 Ask=None
[01:03:43] Ingest SPY-20MAR26-682-C: Last=None Bid=13.52 Ask=None
[01:03:43] Ingest SPY-20MAR26-682-C: Last=None Bid=None Ask=13.56
[01:03:43] Ingest SPY-20MAR26-682-C: Last=None Bid=None Ask=13.56
[01:03:43] Ingest SPY-20MAR26-682-C: Last=None Bid=13.52 Ask=None
[01:03:43] Ingest BTC.PERP: Last=65323.0 Bid=65322.5 Ask=65323.0
[01:03:43] Ingest QQQ-20MAR26-600-P: Last=None Bid=None Ask=14.31
[01:03:43] Ingest BTC-6MAR26-66000-C: Last=0.032 Bid=0.0315 Ask=0.0325
[01:03:43] Ingest BTC-6MAR26-65000-P: Last=0.0355 Bid=0.0355 Ask=0.036
[01:03:43] Ingest BTC: Last=65364.0 Bid=65320.0 Ask=65363.0
[01:03:43] Ingest QQQ: Last=600.77 Bid=None Ask=None
[01:03:43] Ingest QQQ: Last=600.78 Bid=None Ask=None
[01:03:43] Ingest QQQ: Last=600.78 Bid=None Ask=None
[01:03:43] Ingest QQQ: Last=600.77 Bid=None Ask=None
[01:03:43] Ingest QQQ: Last=600.77 Bid=None Ask=None
[01:03:43] Ingest QQQ: Last=600.77 Bid=None Ask=None
[01:03:43] Ingest QQQ: Last=600.77 Bid=None Ask=None
[01:03:43] Ingest QQQ: Last=600.77 Bid=None Ask=None
[01:03:43] Ingest QQQ: Last=600.77 Bid=None Ask=None
[01:03:43] Ingest QQQ: Last=600.77 Bid=None Ask=None
[01:03:43] Ingest QQQ: Last=600.77 Bid=None Ask=None
[01:03:43] Ingest QQQ: Last=600.77 Bid=None Ask=None
[01:03:43] Ingest QQQ: Last=600.77 Bid=None Ask=None
[01:03:43] Ingest QQQ: Last=600.77 Bid=None Ask=None
[01:03:43] Ingest QQQ: Last=600.77 Bid=None Ask=None
[01:03:43] Ingest QQQ: Last=600.77 Bid=None Ask=None
[01:03:43] Ingest QQQ: Last=600.77 Bid=None Ask=None
[01:03:43] Ingest QQQ: Last=600.77 Bid=None Ask=None
[01:03:43] Ingest QQQ: Last=600.77 Bid=None Ask=None
[01:03:43] Ingest QQQ: Last=600.76 Bid=None Ask=None
[01:03:43] Ingest QQQ: Last=600.76 Bid=None Ask=None
[01:03:43] Ingest QQQ: Last=600.76 Bid=None Ask=None
[01:03:43] Ingest QQQ: Last=600.76 Bid=None Ask=None
[01:03:43] Ingest QQQ: Last=600.76 Bid=None Ask=None
[01:03:43] Ingest QQQ: Last=600.76 Bid=None Ask=None
[01:03:43] Ingest QQQ: Last=600.76 Bid=None Ask=None
[01:03:43] Ingest QQQ: Last=600.76 Bid=None Ask=None
[01:03:43] Ingest QQQ: Last=600.76 Bid=None Ask=None
[01:03:43] Ingest QQQ: Last=600.77 Bid=None Ask=None
[01:03:43] Ingest QQQ: Last=600.77 Bid=None Ask=None
[01:03:43] Ingest SPY-20MAR26-681-P: Last=None Bid=12.33 Ask=None
[01:03:43] Ingest SPY-20MAR26-681-P: Last=None Bid=None Ask=12.36
[01:03:43] Ingest SPY-20MAR26-681-P: Last=None Bid=12.33 Ask=None
[01:03:43] Ingest SPY-20MAR26-681-P: Last=None Bid=None Ask=12.36
[01:03:43] Ingest BTC.PERP: Last=65323.0 Bid=65322.5 Ask=65323.0
[01:03:43] Ingest BTC-6MAR26-65000-P: Last=0.0355 Bid=0.0355 Ask=0.036
[01:03:43] Ingest BTC: Last=65364.0 Bid=65318.0 Ask=65360.0
[01:03:43] Ingest QQQ: Last=None Bid=None Ask=600.78
[01:03:43] Ingest QQQ: Last=None Bid=600.76 Ask=None
[01:03:44] Ingest SPY: Last=681.915 Bid=None Ask=None
[01:03:44] Ingest SPY: Last=681.91 Bid=None Ask=None
[01:03:44] Ingest SPY: Last=681.909 Bid=None Ask=None
[01:03:44] Ingest SPY: Last=681.905 Bid=None Ask=None
[01:03:44] Ingest SPY: Last=681.908 Bid=None Ask=None
[01:03:44] Ingest SPY: Last=681.91 Bid=None Ask=None
[01:03:44] Ingest SPY: Last=681.915 Bid=None Ask=None
[01:03:44] Ingest SPY: Last=681.92 Bid=None Ask=None
[01:03:44] Ingest SPY: Last=681.91 Bid=None Ask=None
[01:03:44] Ingest SPY: Last=681.91 Bid=None Ask=None
[01:03:44] Ingest SPY: Last=681.91 Bid=None Ask=None
[01:03:44] Ingest SPY: Last=681.91 Bid=None Ask=None
[01:03:44] Ingest SPY: Last=681.91 Bid=None Ask=None
[01:03:44] Ingest SPY: Last=681.91 Bid=None Ask=None
[01:03:44] Ingest SPY: Last=681.91 Bid=None Ask=None
[01:03:44] Ingest SPY: Last=681.91 Bid=None Ask=None
[01:03:44] Ingest SPY: Last=681.91 Bid=None Ask=None
[01:03:44] Ingest SPY: Last=681.91 Bid=None Ask=None
[01:03:44] Ingest SPY: Last=681.91 Bid=None Ask=None
[01:03:44] Ingest SPY: Last=681.91 Bid=None Ask=None
[01:03:44] Ingest QQQ-20MAR26-601-C: Last=None Bid=15.94 Ask=None
[01:03:44] Ingest QQQ-20MAR26-601-C: Last=None Bid=None Ask=16.0
[01:03:44] Ingest QQQ-20MAR26-601-C: Last=None Bid=None Ask=16.0
[01:03:44] Ingest QQQ-20MAR26-601-C: Last=None Bid=15.94 Ask=None
[01:03:44] Ingest BTC.PERP: Last=65323.0 Bid=65322.5 Ask=65323.0
[01:03:44] Ingest BTC: Last=65364.0 Bid=65318.0 Ask=65359.0
[01:03:44] Ingest SPY: Last=None Bid=None Ask=681.92
[01:03:44] Ingest SPY: Last=None Bid=681.91 Ask=None
[01:03:44] Ingest SPY-20MAR26-682-C: Last=None Bid=13.52 Ask=None
[01:03:44] Ingest SPY-20MAR26-682-C: Last=None Bid=None Ask=13.56
[01:03:44] Ingest BTC.PERP: Last=65323.0 Bid=65322.5 Ask=65323.0
[01:03:44] Ingest QQQ-20MAR26-600-P: Last=None Bid=14.25 Ask=None
[01:03:44] Ingest QQQ-20MAR26-600-P: Last=None Bid=None Ask=14.32
[01:03:44] Ingest QQQ-20MAR26-600-P: Last=None Bid=14.25 Ask=None
[01:03:44] Ingest QQQ-20MAR26-600-P: Last=None Bid=None Ask=14.32
[01:03:44] Ingest BTC.PERP: Last=65323.0 Bid=65322.5 Ask=65323.0
[01:03:44] Ingest QQQ: Last=600.77 Bid=None Ask=None
[01:03:44] Ingest QQQ: Last=600.76 Bid=None Ask=None
[01:03:44] Ingest QQQ: Last=600.77 Bid=None Ask=None
[01:03:44] Ingest QQQ: Last=600.77 Bid=None Ask=None
[01:03:44] Ingest QQQ: Last=600.77 Bid=None Ask=None
[01:03:44] Ingest QQQ: Last=600.76 Bid=None Ask=None
[01:03:44] Ingest QQQ: Last=600.76 Bid=None Ask=None
[01:03:44] Ingest QQQ: Last=600.75 Bid=None Ask=None
[01:03:44] Ingest QQQ: Last=600.74 Bid=None Ask=None
[01:03:44] Ingest QQQ: Last=600.74 Bid=None Ask=None
[01:03:44] Ingest QQQ: Last=600.74 Bid=None Ask=None
[01:03:44] Ingest QQQ: Last=600.73 Bid=None Ask=None
[01:03:44] Ingest QQQ: Last=600.73 Bid=None Ask=None
[01:03:44] Ingest QQQ: Last=600.74 Bid=None Ask=None
[01:03:44] Ingest QQQ: Last=600.74 Bid=None Ask=None
[01:03:44] Ingest QQQ: Last=600.74 Bid=None Ask=None
[01:03:44] Ingest QQQ: Last=600.74 Bid=None Ask=None
[01:03:44] Ingest QQQ: Last=600.73 Bid=None Ask=None
[01:03:44] Ingest QQQ: Last=600.73 Bid=None Ask=None
[01:03:44] Ingest QQQ: Last=600.73 Bid=None Ask=None
[01:03:44] Ingest QQQ: Last=600.73 Bid=None Ask=None
[01:03:44] Ingest QQQ: Last=600.73 Bid=None Ask=None
[01:03:44] Ingest QQQ: Last=600.73 Bid=None Ask=None
[01:03:44] Ingest QQQ: Last=600.72 Bid=None Ask=None
[01:03:44] Ingest QQQ: Last=600.72 Bid=None Ask=None
[01:03:44] Ingest QQQ: Last=600.73 Bid=None Ask=None
[01:03:44] Ingest QQQ: Last=600.74 Bid=None Ask=None
[01:03:44] Ingest QQQ: Last=600.74 Bid=None Ask=None
[01:03:44] Ingest QQQ: Last=600.74 Bid=None Ask=None
[01:03:44] Ingest QQQ: Last=600.74 Bid=None Ask=None
[01:03:44] Ingest QQQ: Last=600.74 Bid=None Ask=None
[01:03:44] Ingest QQQ: Last=600.75 Bid=None Ask=None
[01:03:44] Ingest QQQ: Last=600.75 Bid=None Ask=None
[01:03:44] Ingest QQQ: Last=600.75 Bid=None Ask=None
[01:03:44] Ingest QQQ: Last=600.75 Bid=None Ask=None
[01:03:44] Ingest QQQ: Last=600.75 Bid=None Ask=None
358.0
[01:03:44] Ingest QQQ: Last=600.75 Bid=None Ask=None
[01:03:44] Ingest QQQ: Last=600.75 Bid=None Ask=None
[01:03:44] Ingest QQQ: Last=600.75 Bid=None Ask=None
[01:03:44] Ingest QQQ: Last=600.75 Bid=None Ask=None
[01:03:44] Ingest QQQ: Last=600.75 Bid=None Ask=None
[01:03:44] Ingest QQQ: Last=600.75 Bid=None Ask=None
[01:03:44] Ingest QQQ: Last=600.75 Bid=None Ask=None
[01:03:44] Ingest QQQ: Last=600.75 Bid=None Ask=None
[01:03:44] Ingest QQQ: Last=600.75 Bid=None Ask=None
[01:03:44] Ingest QQQ: Last=600.75 Bid=None Ask=None
[01:03:44] Ingest QQQ: Last=600.75 Bid=None Ask=None
[01:03:44] Ingest QQQ: Last=600.76 Bid=None Ask=None
[01:03:44] Ingest QQQ: Last=600.76 Bid=None Ask=None
[01:03:44] Ingest QQQ: Last=600.76 Bid=None Ask=None
[01:03:44] Ingest SPY-20MAR26-681-P: Last=None Bid=12.33 Ask=None
[01:03:44] Ingest SPY-20MAR26-681-P: Last=None Bid=None Ask=12.36
[01:03:44] Ingest SPY-20MAR26-681-P: Last=None Bid=None Ask=12.36
[01:03:44] Ingest SPY-20MAR26-681-P: Last=None Bid=12.34 Ask=None
[01:03:45] Ingest QQQ: Last=None Bid=600.75 Ask=None
[01:03:45] Ingest QQQ: Last=None Bid=None Ask=600.76
[01:03:45] Ingest SPY: Last=681.91 Bid=None Ask=None
[01:03:45] Ingest SPY: Last=681.91 Bid=None Ask=None
[01:03:45] Ingest SPY: Last=681.91 Bid=None Ask=None
[01:03:45] Ingest SPY: Last=681.92 Bid=None Ask=None
[01:03:45] Ingest SPY: Last=681.91 Bid=None Ask=None
[01:03:45] Ingest SPY: Last=681.91 Bid=None Ask=None
[01:03:45] Ingest SPY: Last=681.91 Bid=None Ask=None
[01:03:45] Ingest SPY: Last=681.91 Bid=None Ask=None
[01:03:45] Ingest SPY: Last=681.91 Bid=None Ask=None
[01:03:45] Ingest SPY: Last=681.91 Bid=None Ask=None
[01:03:45] Ingest SPY: Last=681.91 Bid=None Ask=None
[01:03:45] Ingest SPY: Last=681.91 Bid=None Ask=None
[01:03:45] Ingest SPY: Last=681.91 Bid=None Ask=None
[01:03:45] Ingest SPY: Last=681.9 Bid=None Ask=None
[01:03:45] Ingest SPY: Last=681.9 Bid=None Ask=None
[01:03:45] Ingest SPY: Last=681.9 Bid=None Ask=None
[01:03:45] Ingest SPY: Last=681.89 Bid=None Ask=None
[01:03:45] Ingest SPY: Last=681.9 Bid=None Ask=None
[01:03:45] Ingest SPY: Last=681.9 Bid=None Ask=None
[01:03:45] Ingest SPY: Last=681.9 Bid=None Ask=None
[01:03:45] Ingest SPY: Last=681.89 Bid=None Ask=None
[01:03:45] Ingest SPY: Last=681.89 Bid=None Ask=None
[01:03:45] Ingest SPY: Last=681.89 Bid=None Ask=None
[01:03:45] Ingest SPY: Last=681.9 Bid=None Ask=None
[01:03:45] Ingest SPY: Last=681.89 Bid=None Ask=None
[01:03:45] Ingest SPY: Last=681.89 Bid=None Ask=None
[01:03:45] Ingest SPY: Last=681.89 Bid=None Ask=None
[01:03:45] Ingest BTC.PERP: Last=65323.0 Bid=65322.5 Ask=65323.0
[01:03:45] Ingest SPY: Last=681.89 Bid=None Ask=None
[01:03:45] Ingest SPY: Last=681.89 Bid=None Ask=None
[01:03:45] Ingest SPY: Last=681.9 Bid=None Ask=None
[01:03:45] Ingest SPY: Last=681.9 Bid=None Ask=None
[01:03:45] Ingest SPY: Last=681.9 Bid=None Ask=None
[01:03:45] Ingest SPY: Last=681.9 Bid=None Ask=None
[01:03:45] Ingest SPY: Last=681.9 Bid=None Ask=None
[01:03:45] Ingest SPY: Last=681.89 Bid=None Ask=None
[01:03:45] Ingest SPY: Last=681.88 Bid=None Ask=None
[01:03:45] Ingest SPY: Last=681.88 Bid=None Ask=None
[01:03:45] Ingest SPY: Last=681.89 Bid=None Ask=None
[01:03:45] Ingest SPY: Last=681.89 Bid=None Ask=None
[01:03:45] Ingest SPY: Last=681.89 Bid=None Ask=None
[01:03:45] Ingest SPY: Last=681.89 Bid=None Ask=None
[01:03:45] Ingest SPY: Last=681.89 Bid=None Ask=None
[01:03:45] Ingest SPY: Last=681.9 Bid=None Ask=None
[01:03:45] Ingest SPY: Last=681.9 Bid=None Ask=None
[01:03:45] Ingest SPY: Last=681.88 Bid=None Ask=None
[01:03:45] Ingest SPY: Last=681.88 Bid=None Ask=None
[01:03:45] Ingest SPY: Last=681.88 Bid=None Ask=None
[01:03:45] Ingest SPY: Last=681.88 Bid=None Ask=None
[01:03:45] Ingest SPY: Last=681.88 Bid=None Ask=None
[01:03:45] Ingest SPY: Last=681.87 Bid=None Ask=None
[01:03:45] Ingest SPY: Last=681.87 Bid=None Ask=None
[01:03:45] Ingest SPY: Last=681.87 Bid=None Ask=None
[01:03:45] Ingest SPY: Last=681.88 Bid=None Ask=None
[01:03:45] Ingest SPY: Last=681.88 Bid=None Ask=None
[01:03:45] Ingest SPY: Last=681.88 Bid=None Ask=None
[01:03:45] Ingest SPY: Last=681.88 Bid=None Ask=None
[01:03:45] Ingest SPY: Last=681.88 Bid=None Ask=None
[01:03:45] Ingest SPY: Last=681.88 Bid=None Ask=None
[01:03:45] Ingest SPY: Last=681.89 Bid=None Ask=None
[01:03:45] Ingest SPY: Last=681.89 Bid=None Ask=None
[01:03:45] Ingest SPY: Last=681.88 Bid=None Ask=None
[01:03:45] Ingest SPY: Last=681.88 Bid=None Ask=None
[01:03:45] Ingest SPY: Last=681.88 Bid=None Ask=None
[01:03:45] Ingest SPY: Last=681.88 Bid=None Ask=None
[01:03:45] Ingest SPY: Last=681.88 Bid=None Ask=None
[01:03:45] Ingest SPY: Last=681.88 Bid=None Ask=None
[01:03:45] Ingest SPY: Last=681.88 Bid=None Ask=None
[01:03:45] Ingest SPY: Last=681.88 Bid=None Ask=None
[01:03:45] Ingest SPY: Last=681.88 Bid=None Ask=None
[01:03:45] Ingest SPY: Last=681.88 Bid=None Ask=None
[01:03:45] Ingest SPY: Last=681.88 Bid=None Ask=None
[01:03:45] Ingest SPY: Last=681.88 Bid=None Ask=None
[01:03:45] Ingest SPY: Last=681.88 Bid=None Ask=None
[01:03:45] Ingest SPY: Last=681.88 Bid=None Ask=None
[01:03:45] Ingest SPY: Last=681.88 Bid=None Ask=None
[01:03:45] Ingest SPY: Last=681.88 Bid=None Ask=None
[01:03:45] Ingest SPY: Last=681.88 Bid=None Ask=None
[01:03:45] Ingest SPY: Last=681.88 Bid=None Ask=None
[01:03:45] Ingest SPY: Last=681.88 Bid=None Ask=None
[01:03:45] Ingest SPY: Last=681.88 Bid=None Ask=None
[01:03:45] Ingest SPY: Last=681.88 Bid=None Ask=None
[01:03:45] Ingest SPY: Last=681.89 Bid=None Ask=None
[01:03:45] Ingest SPY: Last=681.89 Bid=None Ask=None
[01:03:45] Ingest SPY: Last=681.89 Bid=None Ask=None
[01:03:45] Ingest SPY: Last=681.89 Bid=None Ask=None
[01:03:45] Ingest SPY: Last=681.89 Bid=None Ask=None
[01:03:45] Ingest SPY: Last=681.88 Bid=None Ask=None
[01:03:45] Ingest BTC: Last=65364.0 Bid=65319.0 Ask=65357.0
[01:03:45] Ingest SPY: Last=681.89 Bid=None Ask=None
[01:03:45] Ingest SPY: Last=681.89 Bid=None Ask=None
[01:03:45] Ingest SPY: Last=681.89 Bid=None Ask=None
[01:03:45] Ingest SPY: Last=681.89 Bid=None Ask=None
[01:03:45] Ingest SPY: Last=681.88 Bid=None Ask=None
[01:03:45] Ingest QQQ-20MAR26-601-C: Last=None Bid=15.93 Ask=None
[01:03:45] Ingest QQQ-20MAR26-601-C: Last=None Bid=None Ask=15.99
[01:03:45] Ingest QQQ-20MAR26-601-C: Last=None Bid=15.93 Ask=None
[01:03:45] Ingest QQQ-20MAR26-601-C: Last=None Bid=None Ask=15.99
[01:03:45] Ingest SPY: Last=681.9 Bid=None Ask=None
[01:03:45] Ingest SPY: Last=681.895 Bid=None Ask=None
[01:03:45] Ingest SPY: Last=681.9 Bid=None Ask=None
[01:03:45] Ingest SPY: Last=681.9 Bid=None Ask=None
[01:03:45] Ingest SPY: Last=681.9 Bid=None Ask=None
[01:03:45] Ingest SPY: Last=681.91 Bid=None Ask=None
[01:03:45] Ingest SPY: Last=681.91 Bid=None Ask=None
[01:03:45] Ingest SPY: Last=681.91 Bid=None Ask=None
[01:03:45] Ingest SPY: Last=681.91 Bid=None Ask=None
[01:03:45] Ingest SPY: Last=681.91 Bid=None Ask=None
[01:03:45] Ingest SPY: Last=681.91 Bid=None Ask=None
[01:03:45] Ingest SPY: Last=681.89 Bid=None Ask=None
[01:03:45] Ingest SPY: Last=681.89 Bid=None Ask=None
[01:03:45] Ingest SPY: Last=681.89 Bid=None Ask=None
[01:03:45] Ingest SPY: Last=681.89 Bid=None Ask=None
[01:03:45] Ingest SPY: Last=681.89 Bid=None Ask=None
[01:03:45] Ingest SPY: Last=681.89 Bid=None Ask=None
[01:03:45] Ingest SPY: Last=681.89 Bid=None Ask=None
[01:03:45] Ingest SPY: Last=681.89 Bid=None Ask=None
[01:03:45] Ingest SPY: Last=681.89 Bid=None Ask=None
[01:03:45] Ingest SPY: Last=681.89 Bid=None Ask=None
[01:03:45] Ingest SPY: Last=681.89 Bid=None Ask=None
[01:03:45] Ingest SPY: Last=681.89 Bid=None Ask=None
[01:03:45] Ingest SPY: Last=681.87 Bid=None Ask=None
[01:03:45] Ingest SPY: Last=681.87 Bid=None Ask=None
[01:03:45] Ingest SPY: Last=681.87 Bid=None Ask=None
[01:03:45] Ingest SPY: Last=681.87 Bid=None Ask=None
[01:03:45] Ingest SPY: Last=681.87 Bid=None Ask=None
[01:03:45] Ingest SPY: Last=681.87 Bid=None Ask=None
[01:03:45] Ingest SPY: Last=681.88 Bid=None Ask=None
[01:03:45] Ingest SPY: Last=681.88 Bid=None Ask=None
[01:03:45] Ingest SPY: Last=681.88 Bid=None Ask=None
[01:03:45] Ingest SPY: Last=None Bid=681.88 Ask=None
[01:03:45] Ingest SPY: Last=None Bid=None Ask=681.89
[01:03:45] Ingest BTC.PERP: Last=65322.5 Bid=65322.5 Ask=65323.0
[01:03:45] Ingest SPY-20MAR26-682-C: Last=None Bid=13.5 Ask=None
[01:03:45] Ingest SPY-20MAR26-682-C: Last=None Bid=None Ask=13.54
[01:03:45] Ingest SPY-20MAR26-682-C: Last=None Bid=None Ask=13.55
[01:03:45] Ingest SPY-20MAR26-682-C: Last=None Bid=13.51 Ask=None
[01:03:45] Ingest BTC: Last=65364.0 Bid=65319.0 Ask=65357.0
[01:03:45] Ingest QQQ-20MAR26-600-P: Last=None Bid=14.26 Ask=None
[01:03:45] Ingest QQQ-20MAR26-600-P: Last=None Bid=None Ask=14.33
[01:03:45] Ingest BTC.PERP: Last=65322.5 Bid=65322.5 Ask=65323.0
[01:03:45] Ingest QQQ: Last=600.76 Bid=None Ask=None
[01:03:45] Ingest QQQ: Last=600.76 Bid=None Ask=None
[01:03:45] Ingest QQQ: Last=600.76 Bid=None Ask=None
[01:03:45] Ingest QQQ: Last=600.76 Bid=None Ask=None
[01:03:45] Ingest QQQ: Last=600.76 Bid=None Ask=None
[01:03:45] Ingest QQQ: Last=600.76 Bid=None Ask=None
[01:03:45] Ingest QQQ: Last=600.77 Bid=None Ask=None
[01:03:45] Ingest QQQ: Last=600.77 Bid=None Ask=None
[01:03:45] Ingest QQQ: Last=600.77 Bid=None Ask=None
[01:03:45] Ingest QQQ: Last=600.77 Bid=None Ask=None
[01:03:45] Ingest QQQ: Last=600.76 Bid=None Ask=None
[01:03:45] Ingest QQQ: Last=600.76 Bid=None Ask=None
[01:03:45] Ingest QQQ: Last=600.76 Bid=None Ask=None
[01:03:45] Ingest QQQ: Last=600.75 Bid=None Ask=None
[01:03:45] Ingest QQQ: Last=600.75 Bid=None Ask=None
[01:03:45] Ingest QQQ: Last=600.75 Bid=None Ask=None
[01:03:45] Ingest QQQ: Last=600.75 Bid=None Ask=None
[01:03:45] Ingest QQQ: Last=600.75 Bid=None Ask=None
[01:03:45] Ingest QQQ: Last=600.74 Bid=None Ask=None
[01:03:45] Ingest QQQ: Last=600.74 Bid=None Ask=None
[01:03:45] Ingest QQQ: Last=600.74 Bid=None Ask=None
[01:03:45] Ingest QQQ: Last=600.74 Bid=None Ask=None
[01:03:45] Ingest QQQ: Last=600.74 Bid=None Ask=None
[01:03:45] Ingest QQQ: Last=600.74 Bid=None Ask=None
[01:03:45] Ingest QQQ: Last=600.74 Bid=None Ask=None
[01:03:45] Ingest QQQ: Last=600.74 Bid=None Ask=None
[01:03:45] Ingest QQQ: Last=600.72 Bid=None Ask=None
[01:03:45] Ingest QQQ: Last=600.72 Bid=None Ask=None
[01:03:45] Ingest QQQ: Last=600.72 Bid=None Ask=None
[01:03:45] Ingest QQQ: Last=600.72 Bid=None Ask=None
[01:03:45] Ingest QQQ: Last=600.71 Bid=None Ask=None
[01:03:45] Ingest QQQ: Last=600.72 Bid=None Ask=None
[01:03:45] Ingest QQQ: Last=600.72 Bid=None Ask=None
[01:03:46] Ingest QQQ: Last=600.735 Bid=None Ask=None
[01:03:46] Ingest QQQ: Last=600.74 Bid=None Ask=None
[01:03:46] Ingest QQQ: Last=600.74 Bid=None Ask=None
[01:03:46] Ingest BTC.PERP: Last=65322.5 Bid=65322.5 Ask=65323.0
[01:03:46] Ingest QQQ: Last=None Bid=600.74 Ask=None
[01:03:46] Ingest QQQ: Last=None Bid=None Ask=600.75
[01:03:46] Ingest SPY-20MAR26-681-P: Last=None Bid=12.34 Ask=None
[01:03:46] Ingest SPY-20MAR26-681-P: Last=None Bid=None Ask=12.36
[01:03:46] Ingest SPY-20MAR26-681-P: Last=None Bid=None Ask=12.37
[01:03:46] Ingest SPY-20MAR26-681-P: Last=None Bid=12.35 Ask=None
[01:03:46] Ingest QQQ-20MAR26-601-C: Last=None Bid=15.91 Ask=None
[01:03:46] Ingest QQQ-20MAR26-601-C: Last=None Bid=None Ask=15.97
[01:03:46] Ingest BTC.PERP: Last=65322.5 Bid=65322.5 Ask=65323.0
[01:03:46] Ingest SPY: Last=681.87 Bid=None Ask=None
[01:03:46] Ingest SPY: Last=681.87 Bid=None Ask=None
[01:03:46] Ingest SPY: Last=681.87 Bid=None Ask=None
[01:03:46] Ingest SPY: Last=681.87 Bid=None Ask=None
[01:03:46] Ingest SPY: Last=681.87 Bid=None Ask=None
[01:03:46] Ingest SPY: Last=681.87 Bid=None Ask=None
[01:03:46] Ingest SPY: Last=681.87 Bid=None Ask=None
[01:03:46] Ingest SPY: Last=681.87 Bid=None Ask=None
[01:03:46] Ingest SPY: Last=681.87 Bid=None Ask=None
[01:03:46] Ingest BTC: Last=65364.0 Bid=65319.0 Ask=65357.0
[01:03:46] Ingest SPY: Last=681.87 Bid=None Ask=None
[01:03:46] Ingest SPY: Last=681.87 Bid=None Ask=None
[01:03:46] Ingest SPY: Last=681.87 Bid=None Ask=None
[01:03:46] Ingest SPY: Last=681.87 Bid=None Ask=None
[01:03:46] Ingest BTC-6MAR26-66000-C: Last=0.032 Bid=0.0315 Ask=0.0325
[01:03:46] Ingest ETH: Last=1884.0 Bid=1882.7 Ask=1883.7
[01:03:46] Ingest QQQ-20MAR26-600-P: Last=None Bid=14.25 Ask=None
[01:03:46] Ingest ETH.PERP: Last=1882.75 Bid=1883.1 Ask=1883.15
[01:03:46] Ingest QQQ-20MAR26-600-P: Last=None Bid=None Ask=14.32
[01:03:46] Ingest ETH.PERP: Last=1882.75 Bid=1883.1 Ask=1883.15
[01:03:46] Ingest QQQ-20MAR26-600-P: Last=None Bid=14.26 Ask=None
[01:03:46] Ingest QQQ-20MAR26-600-P: Last=None Bid=None Ask=14.33
[01:03:46] Ingest SPY: Last=None Bid=681.86 Ask=None
[01:03:46] Ingest SPY: Last=None Bid=None Ask=681.87
[01:03:46] Ingest BTC.PERP: Last=65322.5 Bid=65322.5 Ask=65323.0
[01:03:46] Ingest ETH: Last=1884.0 Bid=1882.7 Ask=1883.7
[01:03:46] Ingest BTC: Last=65364.0 Bid=65319.0 Ask=65357.0
[01:03:46] Ingest SPY-20MAR26-682-C: Last=None Bid=13.5 Ask=None
[01:03:46] Ingest SPY-20MAR26-682-C: Last=None Bid=None Ask=13.54
[01:03:47] Ingest QQQ: Last=600.74 Bid=None Ask=None
[01:03:47] Ingest QQQ: Last=600.74 Bid=None Ask=None
[01:03:47] Ingest QQQ: Last=600.74 Bid=None Ask=None
[01:03:47] Ingest QQQ: Last=600.74 Bid=None Ask=None
[01:03:47] Ingest QQQ: Last=600.74 Bid=None Ask=None
[01:03:47] Ingest QQQ: Last=600.74 Bid=None Ask=None
[01:03:47] Ingest QQQ: Last=600.74 Bid=None Ask=None
[01:03:47] Ingest QQQ: Last=600.74 Bid=None Ask=None
[01:03:47] Ingest QQQ: Last=600.74 Bid=None Ask=None
[01:03:47] Ingest QQQ: Last=600.74 Bid=None Ask=None
[01:03:47] Ingest QQQ: Last=600.74 Bid=None Ask=None
[01:03:47] Ingest QQQ: Last=600.74 Bid=None Ask=None
[01:03:47] Ingest QQQ: Last=600.74 Bid=None Ask=None
[01:03:47] Ingest QQQ: Last=600.74 Bid=None Ask=None
[01:03:47] Ingest QQQ: Last=600.74 Bid=None Ask=None
[01:03:47] Ingest QQQ: Last=600.74 Bid=None Ask=None
[01:03:47] Ingest QQQ: Last=600.74 Bid=None Ask=None
[01:03:47] Ingest QQQ: Last=600.74 Bid=None Ask=None
[01:03:47] Ingest QQQ: Last=600.74 Bid=None Ask=None
[01:03:47] Ingest QQQ: Last=600.74 Bid=None Ask=None
[01:03:47] Ingest QQQ: Last=600.74 Bid=None Ask=None
[01:03:47] Ingest QQQ: Last=600.74 Bid=None Ask=None
[01:03:47] Ingest QQQ: Last=600.735 Bid=None Ask=None
[01:03:47] Ingest QQQ: Last=600.735 Bid=None Ask=None
[01:03:47] Ingest QQQ: Last=600.735 Bid=None Ask=None
[01:03:47] Ingest ETH.PERP: Last=1882.75 Bid=1883.1 Ask=1883.15
[01:03:47] Ingest QQQ: Last=600.735 Bid=None Ask=None
[01:03:47] Ingest QQQ: Last=600.735 Bid=None Ask=None
[01:03:47] Ingest BTC.PERP: Last=65322.5 Bid=65322.5 Ask=65323.0
[01:03:47] Ingest BTC: Last=65364.0 Bid=65319.0 Ask=65357.0
[01:03:47] Ingest ETH: Last=1884.0 Bid=1882.7 Ask=1883.7
[01:03:47] Ingest SPY-20MAR26-681-P: Last=None Bid=12.35 Ask=None
[01:03:47] Ingest SPY-20MAR26-681-P: Last=None Bid=None Ask=12.37
[01:03:47] Ingest SPY-20MAR26-681-P: Last=None Bid=12.35 Ask=None
[01:03:47] Ingest SPY-20MAR26-681-P: Last=None Bid=None Ask=12.38
[01:03:47] Ingest QQQ: Last=None Bid=600.72 Ask=None
[01:03:47] Ingest QQQ: Last=None Bid=None Ask=600.73
[01:03:47] Ingest ETH.PERP: Last=1882.75 Bid=1883.1 Ask=1883.15
[01:03:47] Ingest QQQ-20MAR26-601-C: Last=None Bid=15.92 Ask=None
[01:03:47] Ingest QQQ-20MAR26-601-C: Last=None Bid=None Ask=15.98
[01:03:47] Ingest BTC.PERP: Last=65322.5 Bid=65322.5 Ask=65323.0
[01:03:47] Ingest SPY: Last=681.87 Bid=None Ask=None
[01:03:47] Ingest SPY: Last=681.88 Bid=None Ask=None
[01:03:47] Ingest ETH: Last=1884.0 Bid=1882.8 Ask=1883.7
[01:03:47] Ingest BTC: Last=65364.0 Bid=65321.0 Ask=65357.0
[01:03:47] Ingest BTC-6MAR26-66000-C: Last=0.032 Bid=0.0315 Ask=0.0325
[01:03:47] Ingest SPY: Last=681.9 Bid=None Ask=None
[01:03:47] Ingest ETH.PERP: Last=1882.75 Bid=1883.1 Ask=1883.15
[01:03:47] Ingest QQQ-20MAR26-600-P: Last=None Bid=14.25 Ask=None
[01:03:47] Ingest QQQ-20MAR26-600-P: Last=None Bid=None Ask=14.32
[01:03:47] Ingest SPY: Last=None Bid=681.89 Ask=None
[01:03:47] Ingest SPY: Last=None Bid=None Ask=681.9
[01:03:47] Ingest ETH: Last=1884.0 Bid=1882.8 Ask=1883.8
[01:03:47] Ingest BTC: Last=65364.0 Bid=65321.0 Ask=65357.0
[01:03:47] Ingest BTC-6MAR26-66000-C: Last=0.032 Bid=0.0315 Ask=0.0325
[01:03:47] Ingest SPY-20MAR26-682-C: Last=None Bid=13.51 Ask=None
[01:03:47] Ingest SPY-20MAR26-682-C: Last=None Bid=None Ask=13.56
[01:03:48] Ingest ETH.PERP: Last=1882.75 Bid=1883.1 Ask=1883.15
[01:03:48] Ingest QQQ: Last=600.73 Bid=None Ask=None
[01:03:48] Ingest QQQ: Last=600.73 Bid=None Ask=None
[01:03:48] Ingest QQQ: Last=600.735 Bid=None Ask=None
[01:03:48] Ingest QQQ: Last=600.74 Bid=None Ask=None
[01:03:48] Ingest QQQ: Last=600.745 Bid=None Ask=None
[01:03:48] Ingest QQQ: Last=600.745 Bid=None Ask=None
[01:03:48] Ingest QQQ: Last=600.745 Bid=None Ask=None
[01:03:48] Ingest QQQ: Last=600.75 Bid=None Ask=None
[01:03:48] Ingest QQQ: Last=600.75 Bid=None Ask=None
[01:03:48] Ingest QQQ: Last=600.75 Bid=None Ask=None
[01:03:48] Ingest QQQ: Last=600.75 Bid=None Ask=None
[01:03:48] Ingest QQQ: Last=600.75 Bid=None Ask=None
[01:03:48] Ingest BTC.PERP: Last=65322.5 Bid=65322.5 Ask=65323.0
[01:03:48] Ingest QQQ: Last=600.75 Bid=None Ask=None
[01:03:48] Ingest QQQ: Last=600.74 Bid=None Ask=None
[01:03:48] Ingest QQQ: Last=600.75 Bid=None Ask=None
[01:03:48] Ingest QQQ: Last=600.75 Bid=None Ask=None
[01:03:48] Ingest QQQ: Last=600.75 Bid=None Ask=None
[01:03:48] Ingest QQQ: Last=600.75 Bid=None Ask=None
[01:03:48] Ingest QQQ: Last=600.74 Bid=None Ask=None
[01:03:48] Ingest QQQ: Last=600.755 Bid=None Ask=None
[01:03:48] Ingest QQQ: Last=600.75 Bid=None Ask=None
[01:03:48] Ingest QQQ: Last=600.755 Bid=None Ask=None
[01:03:48] Ingest QQQ: Last=600.755 Bid=None Ask=None
[01:03:48] Ingest QQQ: Last=600.755 Bid=None Ask=None
[01:03:48] Ingest QQQ: Last=600.75 Bid=None Ask=None
[01:03:48] Ingest QQQ: Last=600.75 Bid=None Ask=None
[01:03:48] Ingest QQQ: Last=600.75 Bid=None Ask=None
[01:03:48] Ingest QQQ: Last=600.75 Bid=None Ask=None
[01:03:48] Ingest QQQ: Last=600.75 Bid=None Ask=None
[01:03:48] Ingest QQQ: Last=600.75 Bid=None Ask=None
[01:03:48] Ingest QQQ: Last=600.74 Bid=None Ask=None
[01:03:48] Ingest QQQ: Last=600.745 Bid=None Ask=None
[01:03:48] Ingest QQQ: Last=600.745 Bid=None Ask=None
[01:03:48] Ingest QQQ: Last=600.752 Bid=None Ask=None
[01:03:48] Ingest QQQ: Last=600.75 Bid=None Ask=None
[01:03:48] Ingest QQQ: Last=600.75 Bid=None Ask=None
[01:03:48] Ingest QQQ: Last=600.75 Bid=None Ask=None
[01:03:48] Ingest QQQ: Last=600.75 Bid=None Ask=None
[01:03:48] Ingest QQQ: Last=600.75 Bid=None Ask=None
[01:03:48] Ingest QQQ: Last=600.75 Bid=None Ask=None
[01:03:48] Ingest QQQ: Last=600.75 Bid=None Ask=None
[01:03:48] Ingest QQQ: Last=600.75 Bid=None Ask=None
[01:03:48] Ingest QQQ: Last=600.75 Bid=None Ask=None
[01:03:48] Ingest BTC: Last=65364.0 Bid=65321.0 Ask=65358.0
[01:03:48] Ingest QQQ: Last=600.75 Bid=None Ask=None
[01:03:48] Ingest ETH: Last=1884.0 Bid=1882.9 Ask=1884.0
[01:03:48] Ingest QQQ: Last=600.76 Bid=None Ask=None
[01:03:48] Ingest QQQ: Last=600.76 Bid=None Ask=None
[01:03:48] Ingest QQQ: Last=600.76 Bid=None Ask=None
[01:03:48] Ingest QQQ: Last=600.76 Bid=None Ask=None
[01:03:48] Ingest QQQ: Last=600.765 Bid=None Ask=None
[01:03:48] Ingest QQQ: Last=600.76 Bid=None Ask=None
[01:03:48] Ingest QQQ: Last=600.76 Bid=None Ask=None
[01:03:48] Ingest QQQ: Last=600.76 Bid=None Ask=None
[01:03:48] Ingest QQQ: Last=600.76 Bid=None Ask=None
[01:03:48] Ingest QQQ: Last=600.74 Bid=None Ask=None
[01:03:48] Ingest QQQ: Last=600.74 Bid=None Ask=None
[01:03:48] Ingest QQQ: Last=600.735 Bid=None Ask=None
[01:03:48] Ingest QQQ: Last=600.73 Bid=None Ask=None
[01:03:48] Ingest QQQ: Last=600.73 Bid=None Ask=None
[01:03:48] Ingest QQQ: Last=600.73 Bid=None Ask=None
[01:03:48] Ingest QQQ: Last=600.73 Bid=None Ask=None
[01:03:48] Ingest QQQ: Last=600.72 Bid=None Ask=None
[01:03:48] Ingest SPY-20MAR26-681-P: Last=None Bid=12.34 Ask=None
[01:03:48] Ingest SPY-20MAR26-681-P: Last=None Bid=None Ask=12.37
[01:03:48] Ingest ETH.PERP: Last=1883.15 Bid=1883.2 Ask=1883.25
[01:03:48] Ingest QQQ: Last=None Bid=600.72 Ask=None
[01:03:48] Ingest QQQ: Last=None Bid=None Ask=600.73
[01:03:48] Ingest BTC.PERP: Last=65322.5 Bid=65322.5 Ask=65323.0
[01:03:48] Ingest QQQ-20MAR26-601-C: Last=None Bid=15.92 Ask=None
[01:03:48] Ingest QQQ-20MAR26-601-C: Last=None Bid=None Ask=15.98
[01:03:48] Ingest QQQ-20MAR26-601-C: Last=None Bid=15.92 Ask=None
[01:03:48] Ingest QQQ-20MAR26-601-C: Last=None Bid=None Ask=15.97
[01:03:48] Ingest BTC: Last=65364.0 Bid=65321.0 Ask=65358.0
[01:03:48] Ingest SPY: Last=681.9 Bid=None Ask=None
[01:03:48] Ingest SPY: Last=681.9 Bid=None Ask=None
[01:03:48] Ingest SPY: Last=681.9 Bid=None Ask=None
[01:03:48] Ingest SPY: Last=681.88 Bid=None Ask=None
[01:03:48] Ingest SPY: Last=681.87 Bid=None Ask=None
[01:03:48] Ingest SPY: Last=681.876 Bid=None Ask=None
[01:03:48] Ingest ETH.PERP: Last=1883.25 Bid=1883.45 Ask=1883.5
[01:03:48] Ingest QQQ-20MAR26-600-P: Last=None Bid=14.29 Ask=None
[01:03:48] Ingest QQQ-20MAR26-600-P: Last=None Bid=None Ask=14.33
[01:03:48] Ingest ETH-6MAR26-1900-C: Last=0.0515 Bid=0.042 Ask=0.043
[01:03:48] Ingest ETH-6MAR26-1850-P: Last=0.0375 Bid=0.0385 Ask=0.0395
[01:03:48] Ingest BTC.PERP: Last=65322.5 Bid=65322.5 Ask=65323.0
[01:03:48] Ingest ETH: Last=1884.0 Bid=1882.9 Ask=1884.2
[01:03:48] Ingest BTC: Last=65364.0 Bid=65321.0 Ask=65360.0
[01:03:48] Ingest SPY: Last=None Bid=None Ask=681.88
[01:03:48] Ingest SPY: Last=None Bid=681.87 Ask=None
[01:03:48] Ingest SPY-20MAR26-682-C: Last=None Bid=13.5 Ask=None
[01:03:48] Ingest SPY-20MAR26-682-C: Last=None Bid=None Ask=13.54
[01:03:48] Ingest SPY-20MAR26-682-C: Last=None Bid=13.5 Ask=None
[01:03:48] Ingest SPY-20MAR26-682-C: Last=None Bid=None Ask=13.55
[01:03:48] Ingest ETH-6MAR26-1850-P: Last=0.0375 Bid=0.0385 Ask=0.0395
[01:03:49] Ingest ETH.PERP: Last=1883.25 Bid=1883.65 Ask=1883.7
[01:03:49] Ingest BTC.PERP: Last=65322.5 Bid=65322.5 Ask=65323.0
[01:03:49] Ingest BTC: Last=65364.0 Bid=65336.0 Ask=65370.0
[01:03:49] Ingest ETH: Last=1884.0 Bid=1883.3 Ask=1884.3
[01:03:49] Ingest ETH-6MAR26-1850-P: Last=0.0375 Bid=0.0385 Ask=0.0395
[01:03:49] Ingest SPY-20MAR26-681-P: Last=12.36 Bid=None Ask=None
[01:03:49] Ingest QQQ: Last=600.73 Bid=None Ask=None
[01:03:49] Ingest QQQ: Last=600.73 Bid=None Ask=None
[01:03:49] Ingest QQQ: Last=600.73 Bid=None Ask=None
[01:03:49] Ingest QQQ: Last=600.73 Bid=None Ask=None
[01:03:49] Ingest QQQ: Last=600.73 Bid=None Ask=None
[01:03:49] Ingest ETH.PERP: Last=1883.25 Bid=1883.65 Ask=1883.7
[01:03:49] Ingest QQQ: Last=600.76 Bid=None Ask=None
[01:03:49] Ingest QQQ: Last=600.76 Bid=None Ask=None
[01:03:49] Ingest QQQ: Last=600.765 Bid=None Ask=None
[01:03:49] Ingest QQQ: Last=600.765 Bid=None Ask=None
[01:03:49] Ingest QQQ: Last=600.765 Bid=None Ask=None
[01:03:49] Ingest QQQ: Last=600.77 Bid=None Ask=None
[01:03:49] Ingest SPY-20MAR26-681-P: Last=None Bid=12.34 Ask=None
[01:03:49] Ingest SPY-20MAR26-681-P: Last=None Bid=None Ask=12.36
[01:03:49] Ingest SPY-20MAR26-681-P: Last=None Bid=12.33 Ask=None
[01:03:49] Ingest QQQ-20MAR26-600-P: Last=14.29 Bid=None Ask=None
[01:03:49] Ingest BTC.PERP: Last=65322.5 Bid=65322.5 Ask=65323.0
[01:03:49] Ingest BTC: Last=65364.0 Bid=65336.0 Ask=65369.0
[01:03:49] Ingest QQQ-20MAR26-601-C: Last=None Bid=15.92 Ask=None
[01:03:49] Ingest QQQ-20MAR26-601-C: Last=None Bid=None Ask=15.98
[01:03:49] Ingest QQQ-20MAR26-601-C: Last=None Bid=None Ask=15.99
[01:03:49] Ingest QQQ-20MAR26-601-C: Last=None Bid=15.93 Ask=None
[01:03:49] Ingest QQQ: Last=None Bid=600.77 Ask=None
[01:03:49] Ingest QQQ: Last=None Bid=None Ask=600.78
[01:03:49] Ingest SPY: Last=681.88 Bid=None Ask=None
[01:03:49] Ingest SPY: Last=681.88 Bid=None Ask=None
[01:03:49] Ingest SPY: Last=681.88 Bid=None Ask=None
[01:03:49] Ingest SPY: Last=681.88 Bid=None Ask=None
[01:03:49] Ingest SPY: Last=681.88 Bid=None Ask=None
[01:03:49] Ingest SPY: Last=681.89 Bid=None Ask=None
[01:03:49] Ingest SPY: Last=681.89 Bid=None Ask=None
[01:03:49] Ingest SPY: Last=681.9 Bid=None Ask=None
[01:03:49] Ingest SPY: Last=681.9 Bid=None Ask=None
[01:03:49] Ingest SPY: Last=681.9 Bid=None Ask=None
[01:03:49] Ingest ETH.PERP: Last=1883.25 Bid=1883.65 Ask=1883.7
[01:03:49] Ingest SPY: Last=681.9 Bid=None Ask=None
[01:03:49] Ingest SPY: Last=681.9 Bid=None Ask=None
[01:03:49] Ingest SPY: Last=681.9 Bid=None Ask=None
[01:03:49] Ingest SPY: Last=681.9 Bid=None Ask=None
[01:03:49] Ingest SPY: Last=681.91 Bid=None Ask=None
[01:03:49] Ingest SPY: Last=681.91 Bid=None Ask=None
[01:03:49] Ingest SPY: Last=681.91 Bid=None Ask=None
[01:03:49] Ingest SPY: Last=681.92 Bid=None Ask=None
[01:03:49] Ingest SPY: Last=681.92 Bid=None Ask=None
[01:03:49] Ingest SPY: Last=681.92 Bid=None Ask=None
[01:03:49] Ingest SPY: Last=681.92 Bid=None Ask=None
[01:03:49] Ingest SPY: Last=681.91 Bid=None Ask=None
[01:03:49] Ingest QQQ-20MAR26-600-P: Last=None Bid=14.24 Ask=None
[01:03:49] Ingest QQQ-20MAR26-600-P: Last=None Bid=None Ask=14.31
[01:03:49] Ingest BTC.PERP: Last=65322.5 Bid=65322.5 Ask=65323.0
[01:03:49] Ingest ETH: Last=1884.0 Bid=1883.3 Ask=1884.2
[01:03:49] Ingest BTC-6MAR26-65000-P: Last=0.0355 Bid=0.0355 Ask=0.036
[01:03:49] Ingest SPY-20MAR26-682-C: Last=None Bid=13.52 Ask=None
[01:03:49] Ingest SPY-20MAR26-682-C: Last=None Bid=None Ask=13.56
[01:03:49] Ingest SPY-20MAR26-682-C: Last=None Bid=None Ask=13.56
[01:03:50] Ingest SPY: Last=None Bid=681.91 Ask=None
[01:03:50] Ingest SPY: Last=None Bid=None Ask=681.92
[01:03:50] Ingest ETH.PERP: Last=1883.25 Bid=1883.65 Ask=1883.7
[01:03:50] Ingest BTC.PERP: Last=65322.5 Bid=65322.5 Ask=65323.0
[01:03:50] Ingest BTC: Last=65364.0 Bid=65327.0 Ask=65366.0
[01:03:50] Ingest ETH: Last=1884.0 Bid=1883.1 Ask=1884.1
[01:03:50] Ingest ETH.PERP: Last=1883.65 Bid=1883.65 Ask=1883.7
[01:03:50] Ingest BTC.PERP: Last=65322.5 Bid=65322.5 Ask=65323.0
[01:03:50] Ingest QQQ: Last=600.76 Bid=None Ask=None
[01:03:50] Ingest QQQ: Last=600.76 Bid=None Ask=None
[01:03:50] Ingest QQQ: Last=600.76 Bid=None Ask=None
[01:03:50] Ingest QQQ: Last=600.76 Bid=None Ask=None
[01:03:50] Ingest QQQ: Last=600.76 Bid=None Ask=None
[01:03:50] Ingest QQQ: Last=600.76 Bid=None Ask=None
[01:03:50] Ingest QQQ: Last=600.76 Bid=None Ask=None
[01:03:50] Ingest QQQ: Last=600.76 Bid=None Ask=None
[01:03:50] Ingest QQQ: Last=600.745 Bid=None Ask=None
[01:03:50] Ingest QQQ: Last=600.75 Bid=None Ask=None
[01:03:50] Ingest BTC: Last=65364.0 Bid=65316.0 Ask=65363.0
[01:03:50] Ingest QQQ: Last=600.75 Bid=None Ask=None
[01:03:50] Ingest QQQ: Last=600.75 Bid=None Ask=None
[01:03:50] Ingest ETH: Last=1884.0 Bid=1882.8 Ask=1883.8
[01:03:50] Ingest QQQ: Last=600.755 Bid=None Ask=None
[01:03:50] Ingest QQQ: Last=600.755 Bid=None Ask=None
[01:03:50] Ingest QQQ: Last=600.76 Bid=None Ask=None
[01:03:50] Ingest QQQ: Last=600.76 Bid=None Ask=None
[01:03:50] Ingest QQQ: Last=600.76 Bid=None Ask=None
[01:03:50] Ingest QQQ: Last=600.76 Bid=None Ask=None
[01:03:50] Ingest QQQ: Last=600.75 Bid=None Ask=None
[01:03:50] Ingest QQQ: Last=600.75 Bid=None Ask=None
[01:03:50] Ingest QQQ: Last=600.74 Bid=None Ask=None
[01:03:50] Ingest QQQ: Last=600.73 Bid=None Ask=None
[01:03:50] Ingest QQQ: Last=600.73 Bid=None Ask=None
[01:03:50] Ingest QQQ: Last=600.73 Bid=None Ask=None
[01:03:50] Ingest QQQ: Last=600.73 Bid=None Ask=None
[01:03:50] Ingest QQQ: Last=600.73 Bid=None Ask=None
[01:03:50] Ingest QQQ: Last=600.73 Bid=None Ask=None
[01:03:50] Ingest QQQ: Last=600.73 Bid=None Ask=None
[01:03:50] Ingest QQQ: Last=600.74 Bid=None Ask=None
[01:03:50] Ingest SPY-20MAR26-681-P: Last=None Bid=12.35 Ask=None
[01:03:50] Ingest SPY-20MAR26-681-P: Last=None Bid=None Ask=12.37
[01:03:50] Ingest SPY-20MAR26-681-P: Last=None Bid=12.35 Ask=None
[01:03:50] Ingest SPY-20MAR26-681-P: Last=None Bid=None Ask=12.37
[01:03:50] Ingest ETH-6MAR26-1850-P: Last=0.0375 Bid=0.0385 Ask=0.04
[01:03:50] Ingest ETH-6MAR26-1900-C: Last=0.0515 Bid=0.042 Ask=0.043
[01:03:50] Ingest QQQ-20MAR26-601-C: Last=None Bid=15.92 Ask=None
[01:03:50] Ingest QQQ-20MAR26-601-C: Last=None Bid=None Ask=15.98
[01:03:50] Ingest ETH.PERP: Last=1883.65 Bid=1883.25 Ask=1883.3
[01:03:50] Ingest BTC.PERP: Last=65322.5 Bid=65322.5 Ask=65323.0
[01:03:50] Ingest QQQ: Last=None Bid=None Ask=600.76
[01:03:50] Ingest QQQ: Last=None Bid=600.75 Ask=None
[01:03:50] Ingest SPY: Last=681.91 Bid=None Ask=None
[01:03:50] Ingest SPY: Last=681.91 Bid=None Ask=None
[01:03:50] Ingest SPY: Last=681.91 Bid=None Ask=None
[01:03:50] Ingest SPY: Last=681.91 Bid=None Ask=None
[01:03:50] Ingest SPY: Last=681.9 Bid=None Ask=None
[01:03:50] Ingest SPY: Last=681.9 Bid=None Ask=None
[01:03:50] Ingest SPY: Last=681.9 Bid=None Ask=None
[01:03:50] Ingest SPY: Last=681.9 Bid=None Ask=None
[01:03:50] Ingest SPY: Last=681.9 Bid=None Ask=None
[01:03:50] Ingest SPY: Last=681.9 Bid=None Ask=None
[01:03:50] Ingest QQQ-20MAR26-600-P: Last=None Bid=14.25 Ask=None
[01:03:50] Ingest QQQ-20MAR26-600-P: Last=None Bid=None Ask=14.32
[01:03:50] Ingest QQQ-20MAR26-600-P: Last=None Bid=14.25 Ask=None
[01:03:50] Ingest QQQ-20MAR26-600-P: Last=None Bid=None Ask=14.32
[01:03:50] Ingest SPY: Last=681.91 Bid=None Ask=None
[01:03:50] Ingest SPY: Last=681.89 Bid=None Ask=None
[01:03:50] Ingest SPY: Last=681.89 Bid=None Ask=None
[01:03:50] Ingest SPY: Last=681.895 Bid=None Ask=None
[01:03:50] Ingest SPY: Last=681.89 Bid=None Ask=None
[01:03:50] Ingest SPY: Last=681.89 Bid=None Ask=None
[01:03:50] Ingest SPY: Last=681.89 Bid=None Ask=None
[01:03:50] Ingest BTC: Last=65364.0 Bid=65316.0 Ask=65359.0
[01:03:50] Ingest SPY: Last=681.89 Bid=None Ask=None
[01:03:50] Ingest SPY: Last=681.89 Bid=None Ask=None
[01:03:50] Ingest SPY: Last=681.89 Bid=None Ask=None
[01:03:50] Ingest SPY: Last=681.88 Bid=None Ask=None
[01:03:50] Ingest ETH: Last=1884.0 Bid=1882.8 Ask=1883.8
[01:03:50] Ingest SPY: Last=681.88 Bid=None Ask=None
[01:03:50] Ingest SPY: Last=681.88 Bid=None Ask=None
[01:03:50] Ingest SPY: Last=681.88 Bid=None Ask=None
[01:03:50] Ingest SPY: Last=681.88 Bid=None Ask=None
[01:03:50] Ingest SPY: Last=681.88 Bid=None Ask=None
[01:03:50] Ingest SPY: Last=681.88 Bid=None Ask=None
[01:03:50] Ingest SPY: Last=681.88 Bid=None Ask=None
[01:03:50] Ingest SPY: Last=681.88 Bid=None Ask=None
[01:03:50] Ingest SPY: Last=681.88 Bid=None Ask=None
[01:03:50] Ingest SPY: Last=681.88 Bid=None Ask=None
[01:03:50] Ingest SPY: Last=681.88 Bid=None Ask=None
[01:03:50] Ingest SPY: Last=681.875 Bid=None Ask=None
[01:03:51] Ingest SPY-20MAR26-682-C: Last=None Bid=13.5 Ask=None
[01:03:51] Ingest SPY-20MAR26-682-C: Last=None Bid=None Ask=13.55
[01:03:51] Ingest SPY-20MAR26-682-C: Last=None Bid=13.5 Ask=None
[01:03:51] Ingest SPY-20MAR26-682-C: Last=None Bid=None Ask=13.55
[01:03:51] Ingest ETH.PERP: Last=1883.65 Bid=1883.25 Ask=1883.3
[01:03:51] Ingest BTC.PERP: Last=65322.5 Bid=65322.5 Ask=65323.0
[01:03:51] Ingest SPY: Last=None Bid=None Ask=681.88
[01:03:51] Ingest SPY: Last=None Bid=681.87 Ask=None
[01:03:51] Ingest BTC: Last=65364.0 Bid=65317.0 Ask=65354.0
[01:03:51] Ingest ETH: Last=1884.0 Bid=1882.8 Ask=1883.8
[01:03:51] Ingest BTC-6MAR26-66000-C: Last=0.032 Bid=0.0315 Ask=0.0325
[01:03:51] Ingest BTC-6MAR26-65000-P: Last=0.0355 Bid=0.0355 Ask=0.0365
[01:03:51] Ingest ETH.PERP: Last=1883.65 Bid=1883.25 Ask=1883.3
[01:03:51] Ingest BTC.PERP: Last=65322.5 Bid=65322.5 Ask=65323.0
[01:03:51] Ingest BTC: Last=65364.0 Bid=65317.0 Ask=65358.0
[01:03:51] Ingest ETH: Last=1884.0 Bid=1883.1 Ask=1883.8
[01:03:51] Ingest QQQ: Last=600.74 Bid=None Ask=None
[01:03:51] Ingest QQQ: Last=600.74 Bid=None Ask=None
[01:03:51] Ingest QQQ: Last=600.74 Bid=None Ask=None
[01:03:51] Ingest QQQ: Last=600.74 Bid=None Ask=None
[01:03:51] Ingest QQQ: Last=600.74 Bid=None Ask=None
[01:03:51] Ingest QQQ: Last=600.74 Bid=None Ask=None
[01:03:51] Ingest QQQ: Last=600.73 Bid=None Ask=None
[01:03:51] Ingest QQQ: Last=600.73 Bid=None Ask=None
[01:03:51] Ingest QQQ: Last=600.73 Bid=None Ask=None
[01:03:51] Ingest QQQ: Last=600.72 Bid=None Ask=None
[01:03:51] Ingest QQQ: Last=600.7 Bid=None Ask=None
[01:03:51] Ingest QQQ: Last=600.7 Bid=None Ask=None
[01:03:51] Ingest QQQ: Last=600.7 Bid=None Ask=None
[01:03:51] Ingest QQQ: Last=600.7 Bid=None Ask=None
[01:03:51] Ingest QQQ: Last=600.71 Bid=None Ask=None
[01:03:51] Ingest ETH-6MAR26-1850-P: Last=0.0375 Bid=0.0385 Ask=0.04
[01:03:51] Ingest QQQ: Last=600.73 Bid=None Ask=None
[01:03:51] Ingest QQQ: Last=600.73 Bid=None Ask=None
[01:03:51] Ingest QQQ: Last=600.74 Bid=None Ask=None
[01:03:51] Ingest QQQ: Last=600.74 Bid=None Ask=None
[01:03:51] Ingest QQQ: Last=600.74 Bid=None Ask=None
[01:03:51] Ingest QQQ-20MAR26-601-C: Last=None Bid=15.92 Ask=None
[01:03:51] Ingest QQQ-20MAR26-601-C: Last=None Bid=None Ask=15.98
[01:03:51] Ingest QQQ-20MAR26-601-C: Last=None Bid=15.92 Ask=None
[01:03:51] Ingest QQQ-20MAR26-601-C: Last=None Bid=None Ask=15.98
[01:03:51] Ingest QQQ: Last=600.75 Bid=None Ask=None
[01:03:51] Ingest QQQ: Last=600.75 Bid=None Ask=None
[01:03:51] Ingest ETH.PERP: Last=1883.65 Bid=1883.25 Ask=1883.3
[01:03:51] Ingest BTC.PERP: Last=65322.5 Bid=65322.5 Ask=65323.0
[01:03:51] Ingest BTC: Last=65364.0 Bid=65317.0 Ask=65363.0
[01:03:51] Ingest SPY-20MAR26-681-P: Last=None Bid=None Ask=12.38
[01:03:51] Ingest SPY-20MAR26-681-P: Last=None Bid=12.35 Ask=None
[01:03:51] Ingest QQQ-20MAR26-600-P: Last=None Bid=14.24 Ask=None
[01:03:51] Ingest QQQ-20MAR26-600-P: Last=None Bid=None Ask=14.32
[01:03:51] Ingest QQQ-20MAR26-600-P: Last=None Bid=None Ask=14.31
[01:03:51] Ingest QQQ-20MAR26-600-P: Last=None Bid=14.25 Ask=None
[01:03:51] Ingest SPY: Last=681.875 Bid=None Ask=None
[01:03:51] Ingest SPY: Last=681.87 Bid=None Ask=None
[01:03:51] Ingest QQQ: Last=None Bid=600.73 Ask=None
[01:03:51] Ingest QQQ: Last=None Bid=None Ask=600.74
[01:03:51] Ingest SPY: Last=681.86 Bid=None Ask=None
[01:03:51] Ingest SPY: Last=681.85 Bid=None Ask=None
[01:03:51] Ingest SPY: Last=681.85 Bid=None Ask=None
[01:03:51] Ingest SPY: Last=681.85 Bid=None Ask=None
[01:03:51] Ingest SPY: Last=681.85 Bid=None Ask=None
[01:03:51] Ingest SPY: Last=681.86 Bid=None Ask=None
[01:03:51] Ingest BTC-6MAR26-65000-P: Last=0.0355 Bid=0.0355 Ask=0.0365
[01:03:51] Ingest SPY: Last=681.87 Bid=None Ask=None
[01:03:51] Ingest SPY: Last=681.865 Bid=None Ask=None
[01:03:51] Ingest SPY: Last=681.87 Bid=None Ask=None
[01:03:51] Ingest SPY: Last=681.88 Bid=None Ask=None
[01:03:51] Ingest SPY: Last=681.88 Bid=None Ask=None
[01:03:51] Ingest SPY: Last=681.885 Bid=None Ask=None
[01:03:51] Ingest ETH-6MAR26-1900-C: Last=0.0515 Bid=0.042 Ask=0.043
[01:03:51] Ingest SPY: Last=681.885 Bid=None Ask=None
[01:03:51] Ingest SPY: Last=681.88 Bid=None Ask=None
[01:03:52] Ingest ETH.PERP: Last=1883.25 Bid=1883.15 Ask=1883.2
[01:03:52] Ingest BTC.PERP: Last=65322.5 Bid=65322.5 Ask=65323.0
[01:03:52] Ingest SPY-20MAR26-682-C: Last=None Bid=13.51 Ask=None
[01:03:52] Ingest SPY-20MAR26-682-C: Last=None Bid=None Ask=13.55
[01:03:52] Ingest SPY: Last=None Bid=None Ask=681.88
[01:03:52] Ingest SPY: Last=None Bid=681.87 Ask=None
[01:03:52] Ingest ETH.PERP: Last=1883.25 Bid=1883.15 Ask=1883.2
[01:03:52] Ingest BTC.PERP: Last=65322.5 Bid=65322.5 Ask=65323.0
[01:03:52] Ingest BTC: Last=65364.0 Bid=65318.0 Ask=65363.0
[01:03:52] Ingest ETH: Last=1884.0 Bid=1883.1 Ask=1883.8
[01:03:52] Ingest BTC-6MAR26-66000-C: Last=0.032 Bid=0.0315 Ask=0.0325
[01:03:52] Ingest QQQ: Last=600.73 Bid=None Ask=None
[01:03:52] Ingest BTC-6MAR26-65000-P: Last=0.0355 Bid=0.0355 Ask=0.036
[01:03:52] Ingest QQQ: Last=600.73 Bid=None Ask=None
[01:03:52] Ingest ETH.PERP: Last=1883.25 Bid=1883.25 Ask=1883.3
[01:03:52] Ingest QQQ: Last=600.73 Bid=None Ask=None
[01:03:52] Ingest QQQ: Last=600.73 Bid=None Ask=None
[01:03:52] Ingest QQQ: Last=600.739 Bid=None Ask=None
[01:03:52] Ingest QQQ: Last=600.74 Bid=None Ask=None
[01:03:52] Ingest QQQ: Last=600.739 Bid=None Ask=None
[01:03:52] Ingest QQQ: Last=600.74 Bid=None Ask=None
[01:03:52] Ingest BTC.PERP: Last=65322.5 Bid=65322.5 Ask=65323.0
[01:03:52] Ingest QQQ: Last=600.73 Bid=None Ask=None
[01:03:52] Ingest QQQ-20MAR26-601-C: Last=None Bid=15.92 Ask=None
[01:03:52] Ingest QQQ-20MAR26-601-C: Last=None Bid=None Ask=15.98
[01:03:52] Ingest BTC: Last=65364.0 Bid=65326.0 Ask=65365.0
[01:03:52] Ingest ETH: Last=1884.0 Bid=1883.1 Ask=1883.8
[01:03:52] Ingest QQQ-20MAR26-600-P: Last=None Bid=14.25 Ask=None
[01:03:52] Ingest QQQ-20MAR26-600-P: Last=None Bid=None Ask=14.32
[01:03:52] Ingest QQQ-20MAR26-600-P: Last=None Bid=None Ask=14.32
[01:03:52] Ingest QQQ-20MAR26-600-P: Last=None Bid=14.25 Ask=None
[01:03:52] Ingest BTC-6MAR26-65000-P: Last=0.0355 Bid=0.0355 Ask=0.036
[01:03:52] Ingest SPY-20MAR26-681-P: Last=None Bid=12.36 Ask=None
[01:03:52] Ingest SPY-20MAR26-681-P: Last=None Bid=None Ask=12.38
[01:03:52] Ingest SPY-20MAR26-681-P: Last=None Bid=12.35 Ask=None
[01:03:52] Ingest SPY-20MAR26-681-P: Last=None Bid=None Ask=12.38
[01:03:52] Ingest SPY: Last=681.87 Bid=None Ask=None
[01:03:52] Ingest SPY: Last=681.87 Bid=None Ask=None
[01:03:53] Ingest QQQ: Last=None Bid=None Ask=600.73
[01:03:53] Ingest QQQ: Last=None Bid=600.72 Ask=None
[01:03:53] Ingest ETH.PERP: Last=1883.25 Bid=1883.25 Ask=1883.3
[01:03:53] Ingest SPY: Last=681.87 Bid=None Ask=None
[01:03:53] Ingest SPY: Last=681.87 Bid=None Ask=None
[01:03:53] Ingest SPY: Last=681.87 Bid=None Ask=None
[01:03:53] Ingest SPY: Last=681.88 Bid=None Ask=None
[01:03:53] Ingest SPY: Last=681.88 Bid=None Ask=None
[01:03:53] Ingest SPY: Last=681.88 Bid=None Ask=None
[01:03:53] Ingest SPY: Last=681.88 Bid=None Ask=None
[01:03:53] Ingest SPY: Last=681.88 Bid=None Ask=None
[01:03:53] Ingest SPY: Last=681.88 Bid=None Ask=None
[01:03:53] Ingest SPY: Last=681.88 Bid=None Ask=None
[01:03:53] Ingest SPY: Last=681.87 Bid=None Ask=None
[01:03:53] Ingest SPY: Last=681.87 Bid=None Ask=None
[01:03:53] Ingest SPY: Last=681.87 Bid=None Ask=None
[01:03:53] Ingest SPY: Last=681.87 Bid=None Ask=None
[01:03:53] Ingest BTC.PERP: Last=65322.5 Bid=65322.5 Ask=65323.0
[01:03:53] Ingest ETH: Last=1884.0 Bid=1883.1 Ask=1883.9
[01:03:53] Ingest BTC: Last=65364.0 Bid=65326.0 Ask=65363.0
[01:03:53] Ingest SPY-20MAR26-682-C: Last=None Bid=13.5 Ask=None
[01:03:53] Ingest SPY-20MAR26-682-C: Last=None Bid=None Ask=13.55
[01:03:53] Ingest SPY: Last=None Bid=681.86 Ask=None
[01:03:53] Ingest SPY: Last=None Bid=None Ask=681.87
[01:03:53] Ingest ETH.PERP: Last=1883.25 Bid=1883.25 Ask=1883.3
[01:03:53] Ingest BTC.PERP: Last=65322.5 Bid=65322.5 Ask=65323.0
[01:03:53] Ingest BTC: Last=65364.0 Bid=65326.0 Ask=65363.0
[01:03:53] Ingest ETH.PERP: Last=1883.25 Bid=1883.25 Ask=1883.3
[01:03:53] Ingest BTC.PERP: Last=65322.5 Bid=65322.5 Ask=65323.0
[01:03:53] Ingest QQQ: Last=600.72 Bid=None Ask=None
[01:03:53] Ingest QQQ: Last=600.71 Bid=None Ask=None
[01:03:53] Ingest QQQ: Last=600.7 Bid=None Ask=None
[01:03:53] Ingest QQQ: Last=600.7 Bid=None Ask=None
[01:03:53] Ingest QQQ: Last=600.69 Bid=None Ask=None
[01:03:53] Ingest QQQ: Last=600.69 Bid=None Ask=None
[01:03:53] Ingest QQQ: Last=600.69 Bid=None Ask=None
[01:03:53] Ingest QQQ-20MAR26-601-C: Last=None Bid=None Ask=15.95
[01:03:53] Ingest QQQ-20MAR26-601-C: Last=None Bid=15.9 Ask=None
[01:03:53] Ingest BTC: Last=65364.0 Bid=65326.0 Ask=65363.0
[01:03:53] Ingest QQQ: Last=600.69 Bid=None Ask=None
[01:03:53] Ingest QQQ: Last=600.69 Bid=None Ask=None
[01:03:53] Ingest QQQ: Last=600.69 Bid=None Ask=None
[01:03:53] Ingest QQQ: Last=600.68 Bid=None Ask=None
[01:03:53] Ingest QQQ-20MAR26-600-P: Last=None Bid=14.28 Ask=None
[01:03:53] Ingest QQQ-20MAR26-600-P: Last=None Bid=None Ask=14.35
[01:03:53] Ingest QQQ-20MAR26-600-P: Last=None Bid=14.29 Ask=None
[01:03:53] Ingest QQQ-20MAR26-600-P: Last=None Bid=None Ask=14.36
[01:03:53] Ingest ETH-6MAR26-1900-C: Last=0.0515 Bid=0.042 Ask=0.043
[01:03:54] Ingest SPY-20MAR26-681-P: Last=None Bid=12.37 Ask=None
[01:03:54] Ingest SPY-20MAR26-681-P: Last=None Bid=None Ask=12.4
[01:03:54] Ingest SPY-20MAR26-681-P: Last=None Bid=None Ask=12.4
[01:03:54] Ingest SPY-20MAR26-681-P: Last=None Bid=12.38 Ask=None
[01:03:54] Ingest ETH.PERP: Last=1883.25 Bid=1883.55 Ask=1883.6
[01:03:54] Ingest SPY: Last=681.86 Bid=None Ask=None
[01:03:54] Ingest SPY: Last=681.865 Bid=None Ask=None
[01:03:54] Ingest SPY: Last=681.865 Bid=None Ask=None
[01:03:54] Ingest SPY: Last=681.855 Bid=None Ask=None
[01:03:54] Ingest BTC.PERP: Last=65322.5 Bid=65322.5 Ask=65323.0
[01:03:54] Ingest QQQ: Last=None Bid=None Ask=600.67
[01:03:54] Ingest QQQ: Last=None Bid=600.66 Ask=None
[01:03:54] Ingest SPY: Last=681.85 Bid=None Ask=None
[01:03:54] Ingest SPY: Last=681.85 Bid=None Ask=None
[01:03:54] Ingest SPY: Last=681.85 Bid=None Ask=None
[01:03:54] Ingest SPY: Last=681.85 Bid=None Ask=None
[01:03:54] Ingest ETH: Last=1884.0 Bid=1883.1 Ask=1884.0
[01:03:54] Ingest BTC: Last=65364.0 Bid=65325.0 Ask=65366.0
[01:03:54] Ingest SPY: Last=681.841 Bid=None Ask=None
[01:03:54] Ingest SPY: Last=681.835 Bid=None Ask=None
[01:03:54] Ingest SPY: Last=681.83 Bid=None Ask=None
[01:03:54] Ingest SPY: Last=681.83 Bid=None Ask=None
[01:03:54] Ingest SPY: Last=681.84 Bid=None Ask=None
[01:03:54] Ingest SPY: Last=681.84 Bid=None Ask=None
[01:03:54] Ingest SPY: Last=681.84 Bid=None Ask=None
[01:03:54] Ingest SPY: Last=681.85 Bid=None Ask=None
[01:03:54] Ingest SPY: Last=681.85 Bid=None Ask=None
[01:03:54] Ingest SPY: Last=681.85 Bid=None Ask=None
[01:03:54] Ingest SPY: Last=681.85 Bid=None Ask=None
[01:03:54] Ingest SPY: Last=681.85 Bid=None Ask=None
[01:03:54] Ingest SPY: Last=681.84 Bid=None Ask=None
[01:03:54] Ingest SPY: Last=681.839 Bid=None Ask=None
[01:03:54] Ingest SPY: Last=681.84 Bid=None Ask=None
[01:03:54] Ingest SPY: Last=681.84 Bid=None Ask=None
[01:03:54] Ingest SPY: Last=681.845 Bid=None Ask=None
[01:03:54] Ingest SPY: Last=681.845 Bid=None Ask=None
[01:03:54] Ingest SPY: Last=681.84 Bid=None Ask=None
[01:03:54] Ingest SPY: Last=681.84 Bid=None Ask=None
[01:03:54] Ingest SPY: Last=681.845 Bid=None Ask=None
[01:03:54] Ingest SPY: Last=681.84 Bid=None Ask=None
[01:03:54] Ingest SPY: Last=681.84 Bid=None Ask=None
[01:03:54] Ingest SPY: Last=681.84 Bid=None Ask=None
[01:03:54] Ingest SPY: Last=681.84 Bid=None Ask=None
[01:03:54] Ingest SPY: Last=681.84 Bid=None Ask=None
[01:03:54] Ingest SPY: Last=681.84 Bid=None Ask=None
[01:03:54] Ingest SPY: Last=681.84 Bid=None Ask=None
[01:03:54] Ingest SPY-20MAR26-682-C: Last=None Bid=13.48 Ask=None
[01:03:54] Ingest SPY-20MAR26-682-C: Last=None Bid=None Ask=13.53
[01:03:54] Ingest ETH.PERP: Last=1883.25 Bid=1883.35 Ask=1883.4
[01:03:54] Ingest SPY: Last=None Bid=None Ask=681.85
[01:03:54] Ingest SPY: Last=None Bid=681.84 Ask=None
[01:03:54] Ingest BTC.PERP: Last=65322.5 Bid=65322.5 Ask=65323.0
[01:03:54] Ingest ETH: Last=1884.0 Bid=1883.1 Ask=1883.9
[01:03:54] Ingest ETH.PERP: Last=1883.35 Bid=1883.25 Ask=1883.3
[01:03:54] Ingest BTC.PERP: Last=65322.5 Bid=65322.5 Ask=65323.0
[01:03:54] Ingest BTC: Last=65364.0 Bid=65326.0 Ask=65361.0
[01:03:54] Ingest QQQ-20MAR26-601-C: Last=None Bid=15.89 Ask=None
[01:03:54] Ingest QQQ-20MAR26-601-C: Last=None Bid=None Ask=15.95
[01:03:54] Ingest QQQ-20MAR26-601-C: Last=None Bid=None Ask=15.95
[01:03:54] Ingest QQQ-20MAR26-601-C: Last=None Bid=15.89 Ask=None
[01:03:54] Ingest QQQ: Last=600.67 Bid=None Ask=None
[01:03:54] Ingest QQQ: Last=600.67 Bid=None Ask=None
[01:03:54] Ingest QQQ: Last=600.675 Bid=None Ask=None
[01:03:54] Ingest QQQ: Last=600.68 Bid=None Ask=None
[01:03:54] Ingest QQQ: Last=600.68 Bid=None Ask=None
[01:03:54] Ingest QQQ: Last=600.68 Bid=None Ask=None
[01:03:54] Ingest QQQ: Last=600.685 Bid=None Ask=None
[01:03:54] Ingest BTC-6MAR26-66000-C: Last=0.032 Bid=0.0315 Ask=0.0325
[01:03:54] Ingest QQQ-20MAR26-600-P: Last=None Bid=14.28 Ask=None
[01:03:54] Ingest QQQ-20MAR26-600-P: Last=None Bid=None Ask=14.35
[01:03:55] Ingest QQQ-20MAR26-600-P: Last=None Bid=14.28 Ask=None
[01:03:55] Ingest QQQ-20MAR26-600-P: Last=None Bid=None Ask=14.35
[01:03:55] Ingest ETH.PERP: Last=1883.35 Bid=1883.25 Ask=1883.3
[01:03:55] Ingest BTC.PERP: Last=65322.5 Bid=65322.5 Ask=65323.0
[01:03:55] Ingest BTC: Last=65364.0 Bid=65326.0 Ask=65360.0
[01:03:55] Ingest ETH: Last=1884.0 Bid=1883.1 Ask=1883.9
[01:03:55] Ingest QQQ: Last=None Bid=None Ask=600.7
[01:03:55] Ingest QQQ: Last=None Bid=600.69 Ask=None
[01:03:55] Ingest BTC-6MAR26-66000-C: Last=0.032 Bid=0.0315 Ask=0.0325
[01:03:55] Ingest SPY: Last=681.84 Bid=None Ask=None
[01:03:55] Ingest SPY: Last=681.85 Bid=None Ask=None
[01:03:55] Ingest SPY: Last=681.85 Bid=None Ask=None
[01:03:55] Ingest SPY: Last=681.86 Bid=None Ask=None
[01:03:55] Ingest ETH.PERP: Last=1883.35 Bid=1883.25 Ask=1883.3
[01:03:55] Ingest SPY: Last=681.85 Bid=None Ask=None
[01:03:55] Ingest SPY-20MAR26-682-C: Last=None Bid=13.48 Ask=None
[01:03:55] Ingest SPY-20MAR26-682-C: Last=None Bid=None Ask=13.53
[01:03:55] Ingest SPY-20MAR26-682-C: Last=None Bid=None Ask=13.53
[01:03:55] Ingest SPY-20MAR26-682-C: Last=None Bid=13.49 Ask=None
[01:03:55] Ingest BTC.PERP: Last=65322.5 Bid=65322.5 Ask=65323.0
[01:03:55] Ingest SPY: Last=None Bid=681.85 Ask=None
[01:03:55] Ingest SPY: Last=None Bid=None Ask=681.86
[01:03:55] Ingest ETH.PERP: Last=1883.35 Bid=1883.25 Ask=1883.3
[01:03:55] Ingest BTC.PERP: Last=65322.5 Bid=65322.5 Ask=65323.0
[01:03:55] Ingest BTC: Last=65364.0 Bid=65326.0 Ask=65358.0
[01:03:55] Ingest QQQ-20MAR26-601-C: Last=None Bid=None Ask=15.96
[01:03:55] Ingest QQQ-20MAR26-601-C: Last=None Bid=15.9 Ask=None
[01:03:55] Ingest BTC-6MAR26-66000-C: Last=0.032 Bid=0.0315 Ask=0.0325
[01:03:55] Ingest QQQ: Last=600.695 Bid=None Ask=None
[01:03:55] Ingest QQQ: Last=600.7 Bid=None Ask=None
[01:03:55] Ingest QQQ: Last=600.7 Bid=None Ask=None
[01:03:55] Ingest ETH-6MAR26-1900-C: Last=0.0515 Bid=0.042 Ask=0.043
[01:03:55] Ingest QQQ: Last=600.7 Bid=None Ask=None
[01:03:55] Ingest QQQ: Last=600.7 Bid=None Ask=None
[01:03:55] Ingest QQQ: Last=600.7 Bid=None Ask=None
[01:03:55] Ingest QQQ: Last=600.7 Bid=None Ask=None
[01:03:55] Ingest QQQ: Last=600.7 Bid=None Ask=None
[01:03:55] Ingest QQQ: Last=600.695 Bid=None Ask=None
[01:03:55] Ingest QQQ: Last=600.7 Bid=None Ask=None
[01:03:55] Ingest QQQ: Last=600.7 Bid=None Ask=None
[01:03:56] Ingest QQQ: Last=600.7 Bid=None Ask=None
[01:03:56] Ingest QQQ: Last=600.7 Bid=None Ask=None
[01:03:56] Ingest QQQ: Last=600.7 Bid=None Ask=None
[01:03:56] Ingest QQQ: Last=600.7 Bid=None Ask=None
[01:03:56] Ingest QQQ: Last=600.7 Bid=None Ask=None
[01:03:56] Ingest QQQ: Last=600.7 Bid=None Ask=None
[01:03:56] Ingest QQQ: Last=600.7 Bid=None Ask=None
[01:03:56] Ingest QQQ: Last=600.7 Bid=None Ask=None
[01:03:56] Ingest QQQ: Last=600.7 Bid=None Ask=None
[01:03:56] Ingest QQQ: Last=600.7 Bid=None Ask=None
[01:03:56] Ingest QQQ: Last=600.7 Bid=None Ask=None
[01:03:56] Ingest QQQ: Last=600.695 Bid=None Ask=None
[01:03:56] Ingest ETH.PERP: Last=1883.35 Bid=1883.25 Ask=1883.3
[01:03:56] Ingest QQQ: Last=600.695 Bid=None Ask=None
[01:03:56] Ingest QQQ: Last=600.695 Bid=None Ask=None
[01:03:56] Ingest QQQ: Last=600.695 Bid=None Ask=None
[01:03:56] Ingest QQQ: Last=600.695 Bid=None Ask=None
[01:03:56] Ingest QQQ: Last=600.695 Bid=None Ask=None
[01:03:56] Ingest QQQ: Last=600.695 Bid=None Ask=None
[01:03:56] Ingest QQQ: Last=600.695 Bid=None Ask=None
[01:03:56] Ingest QQQ: Last=600.696 Bid=None Ask=None
[01:03:56] Ingest QQQ: Last=600.7 Bid=None Ask=None
[01:03:56] Ingest QQQ: Last=600.7 Bid=None Ask=None
[01:03:56] Ingest QQQ: Last=600.7 Bid=None Ask=None
[01:03:56] Ingest QQQ: Last=600.7 Bid=None Ask=None
[01:03:56] Ingest QQQ: Last=600.7 Bid=None Ask=None
[01:03:56] Ingest QQQ: Last=600.7 Bid=None Ask=None
[01:03:56] Ingest QQQ: Last=600.7 Bid=None Ask=None
[01:03:56] Ingest QQQ: Last=600.7 Bid=None Ask=None
[01:03:56] Ingest QQQ: Last=600.705 Bid=None Ask=None
[01:03:56] Ingest QQQ-20MAR26-600-P: Last=None Bid=14.27 Ask=None
[01:03:56] Ingest QQQ-20MAR26-600-P: Last=None Bid=None Ask=14.34
[01:03:56] Ingest QQQ-20MAR26-600-P: Last=None Bid=14.27 Ask=None
[01:03:56] Ingest QQQ: Last=600.705 Bid=None Ask=None
[01:03:56] Ingest QQQ: Last=600.705 Bid=None Ask=None
[01:03:56] Ingest QQQ: Last=600.705 Bid=None Ask=None
[01:03:56] Ingest QQQ: Last=600.71 Bid=None Ask=None
[01:03:56] Ingest QQQ: Last=600.7 Bid=None Ask=None
[01:03:56] Ingest QQQ: Last=600.7 Bid=None Ask=None
[01:03:56] Ingest QQQ: Last=600.7 Bid=None Ask=None
[01:03:56] Ingest QQQ: Last=600.7 Bid=None Ask=None
[01:03:56] Ingest BTC.PERP: Last=65322.5 Bid=65322.5 Ask=65323.0
[01:03:56] Ingest BTC: Last=65364.0 Bid=65319.0 Ask=65356.0
[01:03:56] Ingest ETH: Last=1884.0 Bid=1883.1 Ask=1883.7
[01:03:56] Ingest SPY-20MAR26-681-P: Last=None Bid=12.37 Ask=None
[01:03:56] Ingest SPY-20MAR26-681-P: Last=None Bid=None Ask=12.39
[01:03:56] Ingest SPY-20MAR26-681-P: Last=None Bid=None Ask=12.39
[01:03:56] Ingest SPY-20MAR26-681-P: Last=None Bid=12.36 Ask=None
[01:03:56] Ingest QQQ: Last=None Bid=600.7 Ask=None
[01:03:56] Ingest QQQ: Last=None Bid=None Ask=600.71
[01:03:56] Ingest ETH-6MAR26-1850-P: Last=0.0375 Bid=0.0385 Ask=0.04
[01:03:56] Ingest ETH.PERP: Last=1883.35 Bid=1883.25 Ask=1883.3
[01:03:56] Ingest SPY: Last=681.85 Bid=None Ask=None
[01:03:56] Ingest BTC.PERP: Last=65322.5 Bid=65322.5 Ask=65323.0
[01:03:56] Ingest SPY: Last=681.85 Bid=None Ask=None
[01:03:56] Ingest SPY: Last=681.84 Bid=None Ask=None
[01:03:56] Ingest SPY-20MAR26-682-C: Last=None Bid=13.49 Ask=None
[01:03:56] Ingest SPY-20MAR26-682-C: Last=None Bid=None Ask=13.54
[01:03:56] Ingest BTC: Last=65364.0 Bid=65319.0 Ask=65355.0
[01:03:56] Ingest ETH-6MAR26-1850-P: Last=0.0375 Bid=0.039 Ask=0.04
[01:03:56] Ingest SPY: Last=None Bid=None Ask=681.84
[01:03:56] Ingest ETH.PERP: Last=1883.35 Bid=1883.25 Ask=1883.3
[01:03:56] Ingest SPY: Last=None Bid=681.83 Ask=None
[01:03:56] Ingest BTC.PERP: Last=65322.5 Bid=65322.5 Ask=65323.0
[01:03:56] Ingest BTC: Last=65364.0 Bid=65320.0 Ask=65354.0
[01:03:57] Ingest ETH.PERP: Last=1883.35 Bid=1883.25 Ask=1883.3
[01:03:57] Ingest QQQ-20MAR26-601-C: Last=None Bid=None Ask=15.95
[01:03:57] Ingest QQQ-20MAR26-601-C: Last=None Bid=15.9 Ask=None
[01:03:57] Ingest BTC.PERP: Last=65322.5 Bid=65322.5 Ask=65323.0
[01:03:57] Ingest QQQ-20MAR26-600-P: Last=None Bid=14.27 Ask=None
[01:03:57] Ingest QQQ-20MAR26-600-P: Last=None Bid=None Ask=14.34
[01:03:57] Ingest QQQ-20MAR26-600-P: Last=None Bid=14.28 Ask=None
[01:03:57] Ingest QQQ-20MAR26-600-P: Last=None Bid=None Ask=14.34
[01:03:57] Ingest QQQ: Last=600.7 Bid=None Ask=None
[01:03:57] Ingest QQQ: Last=600.69 Bid=None Ask=None
[01:03:57] Ingest ETH: Last=1884.0 Bid=1883.1 Ask=1883.9
[01:03:57] Ingest QQQ: Last=600.675 Bid=None Ask=None
[01:03:57] Ingest QQQ: Last=600.675 Bid=None Ask=None
[01:03:57] Ingest SPY-20MAR26-681-P: Last=None Bid=None Ask=12.39
[01:03:57] Ingest SPY-20MAR26-681-P: Last=None Bid=12.37 Ask=None
[01:03:57] Ingest ETH.PERP: Last=1883.35 Bid=1883.25 Ask=1883.3
[01:03:57] Ingest BTC.PERP: Last=65322.5 Bid=65322.5 Ask=65323.0
[01:03:57] Ingest QQQ: Last=None Bid=None Ask=600.68
[01:03:57] Ingest QQQ: Last=None Bid=600.67 Ask=None
[01:03:57] Ingest SPY: Last=681.83 Bid=None Ask=None
[01:03:57] Ingest BTC: Last=65364.0 Bid=65320.0 Ask=65356.0
[01:03:57] Ingest SPY: Last=681.82 Bid=None Ask=None
[01:03:57] Ingest SPY: Last=681.82 Bid=None Ask=None
[01:03:57] Ingest SPY: Last=681.82 Bid=None Ask=None
[01:03:57] Ingest SPY: Last=681.82 Bid=None Ask=None
[01:03:57] Ingest SPY-20MAR26-682-C: Last=None Bid=13.48 Ask=None
[01:03:57] Ingest SPY-20MAR26-682-C: Last=None Bid=None Ask=13.53
[01:03:57] Ingest SPY-20MAR26-682-C: Last=None Bid=None Ask=13.53
[01:03:57] Ingest SPY-20MAR26-682-C: Last=None Bid=13.49 Ask=None
[01:03:57] Ingest SPY: Last=681.815 Bid=None Ask=None
[01:03:57] Ingest SPY: Last=681.815 Bid=None Ask=None
[01:03:57] Ingest SPY: Last=681.82 Bid=None Ask=None
[01:03:57] Ingest SPY: Last=681.82 Bid=None Ask=None
[01:03:57] Ingest SPY: Last=681.82 Bid=None Ask=None
[01:03:57] Ingest SPY: Last=681.82 Bid=None Ask=None
[01:03:57] Ingest SPY: Last=681.82 Bid=None Ask=None
[01:03:57] Ingest SPY: Last=681.82 Bid=None Ask=None
[01:03:57] Ingest SPY: Last=681.82 Bid=None Ask=None
[01:03:57] Ingest SPY: Last=681.82 Bid=None Ask=None
[01:03:57] Ingest SPY: Last=681.83 Bid=None Ask=None
[01:03:57] Ingest SPY: Last=681.83 Bid=None Ask=None
[01:03:57] Ingest SPY: Last=681.83 Bid=None Ask=None
[01:03:57] Ingest SPY: Last=681.83 Bid=None Ask=None
[01:03:57] Ingest SPY: Last=681.83 Bid=None Ask=None
[01:03:57] Ingest SPY: Last=681.83 Bid=None Ask=None
[01:03:57] Ingest SPY: Last=681.83 Bid=None Ask=None
[01:03:57] Ingest SPY: Last=681.83 Bid=None Ask=None
[01:03:57] Ingest SPY: Last=681.83 Bid=None Ask=None
[01:03:57] Ingest ETH.PERP: Last=1883.35 Bid=1883.25 Ask=1883.3
[01:03:57] Ingest BTC.PERP: Last=65322.0 Bid=65322.0 Ask=65322.5
[01:03:57] Ingest SPY: Last=None Bid=681.82 Ask=None
[01:03:57] Ingest SPY: Last=None Bid=None Ask=681.83
[01:03:57] Ingest BTC: Last=65364.0 Bid=65320.0 Ask=65356.0
[01:03:58] Ingest ETH.PERP: Last=1883.35 Bid=1883.25 Ask=1883.3
[01:03:58] Ingest QQQ-20MAR26-601-C: Last=None Bid=15.88 Ask=None
[01:03:58] Ingest QQQ-20MAR26-601-C: Last=None Bid=None Ask=15.94
[01:03:58] Ingest QQQ-20MAR26-601-C: Last=None Bid=None Ask=15.94
[01:03:58] Ingest BTC.PERP: Last=65322.0 Bid=65322.0 Ask=65322.5
[01:03:58] Ingest QQQ-20MAR26-600-P: Last=None Bid=14.29 Ask=None
[01:03:58] Ingest QQQ-20MAR26-600-P: Last=None Bid=None Ask=14.36
[01:03:58] Ingest BTC: Last=65364.0 Bid=65320.0 Ask=65357.0
[01:03:58] Ingest QQQ: Last=600.68 Bid=None Ask=None
[01:03:58] Ingest QQQ: Last=600.675 Bid=None Ask=None
[01:03:58] Ingest QQQ: Last=600.675 Bid=None Ask=None
[01:03:58] Ingest QQQ: Last=600.675 Bid=None Ask=None
[01:03:58] Ingest QQQ: Last=600.675 Bid=None Ask=None
[01:03:58] Ingest QQQ: Last=600.675 Bid=None Ask=None
[01:03:58] Ingest QQQ: Last=600.65 Bid=None Ask=None
[01:03:58] Ingest QQQ: Last=600.65 Bid=None Ask=None
[01:03:58] Ingest QQQ: Last=600.65 Bid=None Ask=None
[01:03:58] Ingest QQQ: Last=600.65 Bid=None Ask=None
[01:03:58] Ingest QQQ: Last=600.65 Bid=None Ask=None
[01:03:58] Ingest QQQ: Last=600.65 Bid=None Ask=None
[01:03:58] Ingest QQQ: Last=600.65 Bid=None Ask=None
[01:03:58] Ingest QQQ: Last=600.66 Bid=None Ask=None
[01:03:58] Ingest QQQ: Last=600.66 Bid=None Ask=None
[01:03:58] Ingest QQQ: Last=600.66 Bid=None Ask=None
[01:03:58] Ingest QQQ: Last=600.67 Bid=None Ask=None
[01:03:58] Ingest QQQ: Last=600.67 Bid=None Ask=None
[01:03:58] Ingest QQQ: Last=600.67 Bid=None Ask=None
[01:03:58] Ingest QQQ: Last=600.67 Bid=None Ask=None
[01:03:58] Ingest QQQ: Last=600.66 Bid=None Ask=None
[01:03:58] Ingest QQQ: Last=600.66 Bid=None Ask=None
[01:03:58] Ingest QQQ: Last=600.66 Bid=None Ask=None
[01:03:58] Ingest QQQ: Last=600.66 Bid=None Ask=None
[01:03:58] Ingest QQQ: Last=600.66 Bid=None Ask=None
[01:03:58] Ingest QQQ: Last=600.66 Bid=None Ask=None
[01:03:58] Ingest QQQ: Last=600.65 Bid=None Ask=None
[01:03:58] Ingest QQQ: Last=600.65 Bid=None Ask=None
[01:03:58] Ingest QQQ: Last=600.65 Bid=None Ask=None
[01:03:58] Ingest QQQ: Last=600.65 Bid=None Ask=None
[01:03:58] Ingest QQQ: Last=600.65 Bid=None Ask=None
[01:03:58] Ingest QQQ: Last=600.65 Bid=None Ask=None
[01:03:58] Ingest QQQ: Last=600.65 Bid=None Ask=None
[01:03:58] Ingest QQQ: Last=600.65 Bid=None Ask=None
[01:03:58] Ingest QQQ: Last=600.65 Bid=None Ask=None
[01:03:58] Ingest SPY-20MAR26-681-P: Last=None Bid=12.38 Ask=None
[01:03:58] Ingest SPY-20MAR26-681-P: Last=None Bid=None Ask=12.41
[01:03:58] Ingest ETH.PERP: Last=1883.35 Bid=1883.25 Ask=1883.3
[01:03:58] Ingest SPY-20MAR26-681-P: Last=None Bid=12.38 Ask=None
[01:03:58] Ingest SPY-20MAR26-681-P: Last=None Bid=None Ask=12.41
[01:03:58] Ingest BTC.PERP: Last=65322.0 Bid=65322.0 Ask=65322.5
[01:03:58] Ingest BTC: Last=65364.0 Bid=65320.0 Ask=65357.0
[01:03:58] Ingest QQQ: Last=None Bid=600.64 Ask=None
[01:03:58] Ingest QQQ: Last=None Bid=None Ask=600.65
[01:03:58] Ingest SPY-20MAR26-682-C: Last=None Bid=13.48 Ask=None
[01:03:58] Ingest SPY-20MAR26-682-C: Last=None Bid=None Ask=13.52
[01:03:58] Ingest ETH.PERP: Last=1883.35 Bid=1883.25 Ask=1883.3
[01:03:58] Ingest BTC-6MAR26-65000-P: Last=0.0355 Bid=0.0355 Ask=0.036
[01:03:58] Ingest BTC.PERP: Last=65322.0 Bid=65322.0 Ask=65322.5
[01:03:58] Ingest ETH: Last=1884.0 Bid=1883.1 Ask=1883.9
[01:03:58] Ingest BTC: Last=65364.0 Bid=65320.0 Ask=65359.0
[01:03:58] Ingest SPY: Last=None Bid=681.81 Ask=None
[01:03:58] Ingest SPY: Last=None Bid=None Ask=681.82
[01:03:58] Ingest ETH.PERP: Last=1883.35 Bid=1883.25 Ask=1883.3
[01:03:59] Ingest BTC.PERP: Last=65322.0 Bid=65322.0 Ask=65322.5
[01:03:59] Ingest ETH: Last=1884.0 Bid=1883.1 Ask=1883.9
[01:03:59] Ingest BTC: Last=65364.0 Bid=65320.0 Ask=65358.0
[01:03:59] Ingest QQQ-20MAR26-601-C: Last=None Bid=15.88 Ask=None
[01:03:59] Ingest QQQ-20MAR26-601-C: Last=None Bid=None Ask=15.94
[01:03:59] Ingest QQQ-20MAR26-601-C: Last=None Bid=15.88 Ask=None
[01:03:59] Ingest QQQ-20MAR26-601-C: Last=None Bid=None Ask=15.94
[01:03:59] Ingest QQQ-20MAR26-600-P: Last=None Bid=14.3 Ask=None
[01:03:59] Ingest QQQ-20MAR26-600-P: Last=None Bid=None Ask=14.37
[01:03:59] Ingest QQQ: Last=600.66 Bid=None Ask=None
[01:03:59] Ingest QQQ: Last=600.64 Bid=None Ask=None
[01:03:59] Ingest QQQ: Last=600.64 Bid=None Ask=None
[01:03:59] Ingest QQQ: Last=600.64 Bid=None Ask=None
[01:03:59] Ingest QQQ: Last=600.64 Bid=None Ask=None
[01:03:59] Ingest QQQ: Last=600.64 Bid=None Ask=None
[01:03:59] Ingest QQQ: Last=600.64 Bid=None Ask=None
[01:03:59] Ingest ETH.PERP: Last=1883.35 Bid=1883.25 Ask=1883.3
[01:03:59] Ingest QQQ: Last=600.64 Bid=None Ask=None
[01:03:59] Ingest QQQ: Last=600.64 Bid=None Ask=None
[01:03:59] Ingest QQQ: Last=600.64 Bid=None Ask=None
[01:03:59] Ingest QQQ: Last=600.64 Bid=None Ask=None
[01:03:59] Ingest QQQ: Last=600.64 Bid=None Ask=None
[01:03:59] Ingest QQQ: Last=600.64 Bid=None Ask=None
[01:03:59] Ingest QQQ: Last=600.64 Bid=None Ask=None
[01:03:59] Ingest QQQ: Last=600.64 Bid=None Ask=None
[01:03:59] Ingest QQQ: Last=600.65 Bid=None Ask=None
[01:03:59] Ingest QQQ: Last=600.645 Bid=None Ask=None
[01:03:59] Ingest QQQ: Last=600.645 Bid=None Ask=None
[01:03:59] Ingest QQQ: Last=600.645 Bid=None Ask=None
[01:03:59] Ingest QQQ: Last=600.645 Bid=None Ask=None
[01:03:59] Ingest QQQ: Last=600.645 Bid=None Ask=None
[01:03:59] Ingest QQQ: Last=600.645 Bid=None Ask=None
[01:03:59] Ingest BTC.PERP: Last=65322.0 Bid=65322.0 Ask=65322.5
[01:03:59] Ingest QQQ: Last=600.64 Bid=None Ask=None
[01:03:59] Ingest BTC: Last=65364.0 Bid=65319.0 Ask=65359.0
[01:03:59] Ingest ETH: Last=1884.0 Bid=1883.1 Ask=1883.8
[01:03:59] Ingest SPY-20MAR26-681-P: Last=None Bid=12.39 Ask=None
[01:03:59] Ingest SPY-20MAR26-681-P: Last=None Bid=None Ask=12.41
[01:03:59] Ingest SPY-20MAR26-681-P: Last=None Bid=None Ask=12.41
[01:03:59] Ingest SPY-20MAR26-681-P: Last=None Bid=12.39 Ask=None
[01:03:59] Ingest QQQ: Last=None Bid=600.63 Ask=None
[01:03:59] Ingest QQQ: Last=None Bid=None Ask=600.64
[01:03:59] Ingest SPY: Last=681.825 Bid=None Ask=None
[01:03:59] Ingest SPY: Last=681.82 Bid=None Ask=None
[01:03:59] Ingest SPY: Last=681.82 Bid=None Ask=None
[01:03:59] Ingest SPY: Last=681.82 Bid=None Ask=None
[01:03:59] Ingest SPY: Last=681.815 Bid=None Ask=None
[01:03:59] Ingest SPY: Last=681.815 Bid=None Ask=None
[01:03:59] Ingest SPY: Last=681.815 Bid=None Ask=None
[01:03:59] Ingest SPY: Last=681.815 Bid=None Ask=None
[01:03:59] Ingest SPY: Last=681.815 Bid=None Ask=None
[01:03:59] Ingest SPY: Last=681.815 Bid=None Ask=None
[01:03:59] Ingest SPY: Last=681.815 Bid=None Ask=None
[01:03:59] Ingest SPY: Last=681.815 Bid=None Ask=None
[01:03:59] Ingest SPY: Last=681.815 Bid=None Ask=None
[01:03:59] Ingest SPY: Last=681.815 Bid=None Ask=None
[01:03:59] Ingest SPY: Last=681.815 Bid=None Ask=None
[01:03:59] Ingest SPY: Last=681.815 Bid=None Ask=None
[01:03:59] Ingest SPY: Last=681.815 Bid=None Ask=None
[01:03:59] Ingest SPY: Last=681.815 Bid=None Ask=None
[01:03:59] Ingest SPY: Last=681.815 Bid=None Ask=None
[01:03:59] Ingest SPY: Last=681.815 Bid=None Ask=None
[01:03:59] Ingest SPY: Last=681.815 Bid=None Ask=None
[01:03:59] Ingest SPY: Last=681.815 Bid=None Ask=None
[01:03:59] Ingest SPY: Last=681.815 Bid=None Ask=None
[01:03:59] Ingest SPY: Last=681.815 Bid=None Ask=None
[01:03:59] Ingest SPY: Last=681.815 Bid=None Ask=None
[01:03:59] Ingest SPY: Last=681.815 Bid=None Ask=None
[01:03:59] Ingest SPY: Last=681.815 Bid=None Ask=None
[01:03:59] Ingest SPY: Last=681.815 Bid=None Ask=None
[01:03:59] Ingest SPY: Last=681.815 Bid=None Ask=None
[01:03:59] Ingest SPY: Last=681.815 Bid=None Ask=None
[01:03:59] Ingest SPY: Last=681.82 Bid=None Ask=None
[01:03:59] Ingest SPY: Last=681.815 Bid=None Ask=None
[01:03:59] Ingest SPY: Last=681.815 Bid=None Ask=None
[01:03:59] Ingest SPY: Last=681.815 Bid=None Ask=None
[01:03:59] Ingest SPY: Last=681.811 Bid=None Ask=None
[01:03:59] Ingest ETH.PERP: Last=1883.35 Bid=1883.25 Ask=1883.3
[01:03:59] Ingest SPY: Last=681.815 Bid=None Ask=None
[01:03:59] Ingest SPY: Last=681.815 Bid=None Ask=None
[01:03:59] Ingest SPY-20MAR26-682-C: Last=None Bid=13.48 Ask=None
[01:03:59] Ingest SPY-20MAR26-682-C: Last=None Bid=None Ask=13.52
[01:03:59] Ingest SPY-20MAR26-682-C: Last=None Bid=None Ask=13.52
[01:03:59] Ingest SPY-20MAR26-682-C: Last=None Bid=13.48 Ask=None
[01:03:59] Ingest SPY: Last=681.815 Bid=None Ask=None
[01:03:59] Ingest SPY: Last=681.819 Bid=None Ask=None
[01:03:59] Ingest SPY: Last=681.818 Bid=None Ask=None
[01:03:59] Ingest SPY: Last=681.819 Bid=None Ask=None
[01:03:59] Ingest SPY: Last=681.82 Bid=None Ask=None
[01:03:59] Ingest SPY: Last=681.81 Bid=None Ask=None
[01:03:59] Ingest SPY: Last=681.81 Bid=None Ask=None
[01:03:59] Ingest SPY: Last=681.81 Bid=None Ask=None
[01:03:59] Ingest SPY: Last=681.81 Bid=None Ask=None
[01:03:59] Ingest BTC.PERP: Last=65322.0 Bid=65322.0 Ask=65322.5
[01:03:59] Ingest SPY: Last=None Bid=681.8 Ask=None
[01:03:59] Ingest SPY: Last=None Bid=None Ask=681.81
[01:03:59] Ingest ETH.PERP: Last=1883.35 Bid=1883.25 Ask=1883.3
[01:04:00] Ingest BTC.PERP: Last=65322.0 Bid=65322.0 Ask=65322.5
[01:04:00] Ingest ETH: Last=1884.0 Bid=1883.1 Ask=1883.8
[01:04:00] Ingest BTC: Last=65364.0 Bid=65320.0 Ask=65357.0
[01:04:00] Ingest QQQ-20MAR26-601-C: Last=None Bid=15.88 Ask=None
[01:04:00] Ingest QQQ-20MAR26-601-C: Last=None Bid=None Ask=15.93
[01:04:00] Ingest QQQ-20MAR26-600-P: Last=None Bid=14.3 Ask=None
[01:04:00] Ingest QQQ-20MAR26-600-P: Last=None Bid=None Ask=14.37
[01:04:00] Ingest QQQ-20MAR26-600-P: Last=None Bid=None Ask=14.35
[01:04:00] Ingest QQQ-20MAR26-600-P: Last=None Bid=14.3 Ask=None
[01:04:00] Ingest ETH.PERP: Last=1883.35 Bid=1883.25 Ask=1883.3
[01:04:00] Ingest BTC.PERP: Last=65322.0 Bid=65322.0 Ask=65322.5
[01:04:00] Ingest QQQ: Last=600.63 Bid=None Ask=None
[01:04:00] Ingest QQQ: Last=600.63 Bid=None Ask=None
[01:04:00] Ingest QQQ: Last=600.63 Bid=None Ask=None
[01:04:00] Ingest QQQ: Last=600.63 Bid=None Ask=None
[01:04:00] Ingest QQQ: Last=600.63 Bid=None Ask=None
[01:04:00] Ingest QQQ: Last=600.64 Bid=None Ask=None
[01:04:00] Ingest QQQ: Last=600.642 Bid=None Ask=None
[01:04:00] Ingest QQQ: Last=600.644 Bid=None Ask=None
[01:04:00] Ingest BTC: Last=65364.0 Bid=65319.0 Ask=65359.0
[01:04:00] Ingest ETH: Last=1884.0 Bid=1883.1 Ask=1883.8
[01:04:00] Ingest QQQ: Last=600.655 Bid=None Ask=None
[01:04:00] Ingest QQQ: Last=600.655 Bid=None Ask=None
[01:04:00] Ingest QQQ: Last=600.655 Bid=None Ask=None
[01:04:00] Ingest QQQ: Last=600.655 Bid=None Ask=None
[01:04:00] Ingest QQQ: Last=600.65 Bid=None Ask=None
[01:04:00] Ingest QQQ: Last=600.66 Bid=None Ask=None
[01:04:00] Ingest QQQ: Last=600.64 Bid=None Ask=None
[01:04:00] Ingest QQQ: Last=600.64 Bid=None Ask=None
[01:04:00] Ingest QQQ: Last=600.63 Bid=None Ask=None
[01:04:00] Ingest QQQ: Last=600.63 Bid=None Ask=None
[01:04:00] Ingest QQQ: Last=600.63 Bid=None Ask=None
[01:04:00] Ingest QQQ: Last=600.63 Bid=None Ask=None
[01:04:00] Ingest QQQ: Last=600.635 Bid=None Ask=None
[01:04:00] Ingest SPY-20MAR26-681-P: Last=None Bid=12.39 Ask=None
[01:04:00] Ingest SPY-20MAR26-681-P: Last=None Bid=None Ask=12.41
[01:04:00] Ingest SPY-20MAR26-681-P: Last=None Bid=None Ask=12.41
[01:04:00] Ingest SPY-20MAR26-681-P: Last=None Bid=12.39 Ask=None
[01:04:00] Ingest ETH.PERP: Last=1883.35 Bid=1883.25 Ask=1883.3
[01:04:00] Ingest BTC.PERP: Last=65321.5 Bid=65321.5 Ask=65322.0
[01:04:00] Ingest SPY-20MAR26-682-C: Last=None Bid=13.47 Ask=None
[01:04:00] Ingest SPY-20MAR26-682-C: Last=None Bid=None Ask=13.51
[01:04:00] Ingest SPY: Last=681.805 Bid=None Ask=None
[01:04:00] Ingest QQQ: Last=None Bid=600.64 Ask=None
[01:04:00] Ingest QQQ: Last=None Bid=None Ask=600.65
[01:04:00] Ingest SPY: Last=681.81 Bid=None Ask=None
[01:04:00] Ingest SPY: Last=681.811 Bid=None Ask=None
[01:04:00] Ingest SPY: Last=681.82 Bid=None Ask=None
[01:04:00] Ingest SPY: Last=681.82 Bid=None Ask=None
[01:04:00] Ingest SPY: Last=681.82 Bid=None Ask=None
[01:04:00] Ingest SPY: Last=681.82 Bid=None Ask=None
[01:04:00] Ingest SPY: Last=681.82 Bid=None Ask=None
[01:04:00] Ingest SPY: Last=681.82 Bid=None Ask=None
[01:04:00] Ingest SPY: Last=681.82 Bid=None Ask=None
[01:04:00] Ingest SPY: Last=681.82 Bid=None Ask=None
[01:04:00] Ingest SPY: Last=681.82 Bid=None Ask=None
[01:04:00] Ingest SPY: Last=681.82 Bid=None Ask=None
[01:04:00] Ingest SPY: Last=681.81 Bid=None Ask=None
[01:04:00] Ingest SPY: Last=681.8 Bid=None Ask=None
[01:04:00] Ingest SPY: Last=681.8 Bid=None Ask=None
[01:04:00] Ingest SPY: Last=681.8 Bid=None Ask=None
[01:04:00] Ingest SPY: Last=681.8 Bid=None Ask=None
[01:04:00] Ingest SPY: Last=681.8 Bid=None Ask=None
[01:04:00] Ingest SPY: Last=681.8 Bid=None Ask=None
[01:04:00] Ingest SPY: Last=681.8 Bid=None Ask=None
[01:04:00] Ingest SPY: Last=681.8 Bid=None Ask=None
[01:04:00] Ingest SPY: Last=681.8 Bid=None Ask=None
[01:04:00] Ingest SPY: Last=681.8 Bid=None Ask=None
[01:04:00] Ingest SPY: Last=681.8 Bid=None Ask=None
[01:04:00] Ingest SPY: Last=681.795 Bid=None Ask=None
[01:04:00] Ingest ETH.PERP: Last=1883.35 Bid=1883.25 Ask=1883.3
[01:04:01] Ingest SPY: Last=None Bid=None Ask=681.82
[01:04:01] Ingest SPY: Last=None Bid=681.81 Ask=None
[01:04:01] Ingest BTC.PERP: Last=65321.5 Bid=65321.5 Ask=65322.0
[01:04:01] Ingest QQQ-20MAR26-601-C: Last=None Bid=15.87 Ask=None
[01:04:01] Ingest QQQ-20MAR26-601-C: Last=None Bid=None Ask=15.93
[01:04:01] Ingest QQQ-20MAR26-600-P: Last=None Bid=14.3 Ask=None
[01:04:01] Ingest ETH.PERP: Last=1883.35 Bid=1883.25 Ask=1883.3
[01:04:01] Ingest BTC.PERP: Last=65321.5 Bid=65321.5 Ask=65322.0
[01:04:01] Ingest QQQ: Last=600.64 Bid=None Ask=None
[01:04:01] Ingest QQQ: Last=600.64 Bid=None Ask=None
[01:04:01] Ingest QQQ: Last=600.64 Bid=None Ask=None
[01:04:01] Ingest QQQ: Last=600.64 Bid=None Ask=None
[01:04:01] Ingest QQQ: Last=600.64 Bid=None Ask=None
[01:04:01] Ingest ETH.PERP: Last=1883.35 Bid=1883.25 Ask=1883.3
[01:04:01] Ingest QQQ: Last=600.64 Bid=None Ask=None
[01:04:01] Ingest QQQ: Last=600.64 Bid=None Ask=None
[01:04:01] Ingest QQQ: Last=600.63 Bid=None Ask=None
[01:04:01] Ingest QQQ: Last=600.63 Bid=None Ask=None
[01:04:01] Ingest QQQ: Last=600.63 Bid=None Ask=None
[01:04:01] Ingest QQQ: Last=600.63 Bid=None Ask=None
[01:04:01] Ingest QQQ: Last=600.62 Bid=None Ask=None
[01:04:01] Ingest QQQ: Last=600.62 Bid=None Ask=None
[01:04:01] Ingest QQQ: Last=600.62 Bid=None Ask=None
[01:04:01] Ingest QQQ: Last=600.62 Bid=None Ask=None
[01:04:01] Ingest QQQ: Last=600.63 Bid=None Ask=None
[01:04:01] Ingest QQQ: Last=600.65 Bid=None Ask=None
[01:04:01] Ingest QQQ: Last=600.65 Bid=None Ask=None
[01:04:01] Ingest QQQ: Last=600.65 Bid=None Ask=None
[01:04:01] Ingest QQQ: Last=600.65 Bid=None Ask=None
[01:04:01] Ingest QQQ: Last=600.65 Bid=None Ask=None
[01:04:01] Ingest QQQ: Last=600.65 Bid=None Ask=None
[01:04:01] Ingest QQQ: Last=600.65 Bid=None Ask=None
[01:04:01] Ingest QQQ: Last=600.65 Bid=None Ask=None
[01:04:01] Ingest QQQ: Last=600.65 Bid=None Ask=None
[01:04:01] Ingest QQQ: Last=600.65 Bid=None Ask=None
[01:04:01] Ingest QQQ: Last=600.65 Bid=None Ask=None
[01:04:01] Ingest QQQ: Last=600.65 Bid=None Ask=None
[01:04:01] Ingest QQQ: Last=600.65 Bid=None Ask=None
[01:04:01] Ingest BTC.PERP: Last=65321.5 Bid=65321.5 Ask=65322.0
[01:04:01] Ingest QQQ: Last=600.66 Bid=None Ask=None
[01:04:01] Ingest QQQ: Last=600.66 Bid=None Ask=None
[01:04:01] Ingest QQQ: Last=600.66 Bid=None Ask=None
[01:04:01] Ingest QQQ: Last=600.68 Bid=None Ask=None
[01:04:01] Ingest QQQ: Last=600.68 Bid=None Ask=None
[01:04:01] Ingest QQQ: Last=600.68 Bid=None Ask=None
[01:04:01] Ingest QQQ: Last=600.68 Bid=None Ask=None
[01:04:01] Ingest QQQ: Last=600.68 Bid=None Ask=None
[01:04:01] Ingest SPY-20MAR26-681-P: Last=None Bid=12.39 Ask=None
[01:04:01] Ingest SPY-20MAR26-681-P: Last=None Bid=None Ask=12.42
[01:04:01] Ingest SPY-20MAR26-681-P: Last=None Bid=12.38 Ask=None
[01:04:01] Ingest SPY-20MAR26-681-P: Last=None Bid=None Ask=12.41
[01:04:01] Ingest QQQ: Last=600.68 Bid=None Ask=None
[01:04:01] Ingest ETH-6MAR26-1900-C: Last=0.0515 Bid=0.042 Ask=0.043
[01:04:01] Ingest ETH: Last=1884.0 Bid=1883.0 Ask=1883.8
[01:04:01] Ingest BTC: Last=65364.0 Bid=65320.0 Ask=65356.0
[01:04:01] Ingest SPY-20MAR26-682-C: Last=None Bid=13.47 Ask=None
[01:04:01] Ingest SPY-20MAR26-682-C: Last=None Bid=None Ask=13.52
[01:04:01] Ingest SPY-20MAR26-682-C: Last=None Bid=13.48 Ask=None
[01:04:01] Ingest SPY-20MAR26-682-C: Last=None Bid=None Ask=13.53
[01:04:01] Ingest QQQ: Last=None Bid=None Ask=600.69
[01:04:01] Ingest QQQ: Last=None Bid=600.68 Ask=None
[01:04:01] Ingest SPY: Last=681.8 Bid=None Ask=None
[01:04:01] Ingest SPY: Last=681.8 Bid=None Ask=None
[01:04:01] Ingest SPY: Last=681.8 Bid=None Ask=None
[01:04:01] Ingest SPY: Last=681.795 Bid=None Ask=None
[01:04:01] Ingest SPY: Last=681.795 Bid=None Ask=None
[01:04:01] Ingest ETH.PERP: Last=1883.35 Bid=1883.25 Ask=1883.3
[01:04:01] Ingest SPY: Last=681.79 Bid=None Ask=None
[01:04:01] Ingest SPY: Last=681.79 Bid=None Ask=None
[01:04:01] Ingest SPY: Last=681.785 Bid=None Ask=None
[01:04:01] Ingest SPY: Last=681.785 Bid=None Ask=None
[01:04:01] Ingest SPY: Last=681.78 Bid=None Ask=None
[01:04:01] Ingest SPY: Last=681.78 Bid=None Ask=None
[01:04:01] Ingest BTC.PERP: Last=65321.5 Bid=65320.0 Ask=65320.5
[01:04:01] Ingest SPY: Last=681.78 Bid=None Ask=None
[01:04:02] Ingest SPY: Last=681.78 Bid=None Ask=None
[01:04:02] Ingest SPY: Last=681.78 Bid=None Ask=None
[01:04:02] Ingest SPY: Last=681.78 Bid=None Ask=None
[01:04:02] Ingest SPY: Last=681.78 Bid=None Ask=None
[01:04:02] Ingest SPY: Last=681.79 Bid=None Ask=None
[01:04:02] Ingest SPY: Last=681.79 Bid=None Ask=None
[01:04:02] Ingest SPY: Last=681.79 Bid=None Ask=None
[01:04:02] Ingest SPY: Last=681.785 Bid=None Ask=None
[01:04:02] Ingest BTC-6MAR26-65000-P: Last=0.0355 Bid=0.0355 Ask=0.0365
[01:04:02] Ingest SPY: Last=681.81 Bid=None Ask=None
[01:04:02] Ingest SPY: Last=681.81 Bid=None Ask=None
[01:04:02] Ingest SPY: Last=681.81 Bid=None Ask=None
[01:04:02] Ingest ETH-6MAR26-1850-P: Last=0.0375 Bid=0.039 Ask=0.04
[01:04:02] Ingest SPY: Last=681.82 Bid=None Ask=None
[01:04:02] Ingest BTC: Last=65364.0 Bid=65304.0 Ask=65348.0
[01:04:02] Ingest ETH: Last=1884.0 Bid=1882.4 Ask=1883.4
[01:04:02] Ingest SPY: Last=681.815 Bid=None Ask=None
[01:04:02] Ingest SPY: Last=681.83 Bid=None Ask=None
[01:04:02] Ingest QQQ-20MAR26-601-C: Last=None Bid=15.88 Ask=None
[01:04:02] Ingest QQQ-20MAR26-601-C: Last=None Bid=None Ask=15.94
[01:04:02] Ingest QQQ-20MAR26-601-C: Last=None Bid=None Ask=15.95
[01:04:02] Ingest QQQ-20MAR26-601-C: Last=None Bid=15.89 Ask=None
[01:04:02] Ingest SPY: Last=None Bid=None Ask=681.83
[01:04:02] Ingest SPY: Last=None Bid=681.82 Ask=None
[01:04:02] Ingest QQQ-20MAR26-600-P: Last=None Bid=14.28 Ask=None
[01:04:02] Ingest QQQ-20MAR26-600-P: Last=None Bid=None Ask=14.35
[01:04:02] Ingest ETH.PERP: Last=1883.25 Bid=1882.65 Ask=1882.7
[01:04:02] Ingest BTC.PERP: Last=65320.0 Bid=65305.5 Ask=65306.0
[01:04:02] Ingest BTC: Last=65364.0 Bid=65303.0 Ask=65342.0
[01:04:02] Ingest ETH: Last=1884.0 Bid=1882.4 Ask=1883.2
[01:04:02] Ingest BTC-6MAR26-65000-P: Last=0.0355 Bid=0.0355 Ask=0.0365
[01:04:02] Ingest ETH-6MAR26-1850-P: Last=0.0375 Bid=0.039 Ask=0.04
[01:04:02] Ingest ETH-6MAR26-1900-C: Last=0.0515 Bid=0.042 Ask=0.043
[01:04:02] Ingest ETH.PERP: Last=1883.25 Bid=1882.3 Ask=1882.35
[01:04:02] Ingest BTC.PERP: Last=65320.0 Bid=65301.5 Ask=65302.0
[01:04:02] Ingest BTC-6MAR26-66000-C: Last=0.032 Bid=0.0315 Ask=0.0325
[01:04:02] Ingest QQQ: Last=600.69 Bid=None Ask=None
[01:04:02] Ingest QQQ: Last=600.7 Bid=None Ask=None
[01:04:02] Ingest QQQ: Last=600.7 Bid=None Ask=None
[01:04:02] Ingest BTC-6MAR26-65000-P: Last=0.0355 Bid=0.0355 Ask=0.0365
[01:04:02] Ingest BTC: Last=65364.0 Bid=65303.0 Ask=65334.0
[01:04:02] Ingest QQQ: Last=600.7 Bid=None Ask=None
[01:04:02] Ingest QQQ: Last=600.7 Bid=None Ask=None
[01:04:02] Ingest QQQ: Last=600.71 Bid=None Ask=None
[01:04:02] Ingest QQQ: Last=600.71 Bid=None Ask=None
[01:04:02] Ingest QQQ: Last=600.71 Bid=None Ask=None
[01:04:02] Ingest QQQ: Last=600.71 Bid=None Ask=None
[01:04:02] Ingest QQQ: Last=600.71 Bid=None Ask=None
[01:04:02] Ingest QQQ: Last=600.705 Bid=None Ask=None
[01:04:02] Ingest QQQ: Last=600.7 Bid=None Ask=None
[01:04:02] Ingest QQQ: Last=600.7 Bid=None Ask=None
[01:04:02] Ingest ETH-6MAR26-1850-P: Last=0.0375 Bid=0.039 Ask=0.04
[01:04:02] Ingest ETH-6MAR26-1900-C: Last=0.0515 Bid=0.042 Ask=0.043
[01:04:02] Ingest QQQ: Last=600.71 Bid=None Ask=None
[01:04:02] Ingest QQQ: Last=600.73 Bid=None Ask=None
[01:04:02] Ingest QQQ: Last=600.73 Bid=None Ask=None
[01:04:02] Ingest QQQ: Last=600.73 Bid=None Ask=None
[01:04:02] Ingest QQQ: Last=600.73 Bid=None Ask=None
[01:04:02] Ingest QQQ: Last=600.73 Bid=None Ask=None
[01:04:02] Ingest QQQ: Last=600.73 Bid=None Ask=None
[01:04:02] Ingest QQQ: Last=600.73 Bid=None Ask=None
[01:04:02] Ingest QQQ: Last=600.73 Bid=None Ask=None
[01:04:02] Ingest QQQ: Last=600.73 Bid=None Ask=None
[01:04:02] Ingest QQQ: Last=600.73 Bid=None Ask=None
[01:04:02] Ingest QQQ: Last=600.73 Bid=None Ask=None
[01:04:02] Ingest QQQ: Last=600.74 Bid=None Ask=None
[01:04:02] Ingest QQQ: Last=600.75 Bid=None Ask=None
[01:04:02] Ingest QQQ: Last=600.75 Bid=None Ask=None
[01:04:02] Ingest QQQ: Last=600.75 Bid=None Ask=None
[01:04:02] Ingest QQQ: Last=600.75 Bid=None Ask=None
[01:04:02] Ingest QQQ: Last=600.74 Bid=None Ask=None
[01:04:02] Ingest QQQ: Last=600.74 Bid=None Ask=None
[01:04:02] Ingest QQQ: Last=600.74 Bid=None Ask=None
[01:04:02] Ingest QQQ: Last=600.74 Bid=None Ask=None
[01:04:02] Ingest QQQ: Last=600.74 Bid=None Ask=None
[01:04:02] Ingest SPY-20MAR26-682-C: Last=None Bid=13.49 Ask=None
[01:04:02] Ingest SPY-20MAR26-682-C: Last=None Bid=None Ask=13.53
[01:04:02] Ingest SPY-20MAR26-682-C: Last=None Bid=None Ask=13.54
[01:04:02] Ingest SPY-20MAR26-682-C: Last=None Bid=13.5 Ask=None
[01:04:02] Ingest SPY-20MAR26-681-P: Last=None Bid=12.38 Ask=None
[01:04:02] Ingest SPY-20MAR26-681-P: Last=None Bid=None Ask=12.4
[01:04:02] Ingest SPY-20MAR26-681-P: Last=None Bid=None Ask=12.39
[01:04:02] Ingest SPY-20MAR26-681-P: Last=None Bid=12.36 Ask=None
[01:04:02] Ingest ETH.PERP: Last=1883.25 Bid=1882.3 Ask=1882.35
[01:04:02] Ingest BTC.PERP: Last=65320.0 Bid=65301.5 Ask=65302.0
[01:04:03] Ingest QQQ: Last=None Bid=None Ask=600.75
[01:04:03] Ingest QQQ: Last=None Bid=600.74 Ask=None
[01:04:03] Ingest ETH: Last=1884.0 Bid=1882.4 Ask=1883.1
[01:04:03] Ingest BTC: Last=65364.0 Bid=65303.0 Ask=65334.0
[01:04:03] Ingest BTC-6MAR26-65000-P: Last=0.0355 Bid=0.0355 Ask=0.0365
[01:04:03] Ingest ETH-6MAR26-1900-C: Last=0.0515 Bid=0.042 Ask=0.043
[01:04:03] Ingest SPY: Last=681.821 Bid=None Ask=None
[01:04:03] Ingest SPY: Last=681.83 Bid=None Ask=None
[01:04:03] Ingest SPY: Last=681.83 Bid=None Ask=None
[01:04:03] Ingest SPY: Last=681.83 Bid=None Ask=None
[01:04:03] Ingest SPY: Last=681.825 Bid=None Ask=None
[01:04:03] Ingest SPY: Last=681.84 Bid=None Ask=None
[01:04:03] Ingest SPY: Last=681.84 Bid=None Ask=None
[01:04:03] Ingest SPY: Last=681.84 Bid=None Ask=None
[01:04:03] Ingest SPY: Last=681.855 Bid=None Ask=None
[01:04:03] Ingest SPY: Last=681.84 Bid=None Ask=None
[01:04:03] Ingest SPY: Last=681.835 Bid=None Ask=None
[01:04:03] Ingest SPY: Last=681.835 Bid=None Ask=None
[01:04:03] Ingest SPY: Last=681.84 Bid=None Ask=None
[01:04:03] Ingest SPY: Last=681.84 Bid=None Ask=None
[01:04:03] Ingest SPY: Last=681.84 Bid=None Ask=None
[01:04:03] Ingest SPY: Last=681.84 Bid=None Ask=None
[01:04:03] Ingest SPY: Last=681.855 Bid=None Ask=None
[01:04:03] Ingest SPY: Last=681.86 Bid=None Ask=None
[01:04:03] Ingest SPY: Last=681.86 Bid=None Ask=None
[01:04:03] Ingest SPY: Last=681.86 Bid=None Ask=None
[01:04:03] Ingest SPY: Last=681.86 Bid=None Ask=None
[01:04:03] Ingest SPY: Last=681.86 Bid=None Ask=None
[01:04:03] Ingest SPY: Last=681.86 Bid=None Ask=None
[01:04:03] Ingest SPY: Last=681.86 Bid=None Ask=None
[01:04:03] Ingest SPY: Last=681.86 Bid=None Ask=None
[01:04:03] Ingest SPY: Last=681.87 Bid=None Ask=None
[01:04:03] Ingest SPY: Last=681.88 Bid=None Ask=None
[01:04:03] Ingest SPY: Last=681.88 Bid=None Ask=None
[01:04:03] Ingest SPY: Last=681.88 Bid=None Ask=None
[01:04:03] Ingest SPY: Last=681.875 Bid=None Ask=None
[01:04:03] Ingest QQQ-20MAR26-601-C: Last=None Bid=None Ask=15.98
[01:04:03] Ingest QQQ-20MAR26-601-C: Last=None Bid=15.92 Ask=None
[01:04:03] Ingest SPY: Last=681.885 Bid=None Ask=None
[01:04:03] Ingest SPY: Last=681.88 Bid=None Ask=None
[01:04:03] Ingest SPY: Last=681.88 Bid=None Ask=None
[01:04:03] Ingest SPY: Last=681.88 Bid=None Ask=None
[01:04:03] Ingest SPY: Last=681.875 Bid=None Ask=None
[01:04:03] Ingest ETH.PERP: Last=1883.25 Bid=1882.3 Ask=1882.35
[01:04:03] Ingest QQQ-20MAR26-600-P: Last=None Bid=14.25 Ask=None
[01:04:03] Ingest QQQ-20MAR26-600-P: Last=None Bid=None Ask=14.33
[01:04:03] Ingest SPY: Last=681.885 Bid=None Ask=None
[01:04:03] Ingest SPY: Last=681.885 Bid=None Ask=None
[01:04:03] Ingest SPY: Last=681.885 Bid=None Ask=None
[01:04:03] Ingest SPY: Last=681.885 Bid=None Ask=None
[01:04:03] Ingest SPY: Last=681.885 Bid=None Ask=None
[01:04:03] Ingest SPY: Last=681.885 Bid=None Ask=None
[01:04:03] Ingest SPY: Last=681.89 Bid=None Ask=None
[01:04:03] Ingest BTC.PERP: Last=65320.0 Bid=65301.5 Ask=65302.0
[01:04:03] Ingest SPY: Last=681.895 Bid=None Ask=None
[01:04:03] Ingest SPY: Last=681.9 Bid=None Ask=None
[01:04:03] Ingest BTC-6MAR26-66000-C: Last=0.032 Bid=0.0315 Ask=0.0325
[01:04:03] Ingest BTC: Last=65364.0 Bid=65303.0 Ask=65338.0
[01:04:03] Ingest BTC-6MAR26-65000-P: Last=0.0355 Bid=0.0355 Ask=0.0365
[01:04:03] Ingest ETH: Last=1884.0 Bid=1882.4 Ask=1883.1
[01:04:03] Ingest SPY: Last=681.915 Bid=None Ask=None
[01:04:03] Ingest SPY: Last=681.92 Bid=None Ask=None
[01:04:03] Ingest SPY: Last=None Bid=681.92 Ask=None
[01:04:03] Ingest SPY: Last=None Bid=None Ask=681.93
[01:04:03] Ingest SPY: Last=681.93 Bid=None Ask=None
[01:04:03] Ingest SPY: Last=681.93 Bid=None Ask=None
[01:04:03] Ingest SPY: Last=681.93 Bid=None Ask=None
[01:04:03] Ingest SPY: Last=681.93 Bid=None Ask=None
[01:04:03] Ingest SPY: Last=681.93 Bid=None Ask=None
[01:04:03] Ingest SPY: Last=681.93 Bid=None Ask=None
[01:04:03] Ingest SPY: Last=681.93 Bid=None Ask=None
[01:04:03] Ingest SPY: Last=681.93 Bid=None Ask=None
[01:04:03] Ingest SPY: Last=681.93 Bid=None Ask=None
[01:04:03] Ingest SPY: Last=681.93 Bid=None Ask=None
[01:04:03] Ingest SPY: Last=681.93 Bid=None Ask=None
[01:04:03] Ingest SPY: Last=681.93 Bid=None Ask=None
[01:04:03] Ingest SPY: Last=681.925 Bid=None Ask=None
[01:04:03] Ingest SPY: Last=681.93 Bid=None Ask=None
[01:04:03] Ingest SPY: Last=681.93 Bid=None Ask=None
[01:04:03] Ingest SPY: Last=681.93 Bid=None Ask=None
[01:04:03] Ingest SPY: Last=681.93 Bid=None Ask=None
[01:04:03] Ingest SPY: Last=681.93 Bid=None Ask=None
[01:04:03] Ingest SPY: Last=681.93 Bid=None Ask=None
[01:04:03] Ingest SPY: Last=681.93 Bid=None Ask=None
[01:04:03] Ingest SPY: Last=681.93 Bid=None Ask=None
[01:04:03] Ingest SPY: Last=681.93 Bid=None Ask=None
[01:04:03] Ingest SPY: Last=681.93 Bid=None Ask=None
[01:04:03] Ingest ETH.PERP: Last=1883.25 Bid=1882.6 Ask=1882.65
[01:04:03] Ingest BTC.PERP: Last=65301.5 Bid=65301.5 Ask=65302.0
[01:04:03] Ingest SPY: Last=None Bid=681.92 Ask=None
[01:04:03] Ingest SPY: Last=None Bid=None Ask=681.93
[01:04:03] Ingest ETH-6MAR26-1900-C: Last=0.0515 Bid=0.042 Ask=0.043
[01:04:03] Ingest SPY-20MAR26-681-P: Last=12.36 Bid=None Ask=None
[01:04:03] Ingest QQQ: Last=600.74 Bid=None Ask=None
[01:04:03] Ingest QQQ: Last=600.74 Bid=None Ask=None
[01:04:03] Ingest QQQ: Last=600.744 Bid=None Ask=None
[01:04:03] Ingest QQQ: Last=600.75 Bid=None Ask=None
[01:04:03] Ingest QQQ: Last=600.77 Bid=None Ask=None
[01:04:03] Ingest QQQ: Last=600.77 Bid=None Ask=None
[01:04:03] Ingest QQQ: Last=600.77 Bid=None Ask=None
[01:04:03] Ingest QQQ: Last=600.77 Bid=None Ask=None
[01:04:03] Ingest ETH.PERP: Last=1883.25 Bid=1882.6 Ask=1882.65
[01:04:03] Ingest QQQ: Last=600.76 Bid=None Ask=None
[01:04:03] Ingest QQQ: Last=600.76 Bid=None Ask=None
[01:04:03] Ingest QQQ: Last=600.77 Bid=None Ask=None
[01:04:03] Ingest QQQ: Last=600.77 Bid=None Ask=None
[01:04:03] Ingest QQQ: Last=600.775 Bid=None Ask=None
[01:04:03] Ingest QQQ: Last=600.77 Bid=None Ask=None
[01:04:03] Ingest QQQ: Last=600.77 Bid=None Ask=None
[01:04:03] Ingest QQQ: Last=600.77 Bid=None Ask=None
[01:04:03] Ingest QQQ: Last=600.77 Bid=None Ask=None
[01:04:03] Ingest QQQ: Last=600.77 Bid=None Ask=None
[01:04:03] Ingest QQQ: Last=600.78 Bid=None Ask=None
[01:04:03] Ingest QQQ: Last=600.78 Bid=None Ask=None
[01:04:03] Ingest QQQ: Last=600.78 Bid=None Ask=None
[01:04:03] Ingest QQQ: Last=600.78 Bid=None Ask=None
[01:04:03] Ingest QQQ: Last=600.78 Bid=None Ask=None
[01:04:03] Ingest QQQ: Last=600.78 Bid=None Ask=None
[01:04:03] Ingest QQQ: Last=600.782 Bid=None Ask=None
[01:04:03] Ingest QQQ: Last=600.79 Bid=None Ask=None
[01:04:03] Ingest QQQ: Last=600.79 Bid=None Ask=None
[01:04:03] Ingest QQQ: Last=600.79 Bid=None Ask=None
[01:04:03] Ingest QQQ: Last=600.79 Bid=None Ask=None
[01:04:03] Ingest QQQ: Last=600.78 Bid=None Ask=None
[01:04:03] Ingest QQQ: Last=600.79 Bid=None Ask=None
[01:04:03] Ingest QQQ: Last=600.79 Bid=None Ask=None
[01:04:03] Ingest QQQ: Last=600.79 Bid=None Ask=None
[01:04:03] Ingest SPY-20MAR26-682-C: Last=None Bid=13.5 Ask=None
[01:04:03] Ingest SPY-20MAR26-682-C: Last=None Bid=None Ask=13.57
[01:04:03] Ingest QQQ: Last=600.8 Bid=None Ask=None
[01:04:03] Ingest BTC.PERP: Last=65301.5 Bid=65301.5 Ask=65302.0
[01:04:03] Ingest QQQ: Last=600.8 Bid=None Ask=None
[01:04:03] Ingest QQQ: Last=600.8 Bid=None Ask=None
[01:04:03] Ingest QQQ: Last=600.8 Bid=None Ask=None
[01:04:03] Ingest QQQ: Last=600.81 Bid=None Ask=None
[01:04:04] Ingest QQQ: Last=600.8 Bid=None Ask=None
[01:04:04] Ingest QQQ: Last=600.81 Bid=None Ask=None
[01:04:04] Ingest BTC-6MAR26-65000-P: Last=0.0355 Bid=0.0355 Ask=0.0365
[01:04:04] Ingest SPY-20MAR26-681-P: Last=None Bid=12.34 Ask=None
[01:04:04] Ingest SPY-20MAR26-681-P: Last=None Bid=None Ask=12.37
[01:04:04] Ingest SPY-20MAR26-681-P: Last=None Bid=None Ask=12.36
[01:04:04] Ingest SPY-20MAR26-681-P: Last=None Bid=12.31 Ask=None
[01:04:04] Ingest QQQ: Last=None Bid=600.8 Ask=None
[01:04:04] Ingest QQQ: Last=None Bid=None Ask=600.81
[01:04:04] Ingest ETH.PERP: Last=1883.25 Bid=1882.55 Ask=1882.6
[01:04:04] Ingest QQQ-20MAR26-601-C: Last=None Bid=15.94 Ask=None
[01:04:04] Ingest QQQ-20MAR26-601-C: Last=None Bid=None Ask=16.01
[01:04:04] Ingest QQQ-20MAR26-601-C: Last=None Bid=None Ask=16.01
[01:04:04] Ingest QQQ-20MAR26-601-C: Last=None Bid=15.95 Ask=None
[01:04:04] Ingest BTC.PERP: Last=65301.5 Bid=65301.5 Ask=65302.0
[01:04:04] Ingest QQQ-20MAR26-600-P: Last=None Bid=14.22 Ask=None
[01:04:04] Ingest QQQ-20MAR26-600-P: Last=None Bid=None Ask=14.3
[01:04:04] Ingest QQQ-20MAR26-600-P: Last=None Bid=14.22 Ask=None
[01:04:04] Ingest QQQ-20MAR26-600-P: Last=None Bid=None Ask=14.29
[01:04:04] Ingest BTC: Last=65364.0 Bid=65302.0 Ask=65336.0
[01:04:04] Ingest ETH: Last=1884.0 Bid=1882.4 Ask=1883.0
[01:04:04] Ingest ETH-6MAR26-1850-P: Last=0.0375 Bid=0.039 Ask=0.04
[01:04:04] Ingest ETH-6MAR26-1900-C: Last=0.0515 Bid=0.042 Ask=0.043
[01:04:04] Ingest SPY: Last=681.955 Bid=None Ask=None
[01:04:04] Ingest SPY: Last=681.955 Bid=None Ask=None
[01:04:04] Ingest SPY: Last=681.955 Bid=None Ask=None
[01:04:04] Ingest SPY: Last=681.96 Bid=None Ask=None
[01:04:04] Ingest SPY: Last=681.96 Bid=None Ask=None
[01:04:04] Ingest SPY: Last=681.96 Bid=None Ask=None
[01:04:04] Ingest SPY: Last=681.96 Bid=None Ask=None
[01:04:04] Ingest SPY: Last=681.96 Bid=None Ask=None
[01:04:04] Ingest SPY: Last=681.96 Bid=None Ask=None
[01:04:04] Ingest SPY: Last=681.96 Bid=None Ask=None
[01:04:04] Ingest SPY: Last=681.96 Bid=None Ask=None
[01:04:04] Ingest SPY: Last=681.96 Bid=None Ask=None
[01:04:04] Ingest SPY: Last=681.965 Bid=None Ask=None
[01:04:04] Ingest SPY: Last=681.975 Bid=None Ask=None
[01:04:04] Ingest SPY: Last=681.98 Bid=None Ask=None
[01:04:04] Ingest SPY: Last=681.98 Bid=None Ask=None
[01:04:04] Ingest SPY: Last=681.98 Bid=None Ask=None
[01:04:04] Ingest SPY: Last=681.96 Bid=None Ask=None
[01:04:04] Ingest SPY: Last=681.95 Bid=None Ask=None
[01:04:04] Ingest SPY: Last=681.95 Bid=None Ask=None
[01:04:04] Ingest SPY: Last=681.95 Bid=None Ask=None
[01:04:04] Ingest ETH.PERP: Last=1882.05 Bid=1882.0 Ask=1882.05
[01:04:04] Ingest SPY: Last=681.94 Bid=None Ask=None
[01:04:04] Ingest SPY: Last=681.94 Bid=None Ask=None
[01:04:04] Ingest SPY: Last=681.94 Bid=None Ask=None
[01:04:04] Ingest BTC.PERP: Last=65301.5 Bid=65301.5 Ask=65302.0
[01:04:04] Ingest SPY: Last=681.94 Bid=None Ask=None
[01:04:04] Ingest SPY: Last=681.94 Bid=None Ask=None
[01:04:04] Ingest SPY: Last=681.94 Bid=None Ask=None
[01:04:04] Ingest SPY: Last=681.94 Bid=None Ask=None
[01:04:04] Ingest SPY: Last=681.94 Bid=None Ask=None
[01:04:04] Ingest SPY: Last=681.94 Bid=None Ask=None
[01:04:04] Ingest BTC: Last=65364.0 Bid=65302.0 Ask=65332.0
[01:04:04] Ingest ETH: Last=1882.4 Bid=1882.0 Ask=1882.6
[01:04:04] Ingest ETH-6MAR26-1850-P: Last=0.0375 Bid=0.039 Ask=0.04
[01:04:04] Ingest SPY: Last=None Bid=681.94 Ask=None
[01:04:04] Ingest SPY: Last=None Bid=None Ask=681.95
[01:04:04] Ingest ETH-6MAR26-1900-C: Last=0.0515 Bid=0.042 Ask=0.043
[01:04:04] Ingest ETH.PERP: Last=1882.05 Bid=1882.0 Ask=1882.05
[01:04:04] Ingest BTC.PERP: Last=65301.5 Bid=65300.0 Ask=65300.5
[01:04:05] Ingest BTC: Last=65364.0 Bid=65302.0 Ask=65328.0
[01:04:05] Ingest QQQ: Last=600.82 Bid=None Ask=None
[01:04:05] Ingest QQQ: Last=600.83 Bid=None Ask=None
[01:04:05] Ingest QQQ: Last=600.83 Bid=None Ask=None
[01:04:05] Ingest QQQ: Last=600.83 Bid=None Ask=None
[01:04:05] Ingest QQQ: Last=600.83 Bid=None Ask=None
[01:04:05] Ingest QQQ: Last=600.83 Bid=None Ask=None
[01:04:05] Ingest QQQ: Last=600.83 Bid=None Ask=None
[01:04:05] Ingest QQQ: Last=600.83 Bid=None Ask=None
[01:04:05] Ingest BTC-6MAR26-65000-P: Last=0.0355 Bid=0.0355 Ask=0.0365
[01:04:05] Ingest QQQ: Last=600.82 Bid=None Ask=None
[01:04:05] Ingest QQQ: Last=600.83 Bid=None Ask=None
[01:04:05] Ingest SPY-20MAR26-682-C: Last=None Bid=13.52 Ask=None
[01:04:05] Ingest SPY-20MAR26-682-C: Last=None Bid=None Ask=13.59
[01:04:05] Ingest SPY-20MAR26-682-C: Last=None Bid=None Ask=13.58
[01:04:05] Ingest SPY-20MAR26-682-C: Last=None Bid=13.52 Ask=None
[01:04:05] Ingest QQQ: Last=600.83 Bid=None Ask=None
[01:04:05] Ingest QQQ: Last=600.83 Bid=None Ask=None
[01:04:05] Ingest QQQ: Last=600.83 Bid=None Ask=None
[01:04:05] Ingest QQQ: Last=600.84 Bid=None Ask=None
[01:04:05] Ingest QQQ: Last=600.84 Bid=None Ask=None
[01:04:05] Ingest QQQ: Last=600.84 Bid=None Ask=None
[01:04:05] Ingest QQQ: Last=600.84 Bid=None Ask=None
[01:04:05] Ingest QQQ: Last=600.85 Bid=None Ask=None
[01:04:05] Ingest QQQ: Last=600.85 Bid=None Ask=None
[01:04:05] Ingest QQQ: Last=600.85 Bid=None Ask=None
[01:04:05] Ingest ETH-6MAR26-1850-P: Last=0.0375 Bid=0.039 Ask=0.04
[01:04:05] Ingest QQQ: Last=600.84 Bid=None Ask=None
[01:04:05] Ingest QQQ: Last=600.84 Bid=None Ask=None
[01:04:05] Ingest ETH-6MAR26-1900-C: Last=0.0515 Bid=0.042 Ask=0.043
[01:04:05] Ingest QQQ: Last=600.81 Bid=None Ask=None
[01:04:05] Ingest QQQ: Last=600.81 Bid=None Ask=None
[01:04:05] Ingest QQQ: Last=600.81 Bid=None Ask=None
[01:04:05] Ingest QQQ: Last=600.815 Bid=None Ask=None
[01:04:05] Ingest SPY-20MAR26-681-P: Last=None Bid=12.31 Ask=None
[01:04:05] Ingest SPY-20MAR26-681-P: Last=None Bid=None Ask=12.35
[01:04:05] Ingest SPY-20MAR26-681-P: Last=None Bid=None Ask=12.35
[01:04:05] Ingest SPY-20MAR26-681-P: Last=None Bid=12.31 Ask=None
[01:04:05] Ingest QQQ: Last=600.81 Bid=None Ask=None
[01:04:05] Ingest QQQ: Last=600.819 Bid=None Ask=None
[01:04:05] Ingest QQQ: Last=600.82 Bid=None Ask=None
[01:04:05] Ingest QQQ: Last=600.81 Bid=None Ask=None
[01:04:05] Ingest QQQ: Last=600.81 Bid=None Ask=None
[01:04:05] Ingest QQQ: Last=600.81 Bid=None Ask=None
[01:04:05] Ingest ETH.PERP: Last=1882.05 Bid=1882.0 Ask=1882.05
[01:04:05] Ingest QQQ: Last=600.81 Bid=None Ask=None
[01:04:05] Ingest QQQ: Last=600.81 Bid=None Ask=None
[01:04:05] Ingest QQQ: Last=600.81 Bid=None Ask=None
[01:04:05] Ingest QQQ: Last=600.8 Bid=None Ask=None
[01:04:05] Ingest QQQ: Last=600.8 Bid=None Ask=None
[01:04:05] Ingest QQQ: Last=600.8 Bid=None Ask=None
[01:04:05] Ingest QQQ: Last=600.8 Bid=None Ask=None
[01:04:05] Ingest QQQ: Last=600.8 Bid=None Ask=None
[01:04:05] Ingest QQQ: Last=600.81 Bid=None Ask=None
[01:04:05] Ingest QQQ: Last=600.81 Bid=None Ask=None
[01:04:05] Ingest QQQ: Last=600.83 Bid=None Ask=None
[01:04:05] Ingest QQQ: Last=600.83 Bid=None Ask=None
[01:04:05] Ingest QQQ: Last=600.83 Bid=None Ask=None
[01:04:05] Ingest QQQ: Last=600.83 Bid=None Ask=None
[01:04:05] Ingest QQQ: Last=600.83 Bid=None Ask=None
[01:04:05] Ingest QQQ: Last=600.83 Bid=None Ask=None
[01:04:05] Ingest QQQ: Last=600.83 Bid=None Ask=None
[01:04:05] Ingest QQQ: Last=600.83 Bid=None Ask=None
[01:04:05] Ingest QQQ: Last=600.83 Bid=None Ask=None
[01:04:05] Ingest QQQ: Last=600.83 Bid=None Ask=None
[01:04:05] Ingest QQQ: Last=600.83 Bid=None Ask=None
[01:04:05] Ingest QQQ: Last=600.84 Bid=None Ask=None
[01:04:05] Ingest QQQ: Last=600.84 Bid=None Ask=None
[01:04:05] Ingest QQQ: Last=600.84 Bid=None Ask=None
[01:04:05] Ingest QQQ: Last=600.83 Bid=None Ask=None
[01:04:05] Ingest BTC.PERP: Last=65300.0 Bid=65300.0 Ask=65300.5
[01:04:05] Ingest QQQ: Last=600.836 Bid=None Ask=None
[01:04:05] Ingest QQQ: Last=600.85 Bid=None Ask=None
[01:04:05] Ingest QQQ: Last=600.85 Bid=None Ask=None
[01:04:05] Ingest QQQ: Last=600.85 Bid=None Ask=None
[01:04:05] Ingest QQQ: Last=600.84 Bid=None Ask=None
[01:04:05] Ingest QQQ: Last=600.84 Bid=None Ask=None
[01:04:05] Ingest QQQ: Last=600.858 Bid=None Ask=None
[01:04:05] Ingest QQQ: Last=600.85 Bid=None Ask=None
[01:04:05] Ingest QQQ: Last=600.86 Bid=None Ask=None
[01:04:05] Ingest QQQ: Last=600.86 Bid=None Ask=None
[01:04:05] Ingest QQQ: Last=600.85 Bid=None Ask=None
[01:04:05] Ingest QQQ-20MAR26-601-C: Last=None Bid=15.95 Ask=None
[01:04:05] Ingest QQQ-20MAR26-601-C: Last=None Bid=None Ask=16.01
[01:04:05] Ingest QQQ-20MAR26-601-C: Last=None Bid=15.96 Ask=None
[01:04:05] Ingest QQQ-20MAR26-601-C: Last=None Bid=None Ask=16.02
[01:04:05] Ingest BTC: Last=65364.0 Bid=65302.0 Ask=65329.0
[01:04:05] Ingest QQQ: Last=None Bid=600.82 Ask=None
[01:04:05] Ingest QQQ: Last=None Bid=None Ask=600.83
[01:04:05] Ingest QQQ: Last=600.83 Bid=None Ask=None
[01:04:05] Ingest QQQ: Last=600.83 Bid=None Ask=None
[01:04:05] Ingest ETH: Last=1882.4 Bid=1882.0 Ask=1882.6
[01:04:05] Ingest QQQ: Last=600.83 Bid=None Ask=None
[01:04:05] Ingest QQQ: Last=600.83 Bid=None Ask=None
[01:04:05] Ingest QQQ: Last=600.83 Bid=None Ask=None
[01:04:05] Ingest QQQ: Last=600.82 Bid=None Ask=None
[01:04:05] Ingest QQQ: Last=600.82 Bid=None Ask=None
[01:04:05] Ingest QQQ-20MAR26-600-P: Last=None Bid=14.2 Ask=None
[01:04:05] Ingest QQQ-20MAR26-600-P: Last=None Bid=None Ask=14.26
[01:04:05] Ingest QQQ-20MAR26-600-P: Last=None Bid=14.21 Ask=None
[01:04:05] Ingest QQQ-20MAR26-600-P: Last=None Bid=None Ask=14.27
[01:04:05] Ingest ETH-6MAR26-1850-P: Last=0.0375 Bid=0.039 Ask=0.04
[01:04:05] Ingest ETH.PERP: Last=1882.05 Bid=1882.0 Ask=1882.05
[01:04:05] Ingest BTC.PERP: Last=65300.0 Bid=65292.5 Ask=65293.0
[01:04:05] Ingest QQQ: Last=None Bid=600.83 Ask=None
[01:04:05] Ingest QQQ: Last=None Bid=None Ask=600.84
[01:04:05] Ingest SPY: Last=681.94 Bid=None Ask=None
[01:04:05] Ingest BTC-6MAR26-66000-C: Last=0.032 Bid=0.0315 Ask=0.0325
[01:04:05] Ingest SPY: Last=681.96 Bid=None Ask=None
[01:04:05] Ingest SPY: Last=681.96 Bid=None Ask=None
[01:04:05] Ingest SPY: Last=681.96 Bid=None Ask=None
[01:04:05] Ingest ETH-6MAR26-1850-P: Last=0.0375 Bid=0.039 Ask=0.04
[01:04:05] Ingest ETH-6MAR26-1900-C: Last=0.0515 Bid=0.042 Ask=0.043
[01:04:05] Ingest SPY: Last=681.98 Bid=None Ask=None
[01:04:05] Ingest SPY: Last=681.98 Bid=None Ask=None
[01:04:05] Ingest SPY: Last=681.98 Bid=None Ask=None
[01:04:05] Ingest SPY: Last=681.98 Bid=None Ask=None
[01:04:05] Ingest SPY: Last=681.99 Bid=None Ask=None
[01:04:05] Ingest SPY: Last=681.97 Bid=None Ask=None
[01:04:05] Ingest SPY: Last=681.97 Bid=None Ask=None
[01:04:05] Ingest SPY: Last=681.97 Bid=None Ask=None
[01:04:05] Ingest SPY: Last=681.97 Bid=None Ask=None
[01:04:05] Ingest SPY: Last=681.96 Bid=None Ask=None
[01:04:05] Ingest SPY: Last=681.96 Bid=None Ask=None
[01:04:05] Ingest SPY: Last=681.96 Bid=None Ask=None
[01:04:05] Ingest SPY: Last=681.96 Bid=None Ask=None
[01:04:05] Ingest SPY: Last=681.96 Bid=None Ask=None
[01:04:05] Ingest SPY: Last=681.96 Bid=None Ask=None
[01:04:05] Ingest SPY: Last=681.96 Bid=None Ask=None
[01:04:05] Ingest SPY: Last=681.96 Bid=None Ask=None
[01:04:05] Ingest SPY: Last=681.96 Bid=None Ask=None
[01:04:05] Ingest SPY: Last=681.97 Bid=None Ask=None
[01:04:05] Ingest SPY: Last=681.97 Bid=None Ask=None
[01:04:05] Ingest SPY: Last=681.965 Bid=None Ask=None
[01:04:05] Ingest SPY: Last=681.96 Bid=None Ask=None
[01:04:05] Ingest SPY: Last=681.96 Bid=None Ask=None
[01:04:05] Ingest SPY: Last=681.96 Bid=None Ask=None
[01:04:05] Ingest SPY: Last=681.96 Bid=None Ask=None
[01:04:05] Ingest SPY: Last=681.96 Bid=None Ask=None
[01:04:05] Ingest SPY: Last=681.96 Bid=None Ask=None
[01:04:05] Ingest SPY: Last=681.96 Bid=None Ask=None
[01:04:05] Ingest SPY: Last=681.97 Bid=None Ask=None
[01:04:05] Ingest SPY: Last=681.98 Bid=None Ask=None
[01:04:05] Ingest ETH.PERP: Last=1882.05 Bid=1882.0 Ask=1882.05
[01:04:05] Ingest BTC.PERP: Last=65300.0 Bid=65292.5 Ask=65293.0
[01:04:06] Ingest BTC: Last=65364.0 Bid=65302.0 Ask=65325.0
[01:04:06] Ingest SPY: Last=None Bid=None Ask=681.99
[01:04:06] Ingest SPY: Last=None Bid=681.98 Ask=None
[01:04:06] Ingest ETH-6MAR26-1900-C: Last=0.0515 Bid=0.042 Ask=0.043
[01:04:06] Ingest SPY-20MAR26-682-C: Last=None Bid=13.52 Ask=None
[01:04:06] Ingest SPY-20MAR26-682-C: Last=None Bid=None Ask=13.59
[01:04:06] Ingest SPY-20MAR26-682-C: Last=None Bid=13.53 Ask=None
[01:04:06] Ingest SPY-20MAR26-682-C: Last=None Bid=None Ask=13.59
[01:04:06] Ingest ETH.PERP: Last=1882.05 Bid=1882.0 Ask=1882.05
[01:04:06] Ingest BTC.PERP: Last=65300.0 Bid=65292.5 Ask=65293.0
[01:04:06] Ingest BTC: Last=65364.0 Bid=65302.0 Ask=65323.0
[01:04:06] Ingest ETH: Last=1882.4 Bid=1882.0 Ask=1882.6
[01:04:06] Ingest SPY-20MAR26-681-P: Last=None Bid=12.31 Ask=None
[01:04:06] Ingest SPY-20MAR26-681-P: Last=None Bid=None Ask=12.35
[01:04:06] Ingest SPY-20MAR26-681-P: Last=None Bid=None Ask=12.33
[01:04:06] Ingest SPY-20MAR26-681-P: Last=None Bid=12.3 Ask=None
[01:04:06] Ingest QQQ-20MAR26-601-C: Last=None Bid=15.97 Ask=None
[01:04:06] Ingest QQQ-20MAR26-601-C: Last=None Bid=None Ask=16.02
[01:04:06] Ingest QQQ-20MAR26-601-C: Last=None Bid=None Ask=16.01
[01:04:06] Ingest QQQ-20MAR26-601-C: Last=None Bid=15.97 Ask=None
[01:04:06] Ingest BTC-6MAR26-66000-C: Last=0.032 Bid=0.0315 Ask=0.0325
[01:04:06] Ingest BTC-6MAR26-65000-P: Last=0.0355 Bid=0.0355 Ask=0.0365
[01:04:06] Ingest QQQ: Last=600.84 Bid=None Ask=None
[01:04:06] Ingest QQQ: Last=600.83 Bid=None Ask=None
[01:04:06] Ingest QQQ: Last=600.83 Bid=None Ask=None
[01:04:06] Ingest QQQ: Last=600.827 Bid=None Ask=None
[01:04:06] Ingest QQQ: Last=600.827 Bid=None Ask=None
[01:04:06] Ingest QQQ: Last=600.827 Bid=None Ask=None
[01:04:06] Ingest QQQ: Last=600.829 Bid=None Ask=None
[01:04:06] Ingest QQQ: Last=600.83 Bid=None Ask=None
[01:04:06] Ingest QQQ: Last=600.82 Bid=None Ask=None
[01:04:06] Ingest QQQ: Last=600.82 Bid=None Ask=None
[01:04:06] Ingest QQQ: Last=600.82 Bid=None Ask=None
[01:04:06] Ingest QQQ: Last=600.82 Bid=None Ask=None
[01:04:06] Ingest QQQ: Last=600.82 Bid=None Ask=None
[01:04:06] Ingest QQQ: Last=600.82 Bid=None Ask=None
[01:04:06] Ingest QQQ: Last=600.82 Bid=None Ask=None
[01:04:06] Ingest QQQ: Last=600.82 Bid=None Ask=None
[01:04:06] Ingest QQQ: Last=600.82 Bid=None Ask=None
[01:04:06] Ingest QQQ: Last=600.81 Bid=None Ask=None
[01:04:06] Ingest QQQ: Last=600.82 Bid=None Ask=None
[01:04:06] Ingest QQQ: Last=600.81 Bid=None Ask=None
[01:04:06] Ingest QQQ: Last=600.81 Bid=None Ask=None
[01:04:06] Ingest QQQ: Last=600.82 Bid=None Ask=None
[01:04:06] Ingest ETH-6MAR26-1900-C: Last=0.0515 Bid=0.042 Ask=0.043
[01:04:06] Ingest QQQ: Last=600.82 Bid=None Ask=None
[01:04:06] Ingest QQQ: Last=600.815 Bid=None Ask=None
[01:04:06] Ingest QQQ-20MAR26-600-P: Last=None Bid=14.2 Ask=None
[01:04:06] Ingest QQQ-20MAR26-600-P: Last=None Bid=None Ask=14.27
[01:04:06] Ingest QQQ-20MAR26-600-P: Last=None Bid=None Ask=14.27
[01:04:06] Ingest QQQ-20MAR26-600-P: Last=None Bid=14.21 Ask=None
[01:04:06] Ingest ETH.PERP: Last=1882.05 Bid=1882.0 Ask=1882.05
[01:04:06] Ingest BTC.PERP: Last=65291.5 Bid=65291.5 Ask=65292.0
[01:04:06] Ingest BTC: Last=65364.0 Bid=65302.0 Ask=65322.0
[01:04:06] Ingest QQQ: Last=None Bid=None Ask=600.82
[01:04:06] Ingest QQQ: Last=None Bid=600.81 Ask=None
[01:04:06] Ingest ETH-6MAR26-1850-P: Last=0.0375 Bid=0.039 Ask=0.04
[01:04:06] Ingest ETH-6MAR26-1900-C: Last=0.0515 Bid=0.042 Ask=0.043
[01:04:06] Ingest ETH.PERP: Last=1882.05 Bid=1882.0 Ask=1882.05
[01:04:06] Ingest SPY: Last=681.98 Bid=None Ask=None
[01:04:06] Ingest SPY: Last=681.98 Bid=None Ask=None
[01:04:06] Ingest SPY: Last=681.976 Bid=None Ask=None
[01:04:06] Ingest SPY: Last=681.977 Bid=None Ask=None
[01:04:06] Ingest SPY: Last=681.97 Bid=None Ask=None
[01:04:06] Ingest BTC.PERP: Last=65291.5 Bid=65291.5 Ask=65292.0
[01:04:06] Ingest SPY: Last=681.96 Bid=None Ask=None
[01:04:06] Ingest SPY: Last=681.96 Bid=None Ask=None
[01:04:06] Ingest SPY: Last=681.96 Bid=None Ask=None
[01:04:07] Ingest BTC: Last=65364.0 Bid=65302.0 Ask=65322.0
[01:04:07] Ingest ETH: Last=1882.4 Bid=1882.0 Ask=1882.5
[01:04:07] Ingest BTC-6MAR26-66000-C: Last=0.032 Bid=0.0315 Ask=0.0325
[01:04:07] Ingest SPY: Last=None Bid=None Ask=681.96
[01:04:07] Ingest SPY: Last=None Bid=681.95 Ask=None
[01:04:07] Ingest ETH.PERP: Last=1882.05 Bid=1882.0 Ask=1882.05
[01:04:07] Ingest BTC.PERP: Last=65291.5 Bid=65291.5 Ask=65292.0
[01:04:07] Ingest SPY-20MAR26-682-C: Last=None Bid=13.53 Ask=None
[01:04:07] Ingest SPY-20MAR26-682-C: Last=None Bid=None Ask=13.59
[01:04:07] Ingest BTC: Last=65364.0 Bid=65302.0 Ask=65331.0
[01:04:07] Ingest ETH: Last=1882.4 Bid=1882.0 Ask=1882.5
[01:04:07] Ingest BTC-6MAR26-65000-P: Last=0.0355 Bid=0.0355 Ask=0.0365
[01:04:07] Ingest QQQ: Last=600.81 Bid=None Ask=None
[01:04:07] Ingest QQQ-20MAR26-601-C: Last=None Bid=None Ask=16.02
[01:04:07] Ingest QQQ-20MAR26-601-C: Last=None Bid=15.97 Ask=None
[01:04:07] Ingest ETH.PERP: Last=1882.05 Bid=1882.0 Ask=1882.05
[01:04:07] Ingest QQQ-20MAR26-600-P: Last=None Bid=14.2 Ask=None
[01:04:07] Ingest QQQ-20MAR26-600-P: Last=None Bid=None Ask=14.26
[01:04:07] Ingest QQQ-20MAR26-600-P: Last=None Bid=14.21 Ask=None
[01:04:07] Ingest QQQ-20MAR26-600-P: Last=None Bid=None Ask=14.27
[01:04:07] Ingest SPY-20MAR26-681-P: Last=None Bid=12.3 Ask=None
[01:04:07] Ingest SPY-20MAR26-681-P: Last=None Bid=None Ask=12.33
[01:04:07] Ingest SPY-20MAR26-681-P: Last=None Bid=12.29 Ask=None
[01:04:07] Ingest SPY-20MAR26-681-P: Last=None Bid=None Ask=12.33
[01:04:07] Ingest BTC.PERP: Last=65291.5 Bid=65291.5 Ask=65292.0
[01:04:07] Ingest BTC: Last=65364.0 Bid=65289.0 Ask=65330.0
[01:04:07] Ingest BTC-6MAR26-65000-P: Last=0.0355 Bid=0.0355 Ask=0.0365
[01:04:07] Ingest QQQ: Last=None Bid=None Ask=600.84
[01:04:07] Ingest QQQ: Last=None Bid=600.83 Ask=None
[01:04:07] Ingest ETH.PERP: Last=1882.05 Bid=1882.0 Ask=1882.05
[01:04:07] Ingest BTC.PERP: Last=65291.5 Bid=65291.5 Ask=65292.0
[01:04:07] Ingest SPY: Last=681.96 Bid=None Ask=None
[01:04:08] Ingest SPY: Last=681.96 Bid=None Ask=None
[01:04:08] Ingest SPY: Last=681.96 Bid=None Ask=None
[01:04:08] Ingest SPY: Last=681.96 Bid=None Ask=None
[01:04:08] Ingest SPY: Last=681.96 Bid=None Ask=None
[01:04:08] Ingest BTC: Last=65364.0 Bid=65289.0 Ask=65329.0
[01:04:08] Ingest SPY: Last=681.97 Bid=None Ask=None
[01:04:08] Ingest SPY: Last=681.98 Bid=None Ask=None
[01:04:08] Ingest SPY: Last=681.975 Bid=None Ask=None
[01:04:08] Ingest SPY: Last=681.98 Bid=None Ask=None
[01:04:08] Ingest SPY: Last=681.97 Bid=None Ask=None
[01:04:08] Ingest BTC-6MAR26-66000-C: Last=0.032 Bid=0.0315 Ask=0.0325
[01:04:08] Ingest ETH.PERP: Last=1882.05 Bid=1882.0 Ask=1882.05
[01:04:08] Ingest BTC.PERP: Last=65291.5 Bid=65291.5 Ask=65292.0
[01:04:08] Ingest SPY: Last=None Bid=681.97 Ask=None
[01:04:08] Ingest SPY: Last=None Bid=None Ask=681.98
[01:04:08] Ingest SPY-20MAR26-682-C: Last=None Bid=13.53 Ask=None
[01:04:08] Ingest SPY-20MAR26-682-C: Last=None Bid=None Ask=13.59
[01:04:08] Ingest BTC: Last=65364.0 Bid=65289.0 Ask=65328.0
[01:04:08] Ingest ETH: Last=1882.4 Bid=1882.0 Ask=1882.9
[01:04:08] Ingest ETH-6MAR26-1850-P: Last=0.0375 Bid=0.039 Ask=0.04
[01:04:08] Ingest QQQ-20MAR26-601-C: Last=None Bid=15.98 Ask=None
[01:04:08] Ingest ETH.PERP: Last=1882.6 Bid=1882.5 Ask=1882.55
[01:04:08] Ingest QQQ-20MAR26-601-C: Last=None Bid=None Ask=16.04
[01:04:08] Ingest QQQ-20MAR26-601-C: Last=None Bid=15.98 Ask=None
[01:04:08] Ingest QQQ-20MAR26-601-C: Last=None Bid=None Ask=16.03
[01:04:08] Ingest BTC.PERP: Last=65291.5 Bid=65291.5 Ask=65292.0
[01:04:08] Ingest QQQ: Last=600.85 Bid=None Ask=None
[01:04:08] Ingest QQQ: Last=600.85 Bid=None Ask=None
[01:04:08] Ingest QQQ-20MAR26-600-P: Last=None Bid=14.2 Ask=None
[01:04:08] Ingest QQQ-20MAR26-600-P: Last=None Bid=None Ask=14.26
[01:04:08] Ingest QQQ-20MAR26-600-P: Last=None Bid=14.2 Ask=None
[01:04:08] Ingest QQQ-20MAR26-600-P: Last=None Bid=None Ask=14.26
[01:04:08] Ingest QQQ: Last=600.86 Bid=None Ask=None
[01:04:08] Ingest QQQ: Last=600.86 Bid=None Ask=None
[01:04:08] Ingest QQQ: Last=600.85 Bid=None Ask=None
[01:04:08] Ingest QQQ: Last=600.85 Bid=None Ask=None
[01:04:08] Ingest QQQ: Last=600.84 Bid=None Ask=None
[01:04:08] Ingest QQQ: Last=600.84 Bid=None Ask=None
[01:04:08] Ingest QQQ: Last=600.85 Bid=None Ask=None
[01:04:08] Ingest QQQ: Last=600.85 Bid=None Ask=None
[01:04:08] Ingest QQQ: Last=600.86 Bid=None Ask=None
[01:04:08] Ingest QQQ: Last=600.86 Bid=None Ask=None
[01:04:08] Ingest QQQ: Last=600.86 Bid=None Ask=None
[01:04:08] Ingest BTC: Last=65364.0 Bid=65305.0 Ask=65349.0
[01:04:08] Ingest ETH: Last=1882.4 Bid=1882.0 Ask=1883.1
[01:04:08] Ingest SPY-20MAR26-681-P: Last=None Bid=None Ask=12.33
[01:04:08] Ingest SPY-20MAR26-681-P: Last=None Bid=12.28 Ask=None
[01:04:08] Ingest BTC-6MAR26-65000-P: Last=0.0355 Bid=0.0355 Ask=0.0365
[01:04:08] Ingest ETH.PERP: Last=1882.6 Bid=1882.2 Ask=1882.25
[01:04:08] Ingest QQQ: Last=None Bid=600.86 Ask=None
[01:04:08] Ingest QQQ: Last=None Bid=None Ask=600.87
[01:04:08] Ingest BTC.PERP: Last=65291.5 Bid=65291.5 Ask=65292.0
[01:04:09] Ingest BTC: Last=65364.0 Bid=65298.0 Ask=65334.0
[01:04:09] Ingest ETH: Last=1882.4 Bid=1882.1 Ask=1882.8
[01:04:09] Ingest SPY: Last=681.98 Bid=None Ask=None
[01:04:09] Ingest SPY: Last=681.99 Bid=None Ask=None
[01:04:09] Ingest SPY: Last=681.995 Bid=None Ask=None
[01:04:09] Ingest SPY: Last=681.99 Bid=None Ask=None
[01:04:09] Ingest SPY: Last=681.99 Bid=None Ask=None
[01:04:09] Ingest SPY: Last=681.98 Bid=None Ask=None
[01:04:09] Ingest SPY: Last=681.98 Bid=None Ask=None
[01:04:09] Ingest SPY: Last=681.98 Bid=None Ask=None
[01:04:09] Ingest SPY: Last=681.98 Bid=None Ask=None
[01:04:09] Ingest SPY: Last=681.98 Bid=None Ask=None
[01:04:09] Ingest SPY: Last=681.975 Bid=None Ask=None
[01:04:09] Ingest SPY: Last=681.98 Bid=None Ask=None
[01:04:09] Ingest SPY: Last=681.98 Bid=None Ask=None
[01:04:09] Ingest SPY: Last=681.98 Bid=None Ask=None
[01:04:09] Ingest SPY: Last=681.98 Bid=None Ask=None
[01:04:09] Ingest SPY: Last=681.98 Bid=None Ask=None
[01:04:09] Ingest SPY: Last=681.985 Bid=None Ask=None
[01:04:09] Ingest SPY: Last=681.985 Bid=None Ask=None
[01:04:09] Ingest ETH-6MAR26-1850-P: Last=0.0375 Bid=0.039 Ask=0.04
[01:04:09] Ingest SPY: Last=681.985 Bid=None Ask=None
[01:04:09] Ingest SPY: Last=681.99 Bid=None Ask=None
[01:04:09] Ingest SPY: Last=681.99 Bid=None Ask=None
[01:04:09] Ingest SPY: Last=681.99 Bid=None Ask=None
[01:04:09] Ingest SPY: Last=681.99 Bid=None Ask=None
[01:04:09] Ingest SPY: Last=681.98 Bid=None Ask=None
[01:04:09] Ingest SPY: Last=681.98 Bid=None Ask=None
[01:04:09] Ingest SPY: Last=681.975 Bid=None Ask=None
[01:04:09] Ingest ETH.PERP: Last=1882.6 Bid=1882.5 Ask=1882.55
[01:04:09] Ingest SPY: Last=681.98 Bid=None Ask=None
[01:04:09] Ingest SPY: Last=681.98 Bid=None Ask=None
[01:04:09] Ingest SPY: Last=681.975 Bid=None Ask=None
[01:04:09] Ingest SPY: Last=681.98 Bid=None Ask=None
[01:04:09] Ingest SPY: Last=681.98 Bid=None Ask=None
[01:04:09] Ingest SPY: Last=681.98 Bid=None Ask=None
[01:04:09] Ingest SPY: Last=681.98 Bid=None Ask=None
[01:04:09] Ingest SPY: Last=681.98 Bid=None Ask=None
[01:04:09] Ingest SPY: Last=681.98 Bid=None Ask=None
[01:04:09] Ingest SPY: Last=681.98 Bid=None Ask=None
[01:04:09] Ingest SPY: Last=681.97 Bid=None Ask=None
[01:04:09] Ingest SPY: Last=681.97 Bid=None Ask=None
[01:04:09] Ingest BTC.PERP: Last=65291.5 Bid=65291.5 Ask=65292.0
[01:04:09] Ingest SPY: Last=681.97 Bid=None Ask=None
[01:04:09] Ingest SPY: Last=681.965 Bid=None Ask=None
[01:04:09] Ingest SPY: Last=681.97 Bid=None Ask=None
[01:04:09] Ingest SPY: Last=681.97 Bid=None Ask=None
[01:04:09] Ingest SPY: Last=681.97 Bid=None Ask=None
[01:04:09] Ingest SPY: Last=681.96 Bid=None Ask=None
[01:04:09] Ingest SPY: Last=681.96 Bid=None Ask=None
[01:04:09] Ingest SPY: Last=681.955 Bid=None Ask=None
[01:04:09] Ingest SPY: Last=681.95 Bid=None Ask=None
[01:04:09] Ingest BTC: Last=65364.0 Bid=65297.0 Ask=65335.0
[01:04:09] Ingest SPY: Last=681.95 Bid=None Ask=None
[01:04:09] Ingest SPY: Last=681.95 Bid=None Ask=None
[01:04:09] Ingest ETH: Last=1882.4 Bid=1882.0 Ask=1883.1
[01:04:09] Ingest SPY-20MAR26-682-C: Last=None Bid=13.53 Ask=None
[01:04:09] Ingest SPY-20MAR26-682-C: Last=None Bid=None Ask=13.6
[01:04:09] Ingest SPY-20MAR26-682-C: Last=None Bid=None Ask=13.59
[01:04:09] Ingest SPY-20MAR26-682-C: Last=None Bid=13.54 Ask=None
[01:04:09] Ingest SPY: Last=None Bid=681.96 Ask=None
[01:04:09] Ingest SPY: Last=None Bid=None Ask=681.97
[01:04:09] Ingest BTC-6MAR26-66000-C: Last=0.032 Bid=0.0315 Ask=0.0325
[01:04:09] Ingest ETH.PERP: Last=1882.6 Bid=1882.2 Ask=1882.25
[01:04:09] Ingest BTC.PERP: Last=65291.5 Bid=65291.5 Ask=65292.0
[01:04:09] Ingest QQQ-20MAR26-600-P: Last=None Bid=14.21 Ask=None
[01:04:09] Ingest QQQ-20MAR26-600-P: Last=None Bid=None Ask=14.27
[01:04:09] Ingest BTC: Last=65364.0 Bid=65298.0 Ask=65334.0
[01:04:09] Ingest QQQ-20MAR26-601-C: Last=None Bid=15.97 Ask=None
[01:04:09] Ingest QQQ-20MAR26-601-C: Last=None Bid=None Ask=16.03
[01:04:09] Ingest QQQ-20MAR26-601-C: Last=None Bid=None Ask=16.01
[01:04:09] Ingest ETH: Last=1882.4 Bid=1882.1 Ask=1882.9
[01:04:09] Ingest QQQ-20MAR26-601-C: Last=None Bid=15.97 Ask=None
[01:04:09] Ingest QQQ: Last=600.85 Bid=None Ask=None
[01:04:09] Ingest QQQ: Last=600.85 Bid=None Ask=None
[01:04:09] Ingest QQQ: Last=600.85 Bid=None Ask=None
[01:04:09] Ingest QQQ: Last=600.84 Bid=None Ask=None
[01:04:09] Ingest QQQ: Last=600.84 Bid=None Ask=None
[01:04:09] Ingest QQQ: Last=600.84 Bid=None Ask=None
[01:04:09] Ingest QQQ: Last=600.84 Bid=None Ask=None
[01:04:09] Ingest QQQ: Last=600.833 Bid=None Ask=None
[01:04:09] Ingest QQQ: Last=600.84 Bid=None Ask=None
[01:04:09] Ingest QQQ: Last=600.84 Bid=None Ask=None
[01:04:09] Ingest QQQ: Last=600.84 Bid=None Ask=None
[01:04:09] Ingest QQQ: Last=600.84 Bid=None Ask=None
[01:04:09] Ingest QQQ: Last=600.84 Bid=None Ask=None
[01:04:09] Ingest QQQ: Last=600.85 Bid=None Ask=None
[01:04:09] Ingest QQQ: Last=600.85 Bid=None Ask=None
[01:04:09] Ingest QQQ: Last=600.85 Bid=None Ask=None
[01:04:09] Ingest QQQ: Last=600.85 Bid=None Ask=None
[01:04:09] Ingest QQQ: Last=600.85 Bid=None Ask=None
[01:04:09] Ingest QQQ: Last=600.83 Bid=None Ask=None
[01:04:09] Ingest QQQ: Last=600.83 Bid=None Ask=None
[01:04:09] Ingest QQQ: Last=600.83 Bid=None Ask=None
[01:04:09] Ingest QQQ: Last=600.83 Bid=None Ask=None
[01:04:09] Ingest QQQ: Last=600.83 Bid=None Ask=None
[01:04:09] Ingest QQQ: Last=600.82 Bid=None Ask=None
[01:04:09] Ingest QQQ: Last=600.82 Bid=None Ask=None
[01:04:09] Ingest QQQ: Last=600.82 Bid=None Ask=None
[01:04:09] Ingest QQQ: Last=600.82 Bid=None Ask=None
[01:04:09] Ingest QQQ: Last=600.82 Bid=None Ask=None
[01:04:09] Ingest QQQ: Last=600.82 Bid=None Ask=None
[01:04:09] Ingest QQQ: Last=600.81 Bid=None Ask=None
[01:04:09] Ingest QQQ: Last=600.81 Bid=None Ask=None
[01:04:09] Ingest QQQ: Last=600.81 Bid=None Ask=None
[01:04:09] Ingest QQQ: Last=600.81 Bid=None Ask=None
[01:04:09] Ingest QQQ: Last=600.81 Bid=None Ask=None
[01:04:09] Ingest QQQ: Last=600.82 Bid=None Ask=None
[01:04:09] Ingest SPY-20MAR26-681-P: Last=None Bid=12.29 Ask=None
[01:04:09] Ingest SPY-20MAR26-681-P: Last=None Bid=None Ask=12.33
[01:04:09] Ingest SPY-20MAR26-681-P: Last=None Bid=None Ask=12.34
[01:04:09] Ingest SPY-20MAR26-681-P: Last=None Bid=12.3 Ask=None
[01:04:09] Ingest ETH-6MAR26-1850-P: Last=0.0375 Bid=0.039 Ask=0.04
[01:04:09] Ingest ETH.PERP: Last=1882.6 Bid=1882.2 Ask=1882.25
[01:04:09] Ingest BTC.PERP: Last=65291.5 Bid=65291.5 Ask=65292.0
[01:04:09] Ingest BTC: Last=65364.0 Bid=65289.0 Ask=65330.0
[01:04:10] Ingest ETH: Last=1882.4 Bid=1882.0 Ask=1882.7
[01:04:10] Ingest QQQ: Last=None Bid=600.82 Ask=None
[01:04:10] Ingest QQQ: Last=None Bid=None Ask=600.83
[01:04:10] Ingest BTC-6MAR26-65000-P: Last=0.0355 Bid=0.0355 Ask=0.0365
[01:04:10] Ingest ETH-6MAR26-1850-P: Last=0.0375 Bid=0.039 Ask=0.04
[01:04:10] Ingest ETH.PERP: Last=1882.6 Bid=1882.2 Ask=1882.25
[01:04:10] Ingest BTC.PERP: Last=65291.5 Bid=65291.5 Ask=65292.0
[01:04:10] Ingest BTC: Last=65364.0 Bid=65290.0 Ask=65333.0
[01:04:10] Ingest ETH: Last=1882.4 Bid=1882.0 Ask=1882.9
[01:04:10] Ingest SPY: Last=681.965 Bid=None Ask=None
[01:04:10] Ingest SPY: Last=681.965 Bid=None Ask=None
[01:04:10] Ingest SPY: Last=681.97 Bid=None Ask=None
[01:04:10] Ingest SPY: Last=681.98 Bid=None Ask=None
[01:04:10] Ingest SPY: Last=682.0 Bid=None Ask=None
[01:04:10] Ingest SPY: Last=682.0 Bid=None Ask=None
[01:04:10] Ingest SPY: Last=682.0 Bid=None Ask=None
[01:04:10] Ingest SPY: Last=682.0 Bid=None Ask=None
[01:04:10] Ingest SPY: Last=682.0 Bid=None Ask=None
[01:04:10] Ingest SPY: Last=682.01 Bid=None Ask=None
[01:04:10] Ingest SPY: Last=682.01 Bid=None Ask=None
[01:04:10] Ingest SPY: Last=682.02 Bid=None Ask=None
[01:04:10] Ingest SPY: Last=682.02 Bid=None Ask=None
[01:04:10] Ingest SPY: Last=682.02 Bid=None Ask=None
[01:04:10] Ingest SPY: Last=682.01 Bid=None Ask=None
[01:04:10] Ingest SPY: Last=682.015 Bid=None Ask=None
[01:04:10] Ingest SPY: Last=682.02 Bid=None Ask=None
[01:04:10] Ingest SPY: Last=682.02 Bid=None Ask=None
[01:04:10] Ingest SPY: Last=682.02 Bid=None Ask=None
[01:04:10] Ingest SPY: Last=682.025 Bid=None Ask=None
[01:04:10] Ingest SPY: Last=681.97 Bid=None Ask=None
[01:04:10] Ingest SPY: Last=682.03 Bid=None Ask=None
[01:04:10] Ingest SPY: Last=682.02 Bid=None Ask=None
[01:04:10] Ingest SPY: Last=681.968 Bid=None Ask=None
[01:04:10] Ingest SPY: Last=682.02 Bid=None Ask=None
[01:04:10] Ingest SPY: Last=682.02 Bid=None Ask=None
[01:04:10] Ingest SPY: Last=682.02 Bid=None Ask=None
[01:04:10] Ingest SPY: Last=682.02 Bid=None Ask=None
[01:04:10] Ingest SPY: Last=682.02 Bid=None Ask=None
[01:04:10] Ingest SPY: Last=682.02 Bid=None Ask=None
[01:04:10] Ingest SPY: Last=682.02 Bid=None Ask=None
[01:04:10] Ingest ETH.PERP: Last=1882.6 Bid=1882.2 Ask=1882.25
[01:04:10] Ingest SPY: Last=682.02 Bid=None Ask=None
[01:04:10] Ingest SPY: Last=682.02 Bid=None Ask=None
[01:04:10] Ingest SPY: Last=682.02 Bid=None Ask=None
[01:04:10] Ingest SPY: Last=682.02 Bid=None Ask=None
[01:04:10] Ingest SPY: Last=682.02 Bid=None Ask=None
[01:04:10] Ingest SPY: Last=682.03 Bid=None Ask=None
[01:04:10] Ingest SPY: Last=682.03 Bid=None Ask=None
[01:04:10] Ingest SPY: Last=682.03 Bid=None Ask=None
[01:04:10] Ingest SPY: Last=682.03 Bid=None Ask=None
[01:04:10] Ingest SPY: Last=682.03 Bid=None Ask=None
[01:04:10] Ingest SPY: Last=682.03 Bid=None Ask=None
[01:04:10] Ingest SPY: Last=682.03 Bid=None Ask=None
[01:04:10] Ingest SPY: Last=682.03 Bid=None Ask=None
[01:04:10] Ingest SPY: Last=682.03 Bid=None Ask=None
[01:04:10] Ingest SPY: Last=682.03 Bid=None Ask=None
[01:04:10] Ingest SPY: Last=682.02 Bid=None Ask=None
[01:04:10] Ingest SPY-20MAR26-682-C: Last=None Bid=None Ask=13.62
[01:04:10] Ingest SPY-20MAR26-682-C: Last=None Bid=13.58 Ask=None
[01:04:10] Ingest BTC.PERP: Last=65291.5 Bid=65291.5 Ask=65292.0
[01:04:10] Ingest ETH: Last=1882.4 Bid=1882.1 Ask=1882.9
[01:04:10] Ingest BTC: Last=65364.0 Bid=65290.0 Ask=65335.0
[01:04:10] Ingest SPY: Last=None Bid=682.02 Ask=None
[01:04:10] Ingest SPY: Last=None Bid=None Ask=682.03
[01:04:10] Ingest QQQ-20MAR26-600-P: Last=None Bid=14.17 Ask=None
[01:04:10] Ingest QQQ-20MAR26-600-P: Last=None Bid=None Ask=14.23
[01:04:10] Ingest QQQ-20MAR26-600-P: Last=None Bid=14.17 Ask=None
[01:04:10] Ingest QQQ-20MAR26-600-P: Last=None Bid=None Ask=14.22
[01:04:10] Ingest QQQ-20MAR26-601-C: Last=None Bid=16.0 Ask=None
[01:04:10] Ingest QQQ-20MAR26-601-C: Last=None Bid=None Ask=16.05
[01:04:10] Ingest QQQ: Last=600.83 Bid=None Ask=None
[01:04:10] Ingest ETH-6MAR26-1850-P: Last=0.0375 Bid=0.039 Ask=0.04
[01:04:10] Ingest QQQ: Last=600.84 Bid=None Ask=None
[01:04:10] Ingest QQQ: Last=600.85 Bid=None Ask=None
[01:04:10] Ingest ETH.PERP: Last=1882.6 Bid=1882.25 Ask=1882.3
[01:04:10] Ingest QQQ: Last=600.85 Bid=None Ask=None
[01:04:10] Ingest QQQ: Last=600.86 Bid=None Ask=None
[01:04:10] Ingest QQQ: Last=600.86 Bid=None Ask=None
[01:04:10] Ingest QQQ: Last=600.855 Bid=None Ask=None
[01:04:10] Ingest QQQ: Last=600.86 Bid=None Ask=None
[01:04:10] Ingest QQQ: Last=600.87 Bid=None Ask=None
[01:04:10] Ingest QQQ: Last=600.88 Bid=None Ask=None
[01:04:10] Ingest QQQ: Last=600.88 Bid=None Ask=None
[01:04:10] Ingest QQQ: Last=600.88 Bid=None Ask=None
[01:04:10] Ingest QQQ: Last=600.89 Bid=None Ask=None
[01:04:10] Ingest QQQ: Last=600.89 Bid=None Ask=None
[01:04:10] Ingest QQQ: Last=600.89 Bid=None Ask=None
[01:04:10] Ingest QQQ: Last=600.89 Bid=None Ask=None
[01:04:10] Ingest QQQ: Last=600.89 Bid=None Ask=None
[01:04:10] Ingest QQQ: Last=600.88 Bid=None Ask=None
[01:04:10] Ingest QQQ: Last=600.88 Bid=None Ask=None
[01:04:10] Ingest QQQ: Last=600.885 Bid=None Ask=None
[01:04:10] Ingest BTC.PERP: Last=65291.5 Bid=65291.5 Ask=65292.0
[01:04:10] Ingest QQQ: Last=600.88 Bid=None Ask=None
[01:04:10] Ingest QQQ: Last=600.88 Bid=None Ask=None
[01:04:10] Ingest QQQ: Last=600.88 Bid=None Ask=None
[01:04:10] Ingest QQQ: Last=600.89 Bid=None Ask=None
[01:04:10] Ingest QQQ: Last=600.89 Bid=None Ask=None
[01:04:10] Ingest QQQ: Last=600.89 Bid=None Ask=None
[01:04:10] Ingest QQQ: Last=600.9 Bid=None Ask=None
[01:04:10] Ingest QQQ: Last=600.9 Bid=None Ask=None
[01:04:10] Ingest QQQ: Last=600.9 Bid=None Ask=None
[01:04:10] Ingest QQQ: Last=600.9 Bid=None Ask=None
[01:04:10] Ingest QQQ: Last=600.89 Bid=None Ask=None
[01:04:10] Ingest QQQ: Last=600.89 Bid=None Ask=None
[01:04:10] Ingest QQQ: Last=600.89 Bid=None Ask=None
[01:04:10] Ingest QQQ: Last=600.89 Bid=None Ask=None
[01:04:10] Ingest QQQ: Last=600.89 Bid=None Ask=None
[01:04:10] Ingest QQQ: Last=600.89 Bid=None Ask=None
[01:04:10] Ingest QQQ: Last=600.9 Bid=None Ask=None
[01:04:10] Ingest QQQ: Last=600.894 Bid=None Ask=None
[01:04:10] Ingest BTC: Last=65364.0 Bid=65290.0 Ask=65335.0
[01:04:10] Ingest QQQ: Last=600.9 Bid=None Ask=None
[01:04:10] Ingest QQQ: Last=600.9 Bid=None Ask=None
[01:04:10] Ingest ETH: Last=1882.4 Bid=1882.1 Ask=1883.0
[01:04:10] Ingest SPY-20MAR26-681-P: Last=None Bid=12.28 Ask=None
[01:04:10] Ingest SPY-20MAR26-681-P: Last=None Bid=None Ask=12.3
[01:04:10] Ingest SPY-20MAR26-681-P: Last=None Bid=12.27 Ask=None
[01:04:10] Ingest SPY-20MAR26-681-P: Last=None Bid=None Ask=12.3
[01:04:11] Ingest QQQ: Last=600.91 Bid=None Ask=None
[01:04:11] Ingest QQQ: Last=600.91 Bid=None Ask=None
[01:04:11] Ingest QQQ: Last=600.91 Bid=None Ask=None
[01:04:11] Ingest QQQ: Last=None Bid=600.9 Ask=None
[01:04:11] Ingest QQQ: Last=None Bid=None Ask=600.91
[01:04:11] Ingest ETH-6MAR26-1850-P: Last=0.0375 Bid=0.039 Ask=0.04
[01:04:11] Ingest ETH.PERP: Last=1882.6 Bid=1882.25 Ask=1882.3
[01:04:11] Ingest BTC.PERP: Last=65291.5 Bid=65291.5 Ask=65292.0
[01:04:11] Ingest BTC: Last=65364.0 Bid=65290.0 Ask=65335.0
[01:04:11] Ingest ETH: Last=1882.4 Bid=1882.1 Ask=1883.0
[01:04:11] Ingest ETH.PERP: Last=1882.6 Bid=1882.25 Ask=1882.3
[01:04:11] Ingest SPY: Last=682.025 Bid=None Ask=None
[01:04:11] Ingest BTC.PERP: Last=65291.5 Bid=65291.5 Ask=65292.0
[01:04:11] Ingest BTC: Last=65364.0 Bid=65298.0 Ask=65335.0
[01:04:11] Ingest SPY: Last=682.025 Bid=None Ask=None
[01:04:11] Ingest ETH: Last=1882.4 Bid=1882.1 Ask=1883.0
[01:04:11] Ingest SPY: Last=682.02 Bid=None Ask=None
[01:04:11] Ingest SPY: Last=682.02 Bid=None Ask=None
[01:04:11] Ingest SPY: Last=682.02 Bid=None Ask=None
[01:04:11] Ingest SPY: Last=682.02 Bid=None Ask=None
[01:04:11] Ingest SPY: Last=682.02 Bid=None Ask=None
[01:04:11] Ingest SPY: Last=682.02 Bid=None Ask=None
[01:04:11] Ingest SPY: Last=682.02 Bid=None Ask=None
[01:04:11] Ingest SPY: Last=682.01 Bid=None Ask=None
[01:04:11] Ingest SPY: Last=682.01 Bid=None Ask=None
[01:04:11] Ingest SPY: Last=682.01 Bid=None Ask=None
[01:04:11] Ingest SPY: Last=682.03 Bid=None Ask=None
[01:04:11] Ingest SPY: Last=682.02 Bid=None Ask=None
[01:04:11] Ingest SPY: Last=682.03 Bid=None Ask=None
[01:04:11] Ingest SPY: Last=682.035 Bid=None Ask=None
[01:04:11] Ingest SPY: Last=682.04 Bid=None Ask=None
[01:04:11] Ingest SPY: Last=682.04 Bid=None Ask=None
[01:04:11] Ingest SPY: Last=682.04 Bid=None Ask=None
[01:04:11] Ingest SPY: Last=682.04 Bid=None Ask=None
[01:04:11] Ingest SPY: Last=682.04 Bid=None Ask=None
[01:04:11] Ingest SPY: Last=682.04 Bid=None Ask=None
[01:04:11] Ingest SPY: Last=682.04 Bid=None Ask=None
[01:04:11] Ingest SPY: Last=682.04 Bid=None Ask=None
[01:04:11] Ingest SPY: Last=682.04 Bid=None Ask=None
[01:04:11] Ingest SPY: Last=682.04 Bid=None Ask=None
[01:04:11] Ingest SPY: Last=682.04 Bid=None Ask=None
[01:04:11] Ingest QQQ-20MAR26-600-P: Last=None Bid=14.17 Ask=None
[01:04:11] Ingest QQQ-20MAR26-600-P: Last=None Bid=None Ask=14.23
[01:04:11] Ingest QQQ-20MAR26-600-P: Last=None Bid=14.17 Ask=None
[01:04:11] Ingest QQQ-20MAR26-600-P: Last=None Bid=None Ask=14.22
[01:04:11] Ingest SPY-20MAR26-682-C: Last=None Bid=13.58 Ask=None
[01:04:11] Ingest SPY-20MAR26-682-C: Last=None Bid=None Ask=13.62
[01:04:11] Ingest SPY-20MAR26-682-C: Last=None Bid=None Ask=13.62
[01:04:11] Ingest SPY-20MAR26-682-C: Last=None Bid=13.58 Ask=None
[01:04:11] Ingest QQQ-20MAR26-601-C: Last=None Bid=16.01 Ask=None
[01:04:11] Ingest QQQ-20MAR26-601-C: Last=None Bid=None Ask=16.06
[01:04:11] Ingest ETH-6MAR26-1900-C: Last=0.0515 Bid=0.042 Ask=0.043
[01:04:11] Ingest ETH.PERP: Last=1882.6 Bid=1882.5 Ask=1882.55
[01:04:11] Ingest SPY: Last=None Bid=None Ask=682.04
[01:04:11] Ingest SPY: Last=None Bid=682.03 Ask=None
[01:04:11] Ingest BTC.PERP: Last=65291.5 Bid=65291.5 Ask=65292.0
[01:04:11] Ingest BTC: Last=65364.0 Bid=65295.0 Ask=65335.0
[01:04:11] Ingest ETH: Last=1882.4 Bid=1882.1 Ask=1883.0
[01:04:12] Ingest QQQ: Last=600.9 Bid=None Ask=None
[01:04:12] Ingest QQQ: Last=600.9 Bid=None Ask=None
[01:04:12] Ingest QQQ: Last=600.91 Bid=None Ask=None
[01:04:12] Ingest QQQ: Last=600.91 Bid=None Ask=None
[01:04:12] Ingest QQQ: Last=600.91 Bid=None Ask=None
[01:04:12] Ingest QQQ: Last=600.9 Bid=None Ask=None
[01:04:12] Ingest QQQ: Last=600.9 Bid=None Ask=None
[01:04:12] Ingest QQQ: Last=600.9 Bid=None Ask=None
[01:04:12] Ingest QQQ: Last=600.91 Bid=None Ask=None
[01:04:12] Ingest QQQ: Last=600.92 Bid=None Ask=None
[01:04:12] Ingest QQQ: Last=600.92 Bid=None Ask=None
[01:04:12] Ingest QQQ: Last=600.92 Bid=None Ask=None
[01:04:12] Ingest QQQ: Last=600.92 Bid=None Ask=None
[01:04:12] Ingest QQQ: Last=600.92 Bid=None Ask=None
[01:04:12] Ingest QQQ: Last=600.92 Bid=None Ask=None
[01:04:12] Ingest QQQ: Last=600.92 Bid=None Ask=None
[01:04:12] Ingest QQQ: Last=600.91 Bid=None Ask=None
[01:04:12] Ingest QQQ: Last=600.91 Bid=None Ask=None
[01:04:12] Ingest QQQ: Last=600.91 Bid=None Ask=None
[01:04:12] Ingest QQQ: Last=600.91 Bid=None Ask=None
[01:04:12] Ingest QQQ: Last=600.91 Bid=None Ask=None
[01:04:12] Ingest QQQ: Last=600.92 Bid=None Ask=None
[01:04:12] Ingest BTC-6MAR26-65000-P: Last=0.0355 Bid=0.0355 Ask=0.0365
[01:04:12] Ingest QQQ: Last=600.919 Bid=None Ask=None
[01:04:12] Ingest QQQ: Last=600.915 Bid=None Ask=None
[01:04:12] Ingest QQQ: Last=600.94 Bid=None Ask=None
[01:04:12] Ingest QQQ: Last=600.94 Bid=None Ask=None
[01:04:12] Ingest QQQ: Last=600.94 Bid=None Ask=None
[01:04:12] Ingest QQQ: Last=600.94 Bid=None Ask=None
[01:04:12] Ingest QQQ: Last=600.94 Bid=None Ask=None
[01:04:12] Ingest QQQ: Last=600.94 Bid=None Ask=None
[01:04:12] Ingest ETH.PERP: Last=1882.6 Bid=1882.3 Ask=1882.35
[01:04:12] Ingest QQQ: Last=600.95 Bid=None Ask=None
[01:04:12] Ingest QQQ: Last=600.95 Bid=None Ask=None
[01:04:12] Ingest QQQ: Last=600.95 Bid=None Ask=None
[01:04:12] Ingest QQQ: Last=600.95 Bid=None Ask=None
[01:04:12] Ingest QQQ: Last=600.96 Bid=None Ask=None
[01:04:12] Ingest QQQ: Last=600.96 Bid=None Ask=None
[01:04:12] Ingest QQQ: Last=600.96 Bid=None Ask=None
[01:04:12] Ingest BTC.PERP: Last=65291.5 Bid=65291.5 Ask=65292.0
[01:04:12] Ingest QQQ: Last=600.965 Bid=None Ask=None
[01:04:12] Ingest QQQ: Last=600.97 Bid=None Ask=None
[01:04:12] Ingest QQQ: Last=600.97 Bid=None Ask=None
[01:04:12] Ingest QQQ: Last=600.97 Bid=None Ask=None
[01:04:12] Ingest QQQ: Last=600.97 Bid=None Ask=None
[01:04:12] Ingest QQQ: Last=600.97 Bid=None Ask=None
[01:04:12] Ingest QQQ: Last=600.97 Bid=None Ask=None
[01:04:12] Ingest QQQ: Last=600.97 Bid=None Ask=None
[01:04:12] Ingest QQQ: Last=600.97 Bid=None Ask=None
[01:04:12] Ingest QQQ: Last=600.97 Bid=None Ask=None
[01:04:12] Ingest QQQ: Last=600.96 Bid=None Ask=None
[01:04:12] Ingest QQQ: Last=600.97 Bid=None Ask=None
[01:04:12] Ingest QQQ: Last=600.97 Bid=None Ask=None
[01:04:12] Ingest QQQ: Last=600.965 Bid=None Ask=None
[01:04:12] Ingest QQQ: Last=600.96 Bid=None Ask=None
[01:04:12] Ingest QQQ: Last=600.96 Bid=None Ask=None
[01:04:12] Ingest QQQ: Last=600.96 Bid=None Ask=None
[01:04:12] Ingest QQQ: Last=600.96 Bid=None Ask=None
[01:04:12] Ingest QQQ: Last=600.95 Bid=None Ask=None
[01:04:12] Ingest QQQ: Last=600.95 Bid=None Ask=None
[01:04:12] Ingest QQQ: Last=600.95 Bid=None Ask=None
[01:04:12] Ingest QQQ: Last=600.95 Bid=None Ask=None
[01:04:12] Ingest QQQ: Last=600.94 Bid=None Ask=None
[01:04:12] Ingest QQQ: Last=600.94 Bid=None Ask=None
[01:04:12] Ingest BTC: Last=65364.0 Bid=65294.0 Ask=65329.0
[01:04:12] Ingest ETH: Last=1882.4 Bid=1882.1 Ask=1882.8
[01:04:12] Ingest QQQ: Last=600.94 Bid=None Ask=None
[01:04:12] Ingest SPY-20MAR26-681-P: Last=None Bid=None Ask=12.31
[01:04:12] Ingest SPY-20MAR26-681-P: Last=None Bid=12.27 Ask=None
[01:04:12] Ingest QQQ: Last=None Bid=None Ask=600.95
[01:04:12] Ingest QQQ: Last=None Bid=600.94 Ask=None
[01:04:12] Ingest BTC-6MAR26-65000-P: Last=0.0355 Bid=0.0355 Ask=0.0365
[01:04:12] Ingest ETH.PERP: Last=1882.6 Bid=1882.3 Ask=1882.35
[01:04:12] Ingest ETH-6MAR26-1850-P: Last=0.0375 Bid=0.039 Ask=0.04
[01:04:12] Ingest BTC.PERP: Last=65291.5 Bid=65291.5 Ask=65292.0
[01:04:12] Ingest BTC: Last=65364.0 Bid=65288.0 Ask=65321.0
[01:04:12] Ingest ETH: Last=1882.4 Bid=1882.1 Ask=1882.6
[01:04:12] Ingest SPY: Last=682.035 Bid=None Ask=None
[01:04:12] Ingest SPY: Last=682.04 Bid=None Ask=None
[01:04:12] Ingest SPY: Last=682.05 Bid=None Ask=None
[01:04:12] Ingest SPY: Last=682.05 Bid=None Ask=None
[01:04:12] Ingest SPY: Last=682.05 Bid=None Ask=None
[01:04:12] Ingest SPY: Last=682.06 Bid=None Ask=None
[01:04:12] Ingest SPY: Last=682.06 Bid=None Ask=None
[01:04:12] Ingest SPY: Last=682.06 Bid=None Ask=None
[01:04:12] Ingest SPY: Last=682.06 Bid=None Ask=None
[01:04:12] Ingest SPY: Last=682.06 Bid=None Ask=None
[01:04:12] Ingest SPY: Last=682.065 Bid=None Ask=None
[01:04:12] Ingest SPY: Last=682.07 Bid=None Ask=None
[01:04:12] Ingest SPY: Last=682.08 Bid=None Ask=None
[01:04:12] Ingest SPY: Last=682.08 Bid=None Ask=None
[01:04:12] Ingest SPY: Last=682.08 Bid=None Ask=None
[01:04:12] Ingest SPY: Last=682.08 Bid=None Ask=None
[01:04:12] Ingest SPY: Last=682.08 Bid=None Ask=None
[01:04:12] Ingest SPY: Last=682.08 Bid=None Ask=None
[01:04:12] Ingest SPY: Last=682.08 Bid=None Ask=None
[01:04:12] Ingest SPY: Last=682.08 Bid=None Ask=None
[01:04:12] Ingest SPY: Last=682.08 Bid=None Ask=None
[01:04:12] Ingest SPY: Last=682.08 Bid=None Ask=None
[01:04:12] Ingest SPY: Last=682.07 Bid=None Ask=None
[01:04:12] Ingest ETH.PERP: Last=1882.6 Bid=1882.3 Ask=1882.35
[01:04:12] Ingest SPY: Last=682.06 Bid=None Ask=None
[01:04:12] Ingest SPY: Last=682.06 Bid=None Ask=None
[01:04:12] Ingest SPY: Last=682.06 Bid=None Ask=None
[01:04:12] Ingest SPY: Last=682.06 Bid=None Ask=None
[01:04:12] Ingest SPY: Last=682.06 Bid=None Ask=None
[01:04:12] Ingest SPY: Last=682.06 Bid=None Ask=None
[01:04:12] Ingest SPY: Last=682.05 Bid=None Ask=None
[01:04:12] Ingest QQQ-20MAR26-600-P: Last=None Bid=14.15 Ask=None
[01:04:12] Ingest QQQ-20MAR26-600-P: Last=None Bid=None Ask=14.21
[01:04:12] Ingest QQQ-20MAR26-600-P: Last=None Bid=14.15 Ask=None
[01:04:12] Ingest QQQ-20MAR26-600-P: Last=None Bid=None Ask=14.2
[01:04:12] Ingest SPY: Last=682.045 Bid=None Ask=None
[01:04:12] Ingest SPY: Last=682.045 Bid=None Ask=None
[01:04:12] Ingest SPY: Last=682.055 Bid=None Ask=None
[01:04:12] Ingest SPY-20MAR26-682-C: Last=None Bid=None Ask=13.63
[01:04:12] Ingest SPY-20MAR26-682-C: Last=None Bid=13.59 Ask=None
[01:04:12] Ingest SPY: Last=682.045 Bid=None Ask=None
[01:04:12] Ingest SPY: Last=682.03 Bid=None Ask=None
[01:04:12] Ingest BTC.PERP: Last=65291.5 Bid=65291.5 Ask=65292.0
[01:04:12] Ingest SPY: Last=682.03 Bid=None Ask=None
[01:04:12] Ingest SPY: Last=682.03 Bid=None Ask=None
[01:04:12] Ingest QQQ-20MAR26-601-C: Last=None Bid=None Ask=16.07
[01:04:12] Ingest QQQ-20MAR26-601-C: Last=None Bid=16.02 Ask=None
[01:04:12] Ingest SPY: Last=682.045 Bid=None Ask=None
[01:04:12] Ingest SPY: Last=682.05 Bid=None Ask=None
[01:04:12] Ingest SPY: Last=682.05 Bid=None Ask=None
[01:04:12] Ingest SPY: Last=682.05 Bid=None Ask=None
[01:04:12] Ingest SPY: Last=682.05 Bid=None Ask=None
[01:04:12] Ingest SPY: Last=682.05 Bid=None Ask=None
[01:04:12] Ingest SPY: Last=682.05 Bid=None Ask=None
[01:04:12] Ingest SPY: Last=682.05 Bid=None Ask=None
[01:04:12] Ingest BTC: Last=65364.0 Bid=65288.0 Ask=65326.0
[01:04:13] Ingest SPY: Last=None Bid=None Ask=682.05
[01:04:13] Ingest SPY: Last=None Bid=682.04 Ask=None
[01:04:13] Ingest ETH.PERP: Last=1882.6 Bid=1882.15 Ask=1882.2
[01:04:13] Ingest ETH-6MAR26-1850-P: Last=0.0375 Bid=0.039 Ask=0.04
[01:04:13] Ingest BTC.PERP: Last=65291.5 Bid=65291.5 Ask=65292.0
[01:04:13] Ingest BTC: Last=65364.0 Bid=65289.0 Ask=65321.0
[01:04:13] Ingest ETH: Last=1882.4 Bid=1882.1 Ask=1882.6
[01:04:13] Ingest QQQ: Last=600.94 Bid=None Ask=None
[01:04:13] Ingest QQQ: Last=600.95 Bid=None Ask=None
[01:04:13] Ingest QQQ: Last=600.95 Bid=None Ask=None
[01:04:13] Ingest QQQ: Last=600.94 Bid=None Ask=None
[01:04:13] Ingest QQQ: Last=600.945 Bid=None Ask=None
[01:04:13] Ingest QQQ: Last=600.96 Bid=None Ask=None
[01:04:13] Ingest QQQ: Last=600.96 Bid=None Ask=None
[01:04:13] Ingest QQQ: Last=600.96 Bid=None Ask=None
[01:04:13] Ingest QQQ: Last=600.96 Bid=None Ask=None
[01:04:13] Ingest QQQ: Last=600.96 Bid=None Ask=None
[01:04:13] Ingest SPY-20MAR26-681-P: Last=None Bid=12.26 Ask=None
[01:04:13] Ingest SPY-20MAR26-681-P: Last=None Bid=None Ask=12.29
[01:04:13] Ingest SPY-20MAR26-681-P: Last=None Bid=12.26 Ask=None
[01:04:13] Ingest SPY-20MAR26-681-P: Last=None Bid=None Ask=12.29
[01:04:13] Ingest QQQ: Last=600.97 Bid=None Ask=None
[01:04:13] Ingest QQQ: Last=600.96 Bid=None Ask=None
[01:04:13] Ingest QQQ: Last=600.96 Bid=None Ask=None
[01:04:13] Ingest QQQ: Last=600.96 Bid=None Ask=None
[01:04:13] Ingest QQQ: Last=600.96 Bid=None Ask=None
[01:04:13] Ingest QQQ: Last=600.96 Bid=None Ask=None
[01:04:13] Ingest QQQ: Last=600.96 Bid=None Ask=None
[01:04:13] Ingest ETH.PERP: Last=1882.6 Bid=1882.15 Ask=1882.2
[01:04:13] Ingest ETH-6MAR26-1850-P: Last=0.0375 Bid=0.039 Ask=0.04
[01:04:13] Ingest BTC.PERP: Last=65291.5 Bid=65291.5 Ask=65292.0
[01:04:13] Ingest BTC: Last=65364.0 Bid=65289.0 Ask=65326.0
[01:04:13] Ingest QQQ: Last=None Bid=600.96 Ask=None
[01:04:13] Ingest QQQ: Last=None Bid=None Ask=600.97
[01:04:13] Ingest BTC-6MAR26-65000-P: Last=0.0355 Bid=0.0355 Ask=0.0365
[01:04:13] Ingest ETH.PERP: Last=1882.6 Bid=1882.15 Ask=1882.2
[01:04:13] Ingest BTC.PERP: Last=65291.5 Bid=65291.5 Ask=65292.0
[01:04:13] Ingest SPY: Last=682.05 Bid=None Ask=None
[01:04:13] Ingest SPY: Last=682.05 Bid=None Ask=None
[01:04:13] Ingest SPY: Last=682.05 Bid=None Ask=None
[01:04:13] Ingest SPY: Last=682.05 Bid=None Ask=None
326.0
[01:04:13] Ingest ETH: Last=1882.4 Bid=1882.1 Ask=1882.9
[01:04:13] Ingest SPY: Last=682.06 Bid=None Ask=None
[01:04:13] Ingest SPY: Last=682.06 Bid=None Ask=None
[01:04:13] Ingest SPY: Last=682.06 Bid=None Ask=None
[01:04:13] Ingest SPY: Last=682.06 Bid=None Ask=None
[01:04:13] Ingest QQQ-20MAR26-600-P: Last=None Bid=14.14 Ask=None
[01:04:13] Ingest QQQ-20MAR26-600-P: Last=None Bid=None Ask=14.2
[01:04:13] Ingest SPY: Last=682.057 Bid=None Ask=None
[01:04:13] Ingest SPY: Last=682.05 Bid=None Ask=None
[01:04:13] Ingest SPY: Last=682.045 Bid=None Ask=None
[01:04:13] Ingest QQQ-20MAR26-601-C: Last=None Bid=None Ask=16.08
[01:04:13] Ingest QQQ-20MAR26-601-C: Last=None Bid=16.03 Ask=None
[01:04:13] Ingest SPY: Last=682.06 Bid=None Ask=None
[01:04:13] Ingest SPY: Last=682.06 Bid=None Ask=None
[01:04:13] Ingest SPY: Last=682.055 Bid=None Ask=None
[01:04:14] Ingest SPY: Last=682.06 Bid=None Ask=None
[01:04:14] Ingest SPY: Last=682.065 Bid=None Ask=None
[01:04:14] Ingest SPY-20MAR26-682-C: Last=None Bid=13.59 Ask=None
[01:04:14] Ingest SPY-20MAR26-682-C: Last=None Bid=None Ask=13.64
[01:04:14] Ingest SPY-20MAR26-682-C: Last=None Bid=13.59 Ask=None
[01:04:14] Ingest SPY-20MAR26-682-C: Last=None Bid=None Ask=13.64
[01:04:14] Ingest SPY: Last=682.06 Bid=None Ask=None
[01:04:14] Ingest BTC-6MAR26-65000-P: Last=0.0355 Bid=0.0355 Ask=0.0365
[01:04:14] Ingest ETH.PERP: Last=1882.6 Bid=1882.5 Ask=1882.55
[01:04:14] Ingest BTC.PERP: Last=65292.0 Bid=65291.5 Ask=65292.0
[01:04:14] Ingest ETH-6MAR26-1850-P: Last=0.0375 Bid=0.039 Ask=0.04
[01:04:14] Ingest SPY: Last=None Bid=None Ask=682.07
[01:04:14] Ingest SPY: Last=None Bid=682.06 Ask=None
[01:04:14] Ingest ETH-6MAR26-1900-C: Last=0.0515 Bid=0.042 Ask=0.043
[01:04:14] Ingest BTC: Last=65364.0 Bid=65308.0 Ask=65348.0
[01:04:14] Ingest ETH: Last=1882.4 Bid=1882.2 Ask=1883.5
[01:04:14] Ingest QQQ: Last=600.96 Bid=None Ask=None
[01:04:14] Ingest ETH.PERP: Last=1882.6 Bid=1882.55 Ask=1882.6
[01:04:14] Ingest QQQ: Last=600.96 Bid=None Ask=None
[01:04:14] Ingest QQQ: Last=600.96 Bid=None Ask=None
[01:04:14] Ingest QQQ: Last=600.95 Bid=None Ask=None
[01:04:14] Ingest QQQ: Last=600.95 Bid=None Ask=None
[01:04:14] Ingest QQQ: Last=600.95 Bid=None Ask=None
[01:04:14] Ingest QQQ: Last=600.95 Bid=None Ask=None
[01:04:14] Ingest QQQ: Last=600.95 Bid=None Ask=None
[01:04:14] Ingest QQQ: Last=600.96 Bid=None Ask=None
[01:04:14] Ingest QQQ: Last=600.92 Bid=None Ask=None
[01:04:14] Ingest BTC-6MAR26-65000-P: Last=0.0355 Bid=0.0355 Ask=0.0365
[01:04:14] Ingest QQQ: Last=600.92 Bid=None Ask=None
[01:04:14] Ingest QQQ: Last=600.91 Bid=None Ask=None
[01:04:14] Ingest BTC.PERP: Last=65292.0 Bid=65295.0 Ask=65295.5
[01:04:14] Ingest ETH-6MAR26-1850-P: Last=0.0375 Bid=0.039 Ask=0.04
[01:04:14] Ingest ETH-6MAR26-1900-C: Last=0.0515 Bid=0.042 Ask=0.043
[01:04:14] Ingest QQQ: Last=600.91 Bid=None Ask=None
[01:04:14] Ingest QQQ: Last=600.91 Bid=None Ask=None
[01:04:14] Ingest QQQ: Last=600.9 Bid=None Ask=None
[01:04:14] Ingest QQQ: Last=600.9 Bid=None Ask=None
[01:04:14] Ingest QQQ: Last=600.9 Bid=None Ask=None
[01:04:14] Ingest BTC: Last=65364.0 Bid=65308.0 Ask=65343.0
[01:04:14] Ingest ETH: Last=1882.4 Bid=1882.0 Ask=1883.3
[01:04:14] Ingest SPY-20MAR26-681-P: Last=None Bid=12.28 Ask=None
[01:04:14] Ingest SPY-20MAR26-681-P: Last=None Bid=None Ask=12.31
[01:04:14] Ingest SPY-20MAR26-681-P: Last=None Bid=None Ask=12.31
[01:04:14] Ingest QQQ: Last=None Bid=600.88 Ask=None
[01:04:14] Ingest QQQ: Last=None Bid=None Ask=600.89
[01:04:14] Ingest ETH.PERP: Last=1882.6 Bid=1882.55 Ask=1882.6
[01:04:14] Ingest BTC-6MAR26-65000-P: Last=0.0355 Bid=0.0355 Ask=0.0365
[01:04:14] Ingest BTC.PERP: Last=65292.0 Bid=65295.0 Ask=65295.5
[01:04:14] Ingest ETH: Last=1882.4 Bid=1882.1 Ask=1883.2
[01:04:14] Ingest QQQ-20MAR26-600-P: Last=None Bid=14.16 Ask=None
[01:04:15] Ingest QQQ-20MAR26-600-P: Last=None Bid=None Ask=14.23
[01:04:15] Ingest QQQ-20MAR26-600-P: Last=None Bid=None Ask=14.23
[01:04:15] Ingest QQQ-20MAR26-600-P: Last=None Bid=14.18 Ask=None
[01:04:15] Ingest QQQ-20MAR26-601-C: Last=None Bid=16.0 Ask=None
[01:04:15] Ingest QQQ-20MAR26-601-C: Last=None Bid=None Ask=16.06
[01:04:15] Ingest QQQ-20MAR26-601-C: Last=None Bid=15.99 Ask=None
[01:04:15] Ingest QQQ-20MAR26-601-C: Last=None Bid=None Ask=16.04
[01:04:15] Ingest SPY-20MAR26-682-C: Last=None Bid=13.57 Ask=None
[01:04:15] Ingest SPY-20MAR26-682-C: Last=None Bid=None Ask=13.61
[01:04:15] Ingest SPY-20MAR26-682-C: Last=None Bid=None Ask=13.61
[01:04:15] Ingest SPY-20MAR26-682-C: Last=None Bid=13.57 Ask=None
[01:04:15] Ingest SPY: Last=682.06 Bid=None Ask=None
[01:04:15] Ingest SPY: Last=682.06 Bid=None Ask=None
[01:04:15] Ingest ETH.PERP: Last=1882.6 Bid=1882.55 Ask=1882.6
[01:04:15] Ingest SPY: Last=682.04 Bid=None Ask=None
[01:04:15] Ingest SPY: Last=682.04 Bid=None Ask=None
[01:04:15] Ingest SPY: Last=682.04 Bid=None Ask=None
[01:04:15] Ingest SPY: Last=682.03 Bid=None Ask=None
[01:04:15] Ingest SPY: Last=682.03 Bid=None Ask=None
[01:04:15] Ingest SPY: Last=682.03 Bid=None Ask=None
[01:04:15] Ingest SPY: Last=682.03 Bid=None Ask=None
[01:04:15] Ingest BTC.PERP: Last=65292.0 Bid=65295.0 Ask=65295.5
[01:04:15] Ingest BTC: Last=65364.0 Bid=65308.0 Ask=65340.0
[01:04:15] Ingest ETH: Last=1882.4 Bid=1882.1 Ask=1883.2
[01:04:15] Ingest SPY: Last=682.01 Bid=None Ask=None
[01:04:15] Ingest SPY: Last=682.01 Bid=None Ask=None
[01:04:15] Ingest SPY: Last=682.005 Bid=None Ask=None
[01:04:15] Ingest SPY: Last=682.01 Bid=None Ask=None
[01:04:15] Ingest SPY: Last=682.01 Bid=None Ask=None
[01:04:15] Ingest SPY: Last=682.005 Bid=None Ask=None
[01:04:15] Ingest SPY: Last=682.01 Bid=None Ask=None
[01:04:15] Ingest SPY: Last=682.01 Bid=None Ask=None
[01:04:15] Ingest SPY: Last=682.0 Bid=None Ask=None
[01:04:15] Ingest SPY: Last=681.985 Bid=None Ask=None
[01:04:15] Ingest SPY: Last=681.975 Bid=None Ask=None
[01:04:15] Ingest SPY: Last=681.985 Bid=None Ask=None
[01:04:15] Ingest SPY: Last=681.99 Bid=None Ask=None
[01:04:15] Ingest SPY: Last=681.99 Bid=None Ask=None
[01:04:15] Ingest SPY: Last=681.99 Bid=None Ask=None
[01:04:15] Ingest SPY: Last=681.99 Bid=None Ask=None
[01:04:15] Ingest SPY: Last=681.99 Bid=None Ask=None
[01:04:15] Ingest SPY: Last=681.99 Bid=None Ask=None
[01:04:15] Ingest SPY: Last=681.995 Bid=None Ask=None
[01:04:15] Ingest SPY: Last=None Bid=None Ask=682.0
[01:04:15] Ingest SPY: Last=None Bid=681.99 Ask=None
[01:04:15] Ingest SPY: Last=682.0 Bid=None Ask=None
[01:04:15] Ingest SPY: Last=681.995 Bid=None Ask=None
[01:04:15] Ingest SPY: Last=681.995 Bid=None Ask=None
[01:04:15] Ingest SPY: Last=682.0 Bid=None Ask=None
[01:04:15] Ingest SPY: Last=682.0 Bid=None Ask=None
[01:04:15] Ingest ETH.PERP: Last=1882.6 Bid=1882.55 Ask=1882.6
[01:04:15] Ingest SPY: Last=682.0 Bid=None Ask=None
[01:04:15] Ingest BTC.PERP: Last=65292.0 Bid=65295.0 Ask=65295.5
[01:04:15] Ingest ETH-6MAR26-1900-C: Last=0.0515 Bid=0.042 Ask=0.043
[01:04:15] Ingest BTC: Last=65364.0 Bid=65308.0 Ask=65345.0
[01:04:15] Ingest ETH: Last=1882.4 Bid=1882.0 Ask=1883.4
[01:04:15] Ingest QQQ: Last=600.88 Bid=None Ask=None
[01:04:15] Ingest QQQ: Last=600.87 Bid=None Ask=None
[01:04:15] Ingest QQQ: Last=600.87 Bid=None Ask=None
[01:04:15] Ingest QQQ: Last=600.86 Bid=None Ask=None
[01:04:15] Ingest QQQ: Last=600.86 Bid=None Ask=None
[01:04:15] Ingest QQQ: Last=600.865 Bid=None Ask=None
[01:04:15] Ingest QQQ: Last=600.865 Bid=None Ask=None
[01:04:15] Ingest QQQ: Last=600.865 Bid=None Ask=None
[01:04:15] Ingest QQQ: Last=600.865 Bid=None Ask=None
[01:04:15] Ingest QQQ: Last=600.865 Bid=None Ask=None
[01:04:15] Ingest QQQ: Last=600.86 Bid=None Ask=None
[01:04:15] Ingest SPY: Last=None Bid=None Ask=682.03
[01:04:15] Ingest SPY: Last=None Bid=682.02 Ask=None
[01:04:15] Ingest SPY-20MAR26-681-P: Last=None Bid=12.3 Ask=None
[01:04:15] Ingest SPY-20MAR26-681-P: Last=None Bid=None Ask=12.32
[01:04:15] Ingest SPY-20MAR26-681-P: Last=None Bid=None Ask=12.32
[01:04:15] Ingest SPY-20MAR26-681-P: Last=None Bid=12.28 Ask=None
[01:04:15] Ingest ETH.PERP: Last=1882.6 Bid=1882.55 Ask=1882.6
[01:04:15] Ingest BTC.PERP: Last=65292.0 Bid=65295.0 Ask=65295.5
[01:04:15] Ingest BTC-6MAR26-66000-C: Last=0.032 Bid=0.0315 Ask=0.0325
[01:04:15] Ingest ETH-6MAR26-1850-P: Last=0.0375 Bid=0.039 Ask=0.04
[01:04:15] Ingest ETH-6MAR26-1900-C: Last=0.0515 Bid=0.042 Ask=0.043
[01:04:15] Ingest ETH: Last=1882.4 Bid=1882.0 Ask=1883.4
[01:04:15] Ingest BTC: Last=65364.0 Bid=65309.0 Ask=65344.0
[01:04:15] Ingest QQQ: Last=None Bid=600.88 Ask=None
[01:04:15] Ingest QQQ: Last=None Bid=None Ask=600.89
[01:04:16] Ingest QQQ-20MAR26-600-P: Last=None Bid=14.18 Ask=None
[01:04:16] Ingest QQQ-20MAR26-600-P: Last=None Bid=None Ask=14.25
[01:04:16] Ingest QQQ-20MAR26-600-P: Last=None Bid=14.18 Ask=None
[01:04:16] Ingest QQQ-20MAR26-600-P: Last=None Bid=None Ask=14.24
[01:04:16] Ingest ETH.PERP: Last=1882.6 Bid=1882.55 Ask=1882.6
[01:04:16] Ingest SPY-20MAR26-682-C: Last=None Bid=13.57 Ask=None
[01:04:16] Ingest SPY-20MAR26-682-C: Last=None Bid=None Ask=13.61
[01:04:16] Ingest BTC.PERP: Last=65292.0 Bid=65295.0 Ask=65295.5
[01:04:16] Ingest ETH-6MAR26-1900-C: Last=0.0515 Bid=0.042 Ask=0.043
[01:04:16] Ingest BTC: Last=65364.0 Bid=65309.0 Ask=65345.0
[01:04:16] Ingest ETH: Last=1882.4 Bid=1882.3 Ask=1883.3
[01:04:16] Ingest ETH.PERP: Last=1882.6 Bid=1882.55 Ask=1882.6
[01:04:16] Ingest BTC.PERP: Last=65292.0 Bid=65295.0 Ask=65295.5
[01:04:16] Ingest SPY: Last=682.015 Bid=None Ask=None
[01:04:16] Ingest SPY: Last=682.015 Bid=None Ask=None
[01:04:16] Ingest SPY: Last=682.02 Bid=None Ask=None
[01:04:16] Ingest SPY: Last=682.01 Bid=None Ask=None
[01:04:16] Ingest ETH.PERP: Last=1882.6 Bid=1882.8 Ask=1882.85
[01:04:16] Ingest QQQ: Last=600.89 Bid=None Ask=None
[01:04:16] Ingest BTC.PERP: Last=65292.0 Bid=65295.0 Ask=65295.5
[01:04:16] Ingest QQQ: Last=600.89 Bid=None Ask=None
[01:04:16] Ingest QQQ: Last=600.89 Bid=None Ask=None
[01:04:16] Ingest QQQ: Last=600.89 Bid=None Ask=None
[01:04:16] Ingest QQQ: Last=600.89 Bid=None Ask=None
[01:04:16] Ingest QQQ: Last=600.89 Bid=None Ask=None
[01:04:16] Ingest SPY: Last=None Bid=682.0 Ask=None
[01:04:16] Ingest SPY: Last=None Bid=None Ask=682.01
[01:04:16] Ingest BTC-6MAR26-65000-P: Last=0.0355 Bid=0.0355 Ask=0.0365
[01:04:16] Ingest SPY-20MAR26-681-P: Last=None Bid=12.28 Ask=None
[01:04:16] Ingest SPY-20MAR26-681-P: Last=None Bid=None Ask=12.31
[01:04:16] Ingest ETH-6MAR26-1900-C: Last=0.0515 Bid=0.042 Ask=0.043
[01:04:16] Ingest BTC: Last=65364.0 Bid=65309.0 Ask=65348.0
[01:04:16] Ingest ETH: Last=1882.4 Bid=1882.5 Ask=1883.5
[01:04:17] Ingest QQQ-20MAR26-600-P: Last=None Bid=None Ask=14.23
[01:04:17] Ingest QQQ-20MAR26-600-P: Last=None Bid=14.17 Ask=None
[01:04:17] Ingest QQQ: Last=None Bid=None Ask=600.9
[01:04:17] Ingest QQQ: Last=None Bid=600.89 Ask=None
[01:04:17] Ingest ETH.PERP: Last=1882.6 Bid=1882.8 Ask=1882.85
[01:04:17] Ingest BTC.PERP: Last=65295.5 Bid=65295.0 Ask=65295.5
[01:04:17] Ingest SPY-20MAR26-682-C: Last=None Bid=13.57 Ask=None
[01:04:17] Ingest SPY-20MAR26-682-C: Last=None Bid=None Ask=13.62
[01:04:17] Ingest SPY-20MAR26-682-C: Last=None Bid=13.57 Ask=None
[01:04:17] Ingest SPY-20MAR26-682-C: Last=None Bid=None Ask=13.61
[01:04:17] Ingest BTC: Last=65364.0 Bid=65309.0 Ask=65343.0
[01:04:17] Ingest ETH: Last=1882.4 Bid=1882.3 Ask=1883.3
[01:04:17] Ingest ETH-6MAR26-1900-C: Last=0.0515 Bid=0.042 Ask=0.043
[01:04:17] Ingest ETH.PERP: Last=1882.6 Bid=1882.75 Ask=1882.8
[01:04:17] Ingest BTC.PERP: Last=65295.5 Bid=65295.0 Ask=65295.5
[01:04:17] Ingest BTC-6MAR26-65000-P: Last=0.0355 Bid=0.0355 Ask=0.0365
[01:04:17] Ingest BTC: Last=65364.0 Bid=65308.0 Ask=65338.0
[01:04:17] Ingest ETH: Last=1882.4 Bid=1882.3 Ask=1883.3
[01:04:17] Ingest SPY: Last=682.005 Bid=None Ask=None
[01:04:17] Ingest SPY: Last=682.005 Bid=None Ask=None
[01:04:17] Ingest SPY: Last=682.01 Bid=None Ask=None
[01:04:17] Ingest SPY: Last=682.01 Bid=None Ask=None
[01:04:17] Ingest SPY: Last=682.01 Bid=None Ask=None
[01:04:17] Ingest SPY: Last=682.01 Bid=None Ask=None
[01:04:17] Ingest SPY: Last=682.01 Bid=None Ask=None
[01:04:17] Ingest SPY: Last=682.02 Bid=None Ask=None
[01:04:17] Ingest SPY: Last=682.02 Bid=None Ask=None
[01:04:17] Ingest SPY: Last=682.02 Bid=None Ask=None
[01:04:17] Ingest SPY: Last=682.03 Bid=None Ask=None
[01:04:17] Ingest SPY: Last=682.045 Bid=None Ask=None
[01:04:17] Ingest ETH.PERP: Last=1882.6 Bid=1882.75 Ask=1882.8
[01:04:17] Ingest BTC.PERP: Last=65295.5 Bid=65295.0 Ask=65295.5
[01:04:17] Ingest BTC: Last=65364.0 Bid=65308.0 Ask=65337.0
[01:04:17] Ingest QQQ: Last=600.92 Bid=None Ask=None
[01:04:17] Ingest QQQ: Last=600.92 Bid=None Ask=None
[01:04:17] Ingest QQQ: Last=600.93 Bid=None Ask=None
[01:04:17] Ingest QQQ: Last=600.93 Bid=None Ask=None
[01:04:17] Ingest QQQ: Last=600.93 Bid=None Ask=None
[01:04:17] Ingest QQQ: Last=600.93 Bid=None Ask=None
[01:04:17] Ingest QQQ: Last=600.925 Bid=None Ask=None
[01:04:17] Ingest QQQ: Last=600.92 Bid=None Ask=None
[01:04:17] Ingest SPY: Last=None Bid=None Ask=682.05
[01:04:17] Ingest SPY: Last=None Bid=682.04 Ask=None
[01:04:17] Ingest SPY-20MAR26-681-P: Last=None Bid=12.27 Ask=None
[01:04:17] Ingest SPY-20MAR26-681-P: Last=None Bid=None Ask=12.3
[01:04:17] Ingest SPY-20MAR26-681-P: Last=None Bid=12.27 Ask=None
[01:04:17] Ingest SPY-20MAR26-681-P: Last=None Bid=None Ask=12.3
[01:04:17] Ingest QQQ: Last=600.91 Bid=None Ask=None
[01:04:18] Ingest QQQ-20MAR26-601-C: Last=None Bid=16.01 Ask=None
[01:04:18] Ingest QQQ-20MAR26-601-C: Last=None Bid=None Ask=16.07
[01:04:18] Ingest QQQ-20MAR26-601-C: Last=None Bid=None Ask=16.06
[01:04:18] Ingest QQQ-20MAR26-601-C: Last=None Bid=16.01 Ask=None
[01:04:18] Ingest QQQ-20MAR26-600-P: Last=None Bid=14.15 Ask=None
[01:04:18] Ingest QQQ-20MAR26-600-P: Last=None Bid=None Ask=14.22
[01:04:18] Ingest QQQ-20MAR26-600-P: Last=None Bid=14.16 Ask=None
[01:04:18] Ingest QQQ-20MAR26-600-P: Last=None Bid=None Ask=14.22
[01:04:18] Ingest ETH.PERP: Last=1882.6 Bid=1882.75 Ask=1882.8
[01:04:18] Ingest BTC.PERP: Last=65295.5 Bid=65295.0 Ask=65295.5
[01:04:18] Ingest QQQ: Last=None Bid=None Ask=600.93
[01:04:18] Ingest QQQ: Last=None Bid=600.92 Ask=None
[01:04:18] Ingest BTC: Last=65364.0 Bid=65308.0 Ask=65337.0
[01:04:18] Ingest SPY-20MAR26-682-C: Last=None Bid=13.57 Ask=None
[01:04:18] Ingest SPY-20MAR26-682-C: Last=None Bid=None Ask=13.62
[01:04:18] Ingest SPY-20MAR26-682-C: Last=None Bid=13.58 Ask=None
[01:04:18] Ingest SPY-20MAR26-682-C: Last=None Bid=None Ask=13.62
[01:04:18] Ingest ETH.PERP: Last=1882.6 Bid=1882.75 Ask=1882.8
[01:04:18] Ingest BTC.PERP: Last=65295.5 Bid=65295.0 Ask=65295.5
[01:04:18] Ingest ETH: Last=1882.4 Bid=1882.3 Ask=1883.3
[01:04:18] Ingest BTC: Last=65364.0 Bid=65309.0 Ask=65342.0
[01:04:18] Ingest SPY: Last=682.05 Bid=None Ask=None
[01:04:18] Ingest SPY: Last=682.035 Bid=None Ask=None
[01:04:18] Ingest SPY: Last=682.035 Bid=None Ask=None
[01:04:18] Ingest SPY: Last=682.03 Bid=None Ask=None
[01:04:18] Ingest SPY: Last=682.045 Bid=None Ask=None
[01:04:18] Ingest SPY: Last=682.045 Bid=None Ask=None
